solid 
facet normal 0.9967312 -0.07205453 -0.036538977
 outer loop
  vertex -21.498037 -32.92971 -9.686181
  vertex -20.841433 -23.846888 -9.686181
  vertex -20.237337 -23.890558 6.878801
 endloop
endfacet
facet normal 0.9967312 -0.072054625 -0.036538918
 outer loop
  vertex -21.498037 -32.92971 -9.686181
  vertex -20.237337 -23.890558 6.878801
  vertex -20.917133 -33.076466 6.449478
 endloop
endfacet
facet normal -0.07210266 -0.99739724 -9.990186e-08
 outer loop
  vertex -20.841433 -23.846888 -9.686181
  vertex -10.990321 -24.559032 -10.047311
  vertex -10.4062195 -24.60126 5.9694166
 endloop
endfacet
facet normal -0.07210281 -0.99739724 -2.9105953e-09
 outer loop
  vertex -20.841433 -23.846888 -9.686181
  vertex -10.4062195 -24.60126 5.9694166
  vertex -20.237337 -23.890558 6.878801
 endloop
endfacet
facet normal -0.9967312 0.07205501 0.036539003
 outer loop
  vertex -10.990321 -24.559032 -10.047311
  vertex -11.009534 -24.8248 -10.047311
  vertex -10.457459 -24.864712 5.091186
 endloop
endfacet
facet normal -0.9967311 0.07205403 0.036538985
 outer loop
  vertex -10.990321 -24.559032 -10.047311
  vertex -10.457459 -24.864712 5.091186
  vertex -10.4062195 -24.60126 5.9694166
 endloop
endfacet
facet normal -0.9967312 0.07205452 0.036538843
 outer loop
  vertex -11.067224 -33.68376 5.848778
  vertex -10.4062195 -24.60126 5.9694166
  vertex -10.457459 -24.864712 5.091186
 endloop
endfacet
facet normal -0.9967313 0.07205438 0.036537137
 outer loop
  vertex -11.067224 -33.68376 5.848778
  vertex -10.457459 -24.864712 5.091186
  vertex -10.806735 -29.696257 5.091188
 endloop
endfacet
facet normal -0.99673116 0.072054714 0.036538944
 outer loop
  vertex -11.410647 -33.658936 -3.5683002
  vertex -11.067224 -33.68376 5.848778
  vertex -10.806735 -29.696257 5.091188
 endloop
endfacet
facet normal -0.9967312 0.07205477 0.036538918
 outer loop
  vertex -11.410647 -33.658936 -3.5683002
  vertex -10.806735 -29.696257 5.091188
  vertex -11.153425 -30.10079 -3.5683002
 endloop
endfacet
facet normal -0.99673116 0.07205428 0.036539
 outer loop
  vertex -10.806735 -29.696257 5.091188
  vertex -11.358809 -29.656345 -10.047311
  vertex -11.389704 -30.083708 -10.047311
 endloop
endfacet
facet normal -0.9967314 0.07205178 0.03653907
 outer loop
  vertex -10.806735 -29.696257 5.091188
  vertex -11.389704 -30.083708 -10.047311
  vertex -11.153425 -30.10079 -3.5683002
 endloop
endfacet
facet normal -0.07210274 -0.99739724 -2.1852941e-07
 outer loop
  vertex -26.499886 -8.734002 -2.773204
  vertex -26.615519 -8.725642 -5.9440026
  vertex -17.436836 -9.389177 -6.2804823
 endloop
endfacet
facet normal -0.07210273 -0.9973972 -2.1852934e-07
 outer loop
  vertex -26.499886 -8.734002 -2.773204
  vertex -17.436836 -9.389177 -6.2804823
  vertex -17.321203 -9.397537 -3.109683
 endloop
endfacet
facet normal -0.07210272 -0.99739724 6.7230435e-09
 outer loop
  vertex 0.0060074925 11.486416 -10.3533
  vertex 11.01673 10.690441 -10.75694
  vertex 11.557822 10.651325 4.080468
 endloop
endfacet
facet normal -0.072102726 -0.99739724 1.7443575e-08
 outer loop
  vertex 0.0060074925 11.486416 -10.3533
  vertex 11.557822 10.651325 4.080468
  vertex 0.5471014 11.4473 4.484108
 endloop
endfacet
facet normal 0.99673116 -0.07205485 -0.036538977
 outer loop
  vertex -9.891109 -24.905653 -10.088311
  vertex -9.772192 -23.260674 -10.088311
  vertex -9.080329 -23.310692 8.883361
 endloop
endfacet
facet normal 0.99673116 -0.0720546 -0.036539003
 outer loop
  vertex -9.891109 -24.905653 -10.088311
  vertex -9.080329 -23.310692 8.883361
  vertex -9.339035 -24.945564 5.0501866
 endloop
endfacet
facet normal 0.99673116 -0.072054595 -0.036539
 outer loop
  vertex -9.339035 -24.945564 5.0501866
  vertex -9.080329 -23.310692 8.883361
  vertex -9.8693075 -34.224632 8.883361
 endloop
endfacet
facet normal 0.99673116 -0.07205438 -0.03653847
 outer loop
  vertex -9.339035 -24.945564 5.0501866
  vertex -9.8693075 -34.224632 8.883361
  vertex -9.688311 -29.77711 5.0501885
 endloop
endfacet
facet normal 0.99673116 -0.07205476 -0.036538914
 outer loop
  vertex -9.688311 -29.77711 5.0501885
  vertex -9.8693075 -34.224632 8.883361
  vertex -10.331186 -34.191242 -3.7819004
 endloop
endfacet
facet normal 0.99673116 -0.07205458 -0.036539
 outer loop
  vertex -9.688311 -29.77711 5.0501885
  vertex -10.331186 -34.191242 -3.7819004
  vertex -10.054538 -30.364363 -3.7819004
 endloop
endfacet
facet normal 0.9967311 -0.07205561 -0.03653909
 outer loop
  vertex -10.054538 -30.364363 -3.7819004
  vertex -10.284522 -30.347736 -10.088311
  vertex -10.240385 -29.737198 -10.088311
 endloop
endfacet
facet normal 0.99673116 -0.07205463 -0.036538996
 outer loop
  vertex -10.054538 -30.364363 -3.7819004
  vertex -10.240385 -29.737198 -10.088311
  vertex -9.688311 -29.77711 5.0501885
 endloop
endfacet
facet normal 0.07210289 0.99739724 1.4769653e-07
 outer loop
  vertex -0.26136932 -30.824547 -10.455094
  vertex -0.04785317 -30.839983 -4.60024
  vertex 6.0196657 -31.27861 -4.822668
 endloop
endfacet
facet normal 0.072102845 0.99739724 1.9511805e-07
 outer loop
  vertex -0.26136932 -30.824547 -10.455094
  vertex 6.0196657 -31.27861 -4.822668
  vertex 5.8061533 -31.263174 -10.677523
 endloop
endfacet
facet normal -0.99673116 0.072054565 0.03653897
 outer loop
  vertex -0.55583656 -34.897915 -10.455094
  vertex -0.34232038 -34.91335 -4.60024
  vertex -0.04785317 -30.839983 -4.60024
 endloop
endfacet
facet normal -0.9967312 0.07205455 0.036538992
 outer loop
  vertex -0.55583656 -34.897915 -10.455094
  vertex -0.04785317 -30.839983 -4.60024
  vertex -0.26136932 -30.824547 -10.455094
 endloop
endfacet
facet normal 0.03644385 -0.0026345574 0.99933225
 outer loop
  vertex 6.0196657 -31.27861 -4.822668
  vertex -0.04785317 -30.839983 -4.60024
  vertex -0.34232038 -34.91335 -4.60024
 endloop
endfacet
facet normal 0.036443852 -0.0026345693 0.99933225
 outer loop
  vertex 6.0196657 -31.27861 -4.822668
  vertex -0.34232038 -34.91335 -4.60024
  vertex 10.316474 -35.68388 -4.9909787
 endloop
endfacet
facet normal 0.036443867 -0.0026345593 0.99933225
 outer loop
  vertex 6.0196657 -31.27861 -4.822668
  vertex 10.316474 -35.68388 -4.9909787
  vertex 11.310928 -21.92759 -4.9909787
 endloop
endfacet
facet normal 0.036443863 -0.0026345602 0.99933225
 outer loop
  vertex 6.0196657 -31.27861 -4.822668
  vertex 11.310928 -21.92759 -4.9909787
  vertex 6.719653 -21.595682 -4.822668
 endloop
endfacet
facet normal 0.07210272 0.99739724 1.9987901e-07
 outer loop
  vertex 6.5061407 -21.580246 -10.677523
  vertex 6.719653 -21.595682 -4.822668
  vertex 11.310928 -21.92759 -4.9909787
 endloop
endfacet
facet normal 0.07210274 0.99739724 1.8745563e-07
 outer loop
  vertex 6.5061407 -21.580246 -10.677523
  vertex 11.310928 -21.92759 -4.9909787
  vertex 11.097415 -21.912153 -10.845834
 endloop
endfacet
facet normal -0.9967312 0.07205458 0.036538355
 outer loop
  vertex 5.8061533 -31.263174 -10.677523
  vertex 6.0196657 -31.27861 -4.822668
  vertex 6.719653 -21.595682 -4.822668
 endloop
endfacet
facet normal -0.99673116 0.07205458 0.03653835
 outer loop
  vertex 5.8061533 -31.263174 -10.677523
  vertex 6.719653 -21.595682 -4.822668
  vertex 6.5061407 -21.580246 -10.677523
 endloop
endfacet
facet normal -0.036443867 0.002634563 -0.99933225
 outer loop
  vertex -0.071428336 -34.932934 0.6372699
  vertex 0.084105216 -32.78144 0.6372699
  vertex 8.203823 -33.36842 0.3396108
 endloop
endfacet
facet normal -0.03644387 0.0026345735 -0.9993323
 outer loop
  vertex -0.071428336 -34.932934 0.6372699
  vertex 8.203823 -33.36842 0.3396108
  vertex 10.5075865 -35.6977 0.24945587
 endloop
endfacet
facet normal -0.036443885 0.0026345598 -0.99933225
 outer loop
  vertex 11.4984255 -21.991417 0.24945587
  vertex 10.5075865 -35.6977 0.24945587
  vertex 8.203823 -33.36842 0.3396108
 endloop
endfacet
facet normal -0.036443878 0.0026345584 -0.9993322
 outer loop
  vertex 11.4984255 -21.991417 0.24945587
  vertex 8.203823 -33.36842 0.3396108
  vertex 9.039128 -21.813633 0.3396108
 endloop
endfacet
facet normal 0.07210278 0.99739724 3.116776e-08
 outer loop
  vertex -10.331186 -34.191242 -3.7819004
  vertex -9.8693075 -34.224632 8.883361
  vertex -8.328984 -34.335983 -3.8552988
 endloop
endfacet
facet normal 0.07210302 0.9973972 6.042495e-08
 outer loop
  vertex -8.328984 -34.335983 -3.8552988
  vertex -9.8693075 -34.224632 8.883361
  vertex 0.21580932 -34.953697 8.513653
 endloop
endfacet
facet normal 0.072103366 0.9973971 -1.8394597e-07
 outer loop
  vertex -8.328984 -34.335983 -3.8552988
  vertex 0.21580932 -34.953697 8.513653
  vertex -0.071428336 -34.932934 0.6372699
 endloop
endfacet
facet normal 0.07210279 0.9973972 9.405321e-07
 outer loop
  vertex -0.071428336 -34.932934 0.6372699
  vertex 10.5075865 -35.6977 0.24945587
  vertex 10.316474 -35.68388 -4.9909787
 endloop
endfacet
facet normal 0.07210246 0.9973972 3.2312175e-07
 outer loop
  vertex -0.071428336 -34.932934 0.6372699
  vertex 10.316474 -35.68388 -4.9909787
  vertex -0.34232038 -34.91335 -4.60024
 endloop
endfacet
facet normal 0.072103105 0.9973972 2.9030267e-07
 outer loop
  vertex -0.071428336 -34.932934 0.6372699
  vertex -0.34232038 -34.91335 -4.60024
  vertex -8.328984 -34.335983 -3.8552988
 endloop
endfacet
facet normal 0.07210306 0.9973972 -2.2056017e-07
 outer loop
  vertex -8.558969 -34.31936 -10.16171
  vertex -8.328984 -34.335983 -3.8552988
  vertex -0.34232038 -34.91335 -4.60024
 endloop
endfacet
facet normal 0.07210304 0.99739724 -1.8308798e-07
 outer loop
  vertex -8.558969 -34.31936 -10.16171
  vertex -0.34232038 -34.91335 -4.60024
  vertex -0.55583656 -34.897915 -10.455094
 endloop
endfacet
facet normal 0.07210274 0.9973971 9.256956e-08
 outer loop
  vertex -8.282319 -30.492477 -10.16171
  vertex -10.284522 -30.347736 -10.088311
  vertex -10.054538 -30.364363 -3.7819004
 endloop
endfacet
facet normal 0.072102785 0.99739724 1.0344287e-07
 outer loop
  vertex -8.282319 -30.492477 -10.16171
  vertex -10.054538 -30.364363 -3.7819004
  vertex -8.052336 -30.509104 -3.8552988
 endloop
endfacet
facet normal 0.9967311 -0.072054796 -0.036538936
 outer loop
  vertex -8.558969 -34.31936 -10.16171
  vertex -8.282319 -30.492477 -10.16171
  vertex -8.052336 -30.509104 -3.8552988
 endloop
endfacet
facet normal 0.9967312 -0.07205458 -0.03653907
 outer loop
  vertex -8.558969 -34.31936 -10.16171
  vertex -8.052336 -30.509104 -3.8552988
  vertex -8.328984 -34.335983 -3.8552988
 endloop
endfacet
facet normal 0.036443878 -0.0026345605 0.9993322
 outer loop
  vertex -10.054538 -30.364363 -3.7819004
  vertex -10.331186 -34.191242 -3.7819004
  vertex -8.328984 -34.335983 -3.8552988
 endloop
endfacet
facet normal 0.036443878 -0.0026345605 0.9993322
 outer loop
  vertex -10.054538 -30.364363 -3.7819004
  vertex -8.328984 -34.335983 -3.8552988
  vertex -8.052336 -30.509104 -3.8552988
 endloop
endfacet
facet normal -0.99673116 0.07205459 0.036538236
 outer loop
  vertex 2.4957588 -6.935369 -10.492662
  vertex 2.0959017 -12.466592 -10.492662
  vertex 2.2750747 -12.479546 -5.5794344
 endloop
endfacet
facet normal -0.99673116 0.07205457 0.036538225
 outer loop
  vertex 2.4957588 -6.935369 -10.492662
  vertex 2.2750747 -12.479546 -5.5794344
  vertex 2.6749318 -6.948322 -5.5794344
 endloop
endfacet
facet normal 0.03644388 -0.0026345602 0.99933225
 outer loop
  vertex 2.6749318 -6.948322 -5.5794344
  vertex 2.2750747 -12.479546 -5.5794344
  vertex 11.909071 -13.175996 -5.9326053
 endloop
endfacet
facet normal 0.03644388 -0.0026345572 0.99933225
 outer loop
  vertex 2.6749318 -6.948322 -5.5794344
  vertex 11.909071 -13.175996 -5.9326053
  vertex 12.308928 -7.644772 -5.9326053
 endloop
endfacet
facet normal -0.07210234 -0.9973972 -2.3343767e-07
 outer loop
  vertex 10.6444645 -13.084576 -10.806043
  vertex 11.729897 -13.163042 -10.845834
  vertex 11.909071 -13.175996 -5.9326053
 endloop
endfacet
facet normal -0.07210413 -0.99739707 2.3302958e-07
 outer loop
  vertex 10.6444645 -13.084576 -10.806043
  vertex 11.909071 -13.175996 -5.9326053
  vertex 10.752529 -13.092387 -7.8426847
 endloop
endfacet
facet normal -0.07210276 -0.9973972 -6.036556e-07
 outer loop
  vertex 10.752529 -13.092387 -7.8426847
  vertex 11.909071 -13.175996 -5.9326053
  vertex 2.2750747 -12.479546 -5.5794344
 endloop
endfacet
facet normal -0.07210263 -0.9973972 -8.960975e-08
 outer loop
  vertex 10.752529 -13.092387 -7.8426847
  vertex 2.2750747 -12.479546 -5.5794344
  vertex 3.2772093 -12.5519905 -7.5686483
 endloop
endfacet
facet normal -0.07210291 -0.9973972 -2.3362634e-07
 outer loop
  vertex 3.2772093 -12.5519905 -7.5686483
  vertex 2.2750747 -12.479546 -5.5794344
  vertex 2.0959017 -12.466592 -10.492662
 endloop
endfacet
facet normal -0.07210317 -0.9973972 -1.2833895e-07
 outer loop
  vertex 3.2772093 -12.5519905 -7.5686483
  vertex 2.0959017 -12.466592 -10.492662
  vertex 3.1691449 -12.544178 -10.532006
 endloop
endfacet
facet normal 0.072102755 0.99739724 6.566092e-09
 outer loop
  vertex 11.205698 -5.3210235 -10.806043
  vertex 3.7303786 -4.780626 -10.532006
  vertex 3.9233599 -4.7945766 -5.2401333
 endloop
endfacet
facet normal 0.07210274 0.9973972 0
 outer loop
  vertex 11.205698 -5.3210235 -10.806043
  vertex 3.9233599 -4.7945766 -5.2401333
  vertex 11.39868 -5.3349743 -5.5141697
 endloop
endfacet
facet normal 0.0721032 0.9973972 8.175537e-09
 outer loop
  vertex 12.308928 -7.644772 -5.9326053
  vertex 12.129753 -7.6318192 -10.845834
  vertex 11.044321 -7.553352 -10.806043
 endloop
endfacet
facet normal 0.07210271 0.99739724 1.3901025e-07
 outer loop
  vertex 12.308928 -7.644772 -5.9326053
  vertex 11.044321 -7.553352 -10.806043
  vertex 11.152386 -7.5611644 -7.8426847
 endloop
endfacet
facet normal 0.07210275 0.9973972 1.1693852e-07
 outer loop
  vertex 2.6749318 -6.948322 -5.5794344
  vertex 12.308928 -7.644772 -5.9326053
  vertex 11.152386 -7.5611644 -7.8426847
 endloop
endfacet
facet normal 0.072102755 0.9973972 1.6292682e-07
 outer loop
  vertex 2.6749318 -6.948322 -5.5794344
  vertex 11.152386 -7.5611644 -7.8426847
  vertex 3.6770663 -7.0207667 -7.5686483
 endloop
endfacet
facet normal 0.072102554 0.9973972 5.295296e-08
 outer loop
  vertex 2.4957588 -6.935369 -10.492662
  vertex 2.6749318 -6.948322 -5.5794344
  vertex 3.6770663 -7.0207667 -7.5686483
 endloop
endfacet
facet normal 0.072102726 0.9973972 -1.6625728e-08
 outer loop
  vertex 2.4957588 -6.935369 -10.492662
  vertex 3.6770663 -7.0207667 -7.5686483
  vertex 3.569002 -7.0129547 -10.532006
 endloop
endfacet
facet normal 0.036443885 -0.002634564 0.9993322
 outer loop
  vertex 3.1122315 -14.834129 -7.5686483
  vertex 10.587551 -15.374526 -7.8426847
  vertex 10.752529 -13.092387 -7.8426847
 endloop
endfacet
facet normal 0.03644388 -0.0026345577 0.9993322
 outer loop
  vertex 3.1122315 -14.834129 -7.5686483
  vertex 10.752529 -13.092387 -7.8426847
  vertex 3.2772093 -12.5519905 -7.5686483
 endloop
endfacet
facet normal 0.03644389 -0.002634575 0.9993323
 outer loop
  vertex 11.152386 -7.5611644 -7.8426847
  vertex 11.26895 -5.9487324 -7.8426847
  vertex 3.7936304 -5.4083347 -7.5686483
 endloop
endfacet
facet normal 0.036443893 -0.0026345588 0.9993323
 outer loop
  vertex 11.152386 -7.5611644 -7.8426847
  vertex 3.7936304 -5.4083347 -7.5686483
  vertex 3.6770663 -7.0207667 -7.5686483
 endloop
endfacet
facet normal 0.03644389 -0.002634573 0.99933225
 outer loop
  vertex 3.1568577 -15.397608 -5.2401333
  vertex 10.632177 -15.9380045 -5.5141697
  vertex 10.672468 -15.380664 -5.5141697
 endloop
endfacet
facet normal 0.036443885 -0.002634575 0.99933225
 outer loop
  vertex 3.1568577 -15.397608 -5.2401333
  vertex 10.672468 -15.380664 -5.5141697
  vertex 3.1971483 -14.840267 -5.2401333
 endloop
endfacet
facet normal 0.9967313 -0.072054714 -0.036537696
 outer loop
  vertex 10.439196 -15.924055 -10.806043
  vertex 10.6444645 -13.084576 -10.806043
  vertex 10.752529 -13.092387 -7.8426847
 endloop
endfacet
facet normal 0.9967312 -0.07205467 -0.036537737
 outer loop
  vertex 10.439196 -15.924055 -10.806043
  vertex 10.752529 -13.092387 -7.8426847
  vertex 10.587551 -15.374526 -7.8426847
 endloop
endfacet
facet normal 0.99673116 -0.07205491 -0.03653906
 outer loop
  vertex 10.587551 -15.374526 -7.8426847
  vertex 10.672468 -15.380664 -5.5141697
  vertex 10.632177 -15.9380045 -5.5141697
 endloop
endfacet
facet normal 0.99673146 -0.07205174 -0.0365383
 outer loop
  vertex 10.587551 -15.374526 -7.8426847
  vertex 10.632177 -15.9380045 -5.5141697
  vertex 10.439196 -15.924055 -10.806043
 endloop
endfacet
facet normal -0.9967312 0.07205444 0.03653763
 outer loop
  vertex 3.7303786 -4.780626 -10.532006
  vertex 3.569002 -7.0129547 -10.532006
  vertex 3.6770663 -7.0207667 -7.5686483
 endloop
endfacet
facet normal -0.99673116 0.07205452 0.03653769
 outer loop
  vertex 3.7303786 -4.780626 -10.532006
  vertex 3.6770663 -7.0207667 -7.5686483
  vertex 3.7936304 -5.4083347 -7.5686483
 endloop
endfacet
facet normal -0.99673116 0.07205423 0.03653899
 outer loop
  vertex 3.7936304 -5.4083347 -7.5686483
  vertex 3.8785472 -5.4144735 -5.2401333
  vertex 3.9233599 -4.7945766 -5.2401333
 endloop
endfacet
facet normal -0.99673104 0.0720571 0.03653823
 outer loop
  vertex 3.7936304 -5.4083347 -7.5686483
  vertex 3.9233599 -4.7945766 -5.2401333
  vertex 3.7303786 -4.780626 -10.532006
 endloop
endfacet
facet normal 0.03644389 -0.0026345204 0.9993322
 outer loop
  vertex 11.353868 -5.954871 -5.5141697
  vertex 11.39868 -5.3349743 -5.5141697
  vertex 3.9233599 -4.7945766 -5.2401333
 endloop
endfacet
facet normal 0.03644388 -0.002634548 0.9993322
 outer loop
  vertex 11.353868 -5.954871 -5.5141697
  vertex 3.9233599 -4.7945766 -5.2401333
  vertex 3.8785472 -5.4144735 -5.2401333
 endloop
endfacet
facet normal 0.072102614 0.9973972 -3.7348514e-07
 outer loop
  vertex 3.1971483 -14.840267 -5.2401333
  vertex 10.672468 -15.380664 -5.5141697
  vertex 10.587551 -15.374526 -7.8426847
 endloop
endfacet
facet normal 0.07210261 0.9973972 -3.820122e-07
 outer loop
  vertex 3.1971483 -14.840267 -5.2401333
  vertex 10.587551 -15.374526 -7.8426847
  vertex 3.1122315 -14.834129 -7.5686483
 endloop
endfacet
facet normal -0.9967312 0.07205449 0.036538217
 outer loop
  vertex 2.9638765 -15.383657 -10.532006
  vertex 3.1568577 -15.397608 -5.2401333
  vertex 3.1971483 -14.840267 -5.2401333
 endloop
endfacet
facet normal -0.9967317 0.072047524 0.03653896
 outer loop
  vertex 2.9638765 -15.383657 -10.532006
  vertex 3.1971483 -14.840267 -5.2401333
  vertex 3.1122315 -14.834129 -7.5686483
 endloop
endfacet
facet normal -0.9967313 0.07205455 0.03653763
 outer loop
  vertex 3.1691449 -12.544178 -10.532006
  vertex 2.9638765 -15.383657 -10.532006
  vertex 3.1122315 -14.834129 -7.5686483
 endloop
endfacet
facet normal -0.9967313 0.072054565 0.03653764
 outer loop
  vertex 3.1691449 -12.544178 -10.532006
  vertex 3.1122315 -14.834129 -7.5686483
  vertex 3.2772093 -12.5519905 -7.5686483
 endloop
endfacet
facet normal -0.07210275 -0.9973972 2.6920978e-07
 outer loop
  vertex 2.9638765 -15.383657 -10.532006
  vertex 10.439196 -15.924055 -10.806043
  vertex 10.632177 -15.9380045 -5.5141697
 endloop
endfacet
facet normal -0.072102614 -0.9973972 7.20394e-08
 outer loop
  vertex 2.9638765 -15.383657 -10.532006
  vertex 10.632177 -15.9380045 -5.5141697
  vertex 3.1568577 -15.397608 -5.2401333
 endloop
endfacet
facet normal 0.9967313 -0.07205347 -0.036538314
 outer loop
  vertex 11.205698 -5.3210235 -10.806043
  vertex 11.39868 -5.3349743 -5.5141697
  vertex 11.353868 -5.954871 -5.5141697
 endloop
endfacet
facet normal 0.9967308 -0.072060056 -0.03653909
 outer loop
  vertex 11.205698 -5.3210235 -10.806043
  vertex 11.353868 -5.954871 -5.5141697
  vertex 11.26895 -5.9487324 -7.8426847
 endloop
endfacet
facet normal 0.9967312 -0.07205456 -0.036537934
 outer loop
  vertex 11.044321 -7.553352 -10.806043
  vertex 11.205698 -5.3210235 -10.806043
  vertex 11.26895 -5.9487324 -7.8426847
 endloop
endfacet
facet normal 0.99673116 -0.07205496 -0.036537718
 outer loop
  vertex 11.044321 -7.553352 -10.806043
  vertex 11.26895 -5.9487324 -7.8426847
  vertex 11.152386 -7.5611644 -7.8426847
 endloop
endfacet
facet normal -0.07210274 -0.9973972 -3.0057876e-08
 outer loop
  vertex 11.26895 -5.9487324 -7.8426847
  vertex 11.353868 -5.954871 -5.5141697
  vertex 3.8785472 -5.4144735 -5.2401333
 endloop
endfacet
facet normal -0.07210274 -0.9973972 -3.7305874e-08
 outer loop
  vertex 11.26895 -5.9487324 -7.8426847
  vertex 3.8785472 -5.4144735 -5.2401333
  vertex 3.7936304 -5.4083347 -7.5686483
 endloop
endfacet
facet normal 0.9967312 -0.072054565 -0.03653906
 outer loop
  vertex -5.989152 0.232834 -3.8186588
  vertex -5.378289 8.682901 -3.8186588
  vertex -5.1992736 8.66996 1.0901419
 endloop
endfacet
facet normal 0.9967312 -0.072054565 -0.036539063
 outer loop
  vertex -5.989152 0.232834 -3.8186588
  vertex -5.1992736 8.66996 1.0901419
  vertex -5.8101363 0.21989281 1.0901419
 endloop
endfacet
facet normal -0.036443602 0.00263454 -0.99933225
 outer loop
  vertex -5.989152 0.232834 -3.8186588
  vertex -6.5691514 0.2747627 -3.797397
  vertex -5.9582887 8.72483 -3.797397
 endloop
endfacet
facet normal -0.036443602 0.0026345395 -0.99933225
 outer loop
  vertex -5.989152 0.232834 -3.8186588
  vertex -5.9582887 8.72483 -3.797397
  vertex -5.378289 8.682901 -3.8186588
 endloop
endfacet
facet normal 0.07210208 0.99739724 5.669364e-08
 outer loop
  vertex -5.378289 8.682901 -3.8186588
  vertex -5.9582887 8.72483 -3.797397
  vertex -5.779273 8.711888 1.111404
 endloop
endfacet
facet normal 0.07210208 0.9973973 5.6693647e-08
 outer loop
  vertex -5.378289 8.682901 -3.8186588
  vertex -5.779273 8.711888 1.111404
  vertex -5.1992736 8.66996 1.0901419
 endloop
endfacet
facet normal 0.036443807 -0.002634555 0.99933225
 outer loop
  vertex -5.1992736 8.66996 1.0901419
  vertex -5.779273 8.711888 1.111404
  vertex -6.390136 0.2618215 1.111404
 endloop
endfacet
facet normal 0.036443803 -0.0026345544 0.99933225
 outer loop
  vertex -5.1992736 8.66996 1.0901419
  vertex -6.390136 0.2618215 1.111404
  vertex -5.8101363 0.21989281 1.0901419
 endloop
endfacet
facet normal -0.072102755 -0.99739724 4.7244697e-09
 outer loop
  vertex -5.989152 0.232834 -3.8186588
  vertex -5.8101363 0.21989281 1.0901419
  vertex -6.390136 0.2618215 1.111404
 endloop
endfacet
facet normal -0.07210276 -0.99739724 4.887382e-09
 outer loop
  vertex -5.989152 0.232834 -3.8186588
  vertex -6.390136 0.2618215 1.111404
  vertex -6.5691514 0.2747627 -3.797397
 endloop
endfacet
facet normal -0.9967311 0.07205459 0.03653852
 outer loop
  vertex -16.13438 -8.860725 -9.818331
  vertex -16.39205 -12.425067 -9.818331
  vertex -16.197397 -12.439138 -4.4806714
 endloop
endfacet
facet normal -0.9967311 0.07205459 0.03653852
 outer loop
  vertex -16.13438 -8.860725 -9.818331
  vertex -16.197397 -12.439138 -4.4806714
  vertex -15.939728 -8.874797 -4.4806714
 endloop
endfacet
facet normal -0.07210265 -0.9973972 9.758323e-07
 outer loop
  vertex -23.353277 -10.084718 4.1006618
  vertex -9.90998 -11.056545 3.6078465
  vertex -9.896281 -11.057535 3.9834807
 endloop
endfacet
facet normal -0.07210266 -0.9973972 9.405612e-07
 outer loop
  vertex -23.353277 -10.084718 4.1006618
  vertex -9.896281 -11.057535 3.9834807
  vertex -23.339579 -10.085708 4.476296
 endloop
endfacet
facet normal 0.036443867 -0.00263456 0.9993322
 outer loop
  vertex -7.5699787 -13.062822 -4.796942
  vertex -7.3123093 -9.498481 -4.796942
  vertex -15.939728 -8.874797 -4.4806714
 endloop
endfacet
facet normal 0.036443867 -0.00263456 0.9993322
 outer loop
  vertex -7.5699787 -13.062822 -4.796942
  vertex -15.939728 -8.874797 -4.4806714
  vertex -16.197397 -12.439138 -4.4806714
 endloop
endfacet
facet normal -0.07210269 -0.9973972 2.4624601e-08
 outer loop
  vertex -16.197397 -12.439138 -4.4806714
  vertex -16.39205 -12.425067 -9.818331
  vertex -14.161792 -12.586294 -9.900089
 endloop
endfacet
facet normal -0.07210265 -0.99739724 3.8594937e-08
 outer loop
  vertex -16.197397 -12.439138 -4.4806714
  vertex -14.161792 -12.586294 -9.900089
  vertex -14.024235 -12.596238 -6.1281
 endloop
endfacet
facet normal -0.07210275 -0.99739724 -1.05486826e-07
 outer loop
  vertex -7.5699787 -13.062822 -4.796942
  vertex -16.197397 -12.439138 -4.4806714
  vertex -14.024235 -12.596238 -6.1281
 endloop
endfacet
facet normal -0.07210272 -0.9973972 -2.6845404e-07
 outer loop
  vertex -7.5699787 -13.062822 -4.796942
  vertex -14.024235 -12.596238 -6.1281
  vertex -9.786642 -12.902577 -6.283445
 endloop
endfacet
facet normal -0.07210295 -0.99739724 6.663479e-08
 outer loop
  vertex -7.7646337 -13.048751 -10.134602
  vertex -7.5699787 -13.062822 -4.796942
  vertex -9.786642 -12.902577 -6.283445
 endloop
endfacet
facet normal -0.072102934 -0.9973972 6.7645274e-08
 outer loop
  vertex -7.7646337 -13.048751 -10.134602
  vertex -9.786642 -12.902577 -6.283445
  vertex -9.9242 -12.892633 -10.055434
 endloop
endfacet
facet normal -0.07210284 -0.9973972 -1.9592609e-07
 outer loop
  vertex -18.375914 -22.379416 -6.2804823
  vertex -27.554596 -21.71588 -5.9440026
  vertex -27.681759 -21.706686 -9.431085
 endloop
endfacet
facet normal -0.07210287 -0.9973972 -1.1871505e-07
 outer loop
  vertex -18.375914 -22.379416 -6.2804823
  vertex -27.681759 -21.706686 -9.431085
  vertex -18.50308 -22.370222 -9.767564
 endloop
endfacet
facet normal 0.99673116 -0.072054595 -0.03653903
 outer loop
  vertex -10.136234 -15.825703 -10.055434
  vertex -9.9242 -12.892633 -10.055434
  vertex -9.786642 -12.902577 -6.283445
 endloop
endfacet
facet normal 0.9967311 -0.072054714 -0.036538944
 outer loop
  vertex -10.136234 -15.825703 -10.055434
  vertex -9.786642 -12.902577 -6.283445
  vertex -9.93206 -14.914144 -6.283445
 endloop
endfacet
facet normal 0.99673116 -0.07205415 -0.036539085
 outer loop
  vertex -9.925139 -15.840962 -4.266992
  vertex -10.136234 -15.825703 -10.055434
  vertex -9.93206 -14.914144 -6.283445
 endloop
endfacet
facet normal 0.99673116 -0.07205435 -0.036539175
 outer loop
  vertex -9.925139 -15.840962 -4.266992
  vertex -9.93206 -14.914144 -6.283445
  vertex -9.858523 -14.919459 -4.266992
 endloop
endfacet
facet normal 0.03644384 -0.0026345623 0.99933225
 outer loop
  vertex -9.786642 -12.902577 -6.283445
  vertex -14.024235 -12.596238 -6.1281
  vertex -14.169653 -14.607804 -6.1281
 endloop
endfacet
facet normal 0.03644384 -0.0026345626 0.99933225
 outer loop
  vertex -9.786642 -12.902577 -6.283445
  vertex -14.169653 -14.607804 -6.1281
  vertex -9.93206 -14.914144 -6.283445
 endloop
endfacet
facet normal 0.036443844 -0.0026345493 0.99933225
 outer loop
  vertex -9.858523 -14.919459 -4.266992
  vertex -14.096116 -14.61312 -4.111647
  vertex -14.162732 -15.534623 -4.111647
 endloop
endfacet
facet normal 0.03644385 -0.002634557 0.99933225
 outer loop
  vertex -9.858523 -14.919459 -4.266992
  vertex -14.162732 -15.534623 -4.111647
  vertex -9.925139 -15.840962 -4.266992
 endloop
endfacet
facet normal 0.0721027 0.99739724 -1.302753e-07
 outer loop
  vertex -9.93206 -14.914144 -6.283445
  vertex -14.169653 -14.607804 -6.1281
  vertex -14.096116 -14.61312 -4.111647
 endloop
endfacet
facet normal 0.0721027 0.99739724 -1.2506428e-07
 outer loop
  vertex -9.93206 -14.914144 -6.283445
  vertex -14.096116 -14.61312 -4.111647
  vertex -9.858523 -14.919459 -4.266992
 endloop
endfacet
facet normal -0.99673116 0.07205434 0.036538914
 outer loop
  vertex -14.373826 -15.519363 -9.900089
  vertex -14.162732 -15.534623 -4.111647
  vertex -14.096116 -14.61312 -4.111647
 endloop
endfacet
facet normal -0.9967313 0.07205274 0.03653917
 outer loop
  vertex -14.373826 -15.519363 -9.900089
  vertex -14.096116 -14.61312 -4.111647
  vertex -14.169653 -14.607804 -6.1281
 endloop
endfacet
facet normal -0.99673116 0.072054595 0.03653872
 outer loop
  vertex -14.161792 -12.586294 -9.900089
  vertex -14.373826 -15.519363 -9.900089
  vertex -14.169653 -14.607804 -6.1281
 endloop
endfacet
facet normal -0.9967311 0.072054714 0.03653878
 outer loop
  vertex -14.161792 -12.586294 -9.900089
  vertex -14.169653 -14.607804 -6.1281
  vertex -14.024235 -12.596238 -6.1281
 endloop
endfacet
facet normal -0.0721027 -0.9973972 7.230945e-08
 outer loop
  vertex -9.925139 -15.840962 -4.266992
  vertex -14.162732 -15.534623 -4.111647
  vertex -14.373826 -15.519363 -9.900089
 endloop
endfacet
facet normal -0.072102726 -0.9973972 8.713442e-08
 outer loop
  vertex -9.925139 -15.840962 -4.266992
  vertex -14.373826 -15.519363 -9.900089
  vertex -10.136234 -15.825703 -10.055434
 endloop
endfacet
facet normal 0.036443807 -0.0026344487 0.9993322
 outer loop
  vertex -17.276428 -8.778166 -3.109683
  vertex -26.455112 -8.114631 -2.773204
  vertex -26.499886 -8.734002 -2.773204
 endloop
endfacet
facet normal 0.036443807 -0.0026345716 0.9993322
 outer loop
  vertex -17.276428 -8.778166 -3.109683
  vertex -26.499886 -8.734002 -2.773204
  vertex -17.321203 -9.397537 -3.109683
 endloop
endfacet
facet normal 0.9967312 -0.0720547 -0.03653872
 outer loop
  vertex -17.436836 -9.389177 -6.2804823
  vertex -18.375914 -22.379416 -6.2804823
  vertex -18.50308 -22.370222 -9.767564
 endloop
endfacet
facet normal 0.99673116 -0.07205471 -0.0365387
 outer loop
  vertex -17.436836 -9.389177 -6.2804823
  vertex -18.50308 -22.370222 -9.767564
  vertex -17.519228 -8.760613 -9.767564
 endloop
endfacet
facet normal 0.9967311 -0.07205474 -0.036538776
 outer loop
  vertex -17.519228 -8.760613 -9.767564
  vertex -17.276428 -8.778166 -3.109683
  vertex -17.321203 -9.397537 -3.109683
 endloop
endfacet
facet normal 0.9967311 -0.07205567 -0.03653886
 outer loop
  vertex -17.519228 -8.760613 -9.767564
  vertex -17.321203 -9.397537 -3.109683
  vertex -17.436836 -9.389177 -6.2804823
 endloop
endfacet
facet normal 0.03644389 -0.0026345653 0.99933225
 outer loop
  vertex -17.436836 -9.389177 -6.2804823
  vertex -26.615519 -8.725642 -5.9440026
  vertex -27.554596 -21.71588 -5.9440026
 endloop
endfacet
facet normal 0.036443885 -0.0026345649 0.9993322
 outer loop
  vertex -17.436836 -9.389177 -6.2804823
  vertex -27.554596 -21.71588 -5.9440026
  vertex -18.375914 -22.379416 -6.2804823
 endloop
endfacet
facet normal -0.07210269 -0.9973972 2.9083023e-07
 outer loop
  vertex -10.008086 -11.049453 0.91766334
  vertex -23.451384 -10.077625 1.4104786
  vertex -23.464142 -10.076703 1.0607429
 endloop
endfacet
facet normal -0.072102696 -0.9973972 -4.0408437e-07
 outer loop
  vertex -10.008086 -11.049453 0.91766334
  vertex -23.464142 -10.076703 1.0607429
  vertex -10.020841 -11.048531 0.5679276
 endloop
endfacet
facet normal -0.99673116 0.072054595 0.036538545
 outer loop
  vertex -23.339579 -10.085708 4.476296
  vertex -23.214025 -8.348931 4.476296
  vertex -23.227724 -8.347941 4.1006618
 endloop
endfacet
facet normal -0.99673116 0.072054595 0.03653854
 outer loop
  vertex -23.339579 -10.085708 4.476296
  vertex -23.227724 -8.347941 4.1006618
  vertex -23.353277 -10.084718 4.1006618
 endloop
endfacet
facet normal -0.036443874 0.0026345605 -0.99933225
 outer loop
  vertex -9.784427 -9.319769 3.6078465
  vertex -9.90998 -11.056545 3.6078465
  vertex -23.353277 -10.084718 4.1006618
 endloop
endfacet
facet normal -0.036443874 0.0026345607 -0.99933225
 outer loop
  vertex -9.784427 -9.319769 3.6078465
  vertex -23.353277 -10.084718 4.1006618
  vertex -23.227724 -8.347941 4.1006618
 endloop
endfacet
facet normal 0.99673116 -0.072054595 -0.036538452
 outer loop
  vertex -9.90998 -11.056545 3.6078465
  vertex -9.784427 -9.319769 3.6078465
  vertex -9.770728 -9.320759 3.9834816
 endloop
endfacet
facet normal 0.99673116 -0.07205457 -0.036538564
 outer loop
  vertex -9.90998 -11.056545 3.6078465
  vertex -9.770728 -9.320759 3.9834816
  vertex -9.896281 -11.057535 3.9834807
 endloop
endfacet
facet normal 0.036443833 -0.0026351062 0.99933225
 outer loop
  vertex -23.339579 -10.085708 4.476296
  vertex -9.896281 -11.057535 3.9834807
  vertex -9.770728 -9.320759 3.9834816
 endloop
endfacet
facet normal 0.036443807 -0.002634556 0.99933225
 outer loop
  vertex -23.339579 -10.085708 4.476296
  vertex -9.770728 -9.320759 3.9834816
  vertex -23.214025 -8.348931 4.476296
 endloop
endfacet
facet normal 0.036443874 -0.0026345605 0.99933225
 outer loop
  vertex -23.32583 -8.340849 1.4104786
  vertex -23.451384 -10.077625 1.4104786
  vertex -10.008086 -11.049453 0.91766334
 endloop
endfacet
facet normal 0.036443874 -0.0026345605 0.99933225
 outer loop
  vertex -23.32583 -8.340849 1.4104786
  vertex -10.008086 -11.049453 0.91766334
  vertex -9.882533 -9.312676 0.91766334
 endloop
endfacet
facet normal 0.99673116 -0.072054595 -0.03653958
 outer loop
  vertex -10.020841 -11.048531 0.5679276
  vertex -9.8952875 -9.311754 0.5679276
  vertex -9.882533 -9.312676 0.91766334
 endloop
endfacet
facet normal 0.99673116 -0.072054595 -0.036539588
 outer loop
  vertex -10.020841 -11.048531 0.5679276
  vertex -9.882533 -9.312676 0.91766334
  vertex -10.008086 -11.049453 0.91766334
 endloop
endfacet
facet normal -0.99673074 0.07205457 0.036550436
 outer loop
  vertex -23.451384 -10.077625 1.4104786
  vertex -23.32583 -8.340849 1.4104786
  vertex -23.338589 -8.339927 1.0607429
 endloop
endfacet
facet normal -0.99673074 0.07205457 0.036550432
 outer loop
  vertex -23.451384 -10.077625 1.4104786
  vertex -23.338589 -8.339927 1.0607429
  vertex -23.464142 -10.076703 1.0607429
 endloop
endfacet
facet normal -0.036443863 0.0026345598 -0.99933225
 outer loop
  vertex -10.020841 -11.048531 0.5679276
  vertex -23.464142 -10.076703 1.0607429
  vertex -23.338589 -8.339927 1.0607429
 endloop
endfacet
facet normal -0.036443863 0.002634555 -0.99933225
 outer loop
  vertex -10.020841 -11.048531 0.5679276
  vertex -23.338589 -8.339927 1.0607429
  vertex -9.8952875 -9.311754 0.5679276
 endloop
endfacet
facet normal -0.9967312 0.07205441 0.036537804
 outer loop
  vertex 7.052724 -3.040688 -7.109129
  vertex 7.912469 8.852196 -7.109129
  vertex 7.783568 8.861514 -10.643854
 endloop
endfacet
facet normal -0.9967312 0.07205457 0.03653836
 outer loop
  vertex 7.052724 -3.040688 -7.109129
  vertex 7.783568 8.861514 -10.643854
  vertex 6.923821 -3.0313697 -10.643854
 endloop
endfacet
facet normal -0.9967311 0.07205456 0.0365394
 outer loop
  vertex 14.053654 8.443552 9.934905
  vertex 14.1994505 10.46036 9.934905
  vertex 13.9876795 8.448321 8.125838
 endloop
endfacet
facet normal -0.9967312 0.07205493 0.036539007
 outer loop
  vertex 13.9876795 8.448321 8.125838
  vertex 14.1994505 10.46036 9.934905
  vertex 13.441613 10.515144 -10.845834
 endloop
endfacet
facet normal -0.996731 0.07205642 0.036539163
 outer loop
  vertex 13.9876795 8.448321 8.125838
  vertex 13.441613 10.515144 -10.845834
  vertex 13.422179 8.453894 -7.3111086
 endloop
endfacet
facet normal -0.99673116 0.07205478 0.0365382
 outer loop
  vertex 13.293277 8.463212 -10.845834
  vertex 13.422179 8.453894 -7.3111086
  vertex 13.441613 10.515144 -10.845834
 endloop
endfacet
facet normal -0.9967312 0.07205457 0.03653917
 outer loop
  vertex 13.9876795 8.448321 8.125838
  vertex 13.422179 8.453894 -7.3111086
  vertex 12.562432 -3.4389899 -7.3111086
 endloop
endfacet
facet normal -0.99673116 0.07205458 0.036539156
 outer loop
  vertex 13.9876795 8.448321 8.125838
  vertex 12.562432 -3.4389899 -7.3111086
  vertex 11.785663 -22.012182 8.125838
 endloop
endfacet
facet normal -0.9967312 0.07205453 0.036538202
 outer loop
  vertex 12.562432 -3.4389899 -7.3111086
  vertex 12.43353 -3.4296715 -10.845834
  vertex 12.129753 -7.6318192 -10.845834
 endloop
endfacet
facet normal -0.9967312 0.07205427 0.036538508
 outer loop
  vertex 12.562432 -3.4389899 -7.3111086
  vertex 12.129753 -7.6318192 -10.845834
  vertex 12.308928 -7.644772 -5.9326053
 endloop
endfacet
facet normal -0.99673116 0.07205442 0.036538973
 outer loop
  vertex 11.785663 -22.012182 8.125838
  vertex 12.562432 -3.4389899 -7.3111086
  vertex 12.308928 -7.644772 -5.9326053
 endloop
endfacet
facet normal -0.9967313 0.0720545 0.036539044
 outer loop
  vertex 11.785663 -22.012182 8.125838
  vertex 12.308928 -7.644772 -5.9326053
  vertex 11.909071 -13.175996 -5.9326053
 endloop
endfacet
facet normal -0.99673116 0.072054684 0.036538526
 outer loop
  vertex 11.909071 -13.175996 -5.9326053
  vertex 11.729897 -13.163042 -10.845834
  vertex 11.414647 -17.523882 -10.845834
 endloop
endfacet
facet normal -0.9967312 0.07205417 0.03653898
 outer loop
  vertex 11.909071 -13.175996 -5.9326053
  vertex 11.414647 -17.523882 -10.845834
  vertex 11.843296 -17.55487 0.90820634
 endloop
endfacet
facet normal -0.9967324 0.0720419 0.03653112
 outer loop
  vertex 11.909071 -13.175996 -5.9326053
  vertex 11.843296 -17.55487 0.90820634
  vertex 11.785663 -22.012182 8.125838
 endloop
endfacet
facet normal -0.99673116 0.07205454 0.03653893
 outer loop
  vertex 11.843296 -17.55487 0.90820634
  vertex 11.547184 -21.650991 0.90820634
  vertex 11.785663 -22.012182 8.125838
 endloop
endfacet
facet normal -0.99673116 0.07205423 0.036538918
 outer loop
  vertex 11.785663 -22.012182 8.125838
  vertex 11.547184 -21.650991 0.90820634
  vertex 11.4984255 -21.991417 0.24945587
 endloop
endfacet
facet normal -0.9967313 0.07205411 0.036538985
 outer loop
  vertex 11.4984255 -21.991417 0.24945587
  vertex 11.547184 -21.650991 0.90820634
  vertex 11.118535 -21.620003 -10.845834
 endloop
endfacet
facet normal -0.99672914 0.07208234 0.036539853
 outer loop
  vertex 11.4984255 -21.991417 0.24945587
  vertex 11.118535 -21.620003 -10.845834
  vertex 11.310928 -21.92759 -4.9909787
 endloop
endfacet
facet normal -0.9967311 0.072055444 0.036538508
 outer loop
  vertex 11.097415 -21.912153 -10.845834
  vertex 11.310928 -21.92759 -4.9909787
  vertex 11.118535 -21.620003 -10.845834
 endloop
endfacet
facet normal -0.99673116 0.07205457 0.036539584
 outer loop
  vertex 11.4984255 -21.991417 0.24945587
  vertex 11.310928 -21.92759 -4.9909787
  vertex 10.316474 -35.68388 -4.9909787
 endloop
endfacet
facet normal -0.9967311 0.07205455 0.036539644
 outer loop
  vertex 11.4984255 -21.991417 0.24945587
  vertex 10.316474 -35.68388 -4.9909787
  vertex 10.5075865 -35.6977 0.24945587
 endloop
endfacet
facet normal -0.072102755 -0.99739724 4.4393534e-08
 outer loop
  vertex 12.562432 -3.4389899 -7.3111086
  vertex 7.052724 -3.040688 -7.109129
  vertex 6.923821 -3.0313697 -10.643854
 endloop
endfacet
facet normal -0.07210275 -0.99739724 2.4387862e-08
 outer loop
  vertex 12.562432 -3.4389899 -7.3111086
  vertex 6.923821 -3.0313697 -10.643854
  vertex 12.43353 -3.4296715 -10.845834
 endloop
endfacet
facet normal 0.07210277 0.99739724 -3.5248075e-08
 outer loop
  vertex 7.912469 8.852196 -7.109129
  vertex 13.422179 8.453894 -7.3111086
  vertex 13.293277 8.463212 -10.845834
 endloop
endfacet
facet normal 0.072102785 0.99739724 0
 outer loop
  vertex 7.912469 8.852196 -7.109129
  vertex 13.293277 8.463212 -10.845834
  vertex 7.783568 8.861514 -10.643854
 endloop
endfacet
facet normal 0.036443915 -0.0026345567 0.99933225
 outer loop
  vertex 13.422179 8.453894 -7.3111086
  vertex 7.912469 8.852196 -7.109129
  vertex 7.052724 -3.040688 -7.109129
 endloop
endfacet
facet normal 0.036443923 -0.0026345646 0.99933225
 outer loop
  vertex 13.422179 8.453894 -7.3111086
  vertex 7.052724 -3.040688 -7.109129
  vertex 12.562432 -3.4389899 -7.3111086
 endloop
endfacet
facet normal 0.99673116 -0.07205458 -0.03653898
 outer loop
  vertex -5.290479 -8.996329 8.633773
  vertex -5.386443 -8.989392 6.0023336
  vertex -4.8243084 -1.2133813 6.0023336
 endloop
endfacet
facet normal 0.99673116 -0.07205459 -0.036538992
 outer loop
  vertex -5.290479 -8.996329 8.633773
  vertex -4.8243084 -1.2133813 6.0023336
  vertex -4.7283444 -1.2203186 8.633773
 endloop
endfacet
facet normal -0.07210305 -0.9973972 -1.4907958e-08
 outer loop
  vertex -7.3123093 -9.498481 -4.796942
  vertex -6.815101 -9.534425 8.83707
  vertex -9.8952875 -9.311754 0.5679276
 endloop
endfacet
facet normal -0.07210168 -0.9973973 -5.326588e-07
 outer loop
  vertex -9.882533 -9.312676 0.91766334
  vertex -9.8952875 -9.311754 0.5679276
  vertex -6.815101 -9.534425 8.83707
 endloop
endfacet
facet normal -0.072102785 -0.99739724 -1.03390335e-07
 outer loop
  vertex -9.882533 -9.312676 0.91766334
  vertex -6.815101 -9.534425 8.83707
  vertex -9.784427 -9.319769 3.6078465
 endloop
endfacet
facet normal -0.07210274 -0.99739724 1.3598005e-07
 outer loop
  vertex -15.939728 -8.874797 -4.4806714
  vertex -7.3123093 -9.498481 -4.796942
  vertex -9.8952875 -9.311754 0.5679276
 endloop
endfacet
facet normal -0.07210262 -0.9973972 -3.1631917e-08
 outer loop
  vertex -15.939728 -8.874797 -4.4806714
  vertex -9.8952875 -9.311754 0.5679276
  vertex -17.276428 -8.778166 -3.109683
 endloop
endfacet
facet normal -0.07210272 -0.9973972 -2.2475172e-07
 outer loop
  vertex -9.770728 -9.320759 3.9834816
  vertex -6.815101 -9.534425 8.83707
  vertex -26.006046 -8.147095 9.540587
 endloop
endfacet
facet normal -0.07210272 -0.9973972 -2.0320103e-07
 outer loop
  vertex -9.770728 -9.320759 3.9834816
  vertex -26.006046 -8.147095 9.540587
  vertex -23.214025 -8.348931 4.476296
 endloop
endfacet
facet normal -0.07210246 -0.9973972 -6.142892e-08
 outer loop
  vertex -23.214025 -8.348931 4.476296
  vertex -26.006046 -8.147095 9.540587
  vertex -26.455112 -8.114631 -2.773204
 endloop
endfacet
facet normal -0.072104916 -0.997397 1.0633485e-06
 outer loop
  vertex -23.214025 -8.348931 4.476296
  vertex -26.455112 -8.114631 -2.773204
  vertex -23.227724 -8.347941 4.1006618
 endloop
endfacet
facet normal -0.0721028 -0.99739724 -2.2335877e-08
 outer loop
  vertex -17.276428 -8.778166 -3.109683
  vertex -17.519228 -8.760613 -9.767564
  vertex -16.13438 -8.860725 -9.818331
 endloop
endfacet
facet normal -0.072102554 -0.99739724 2.0079632e-08
 outer loop
  vertex -17.276428 -8.778166 -3.109683
  vertex -16.13438 -8.860725 -9.818331
  vertex -15.939728 -8.874797 -4.4806714
 endloop
endfacet
facet normal -0.072102666 -0.9973971 1.07526375e-07
 outer loop
  vertex -17.276428 -8.778166 -3.109683
  vertex -9.8952875 -9.311754 0.5679276
  vertex -23.338589 -8.339927 1.0607429
 endloop
endfacet
facet normal -0.07210271 -0.9973972 5.2495153e-08
 outer loop
  vertex -17.276428 -8.778166 -3.109683
  vertex -23.338589 -8.339927 1.0607429
  vertex -26.455112 -8.114631 -2.773204
 endloop
endfacet
facet normal -0.07210257 -0.9973972 -5.912804e-08
 outer loop
  vertex -23.227724 -8.347941 4.1006618
  vertex -26.455112 -8.114631 -2.773204
  vertex -23.338589 -8.339927 1.0607429
 endloop
endfacet
facet normal -0.03750394 -0.9992957 -0.0012668419
 outer loop
  vertex -23.227724 -8.347941 4.1006618
  vertex -23.338589 -8.339927 1.0607429
  vertex -23.32583 -8.340849 1.4104786
 endloop
endfacet
facet normal -0.0721027 -0.9973972 -1.04244734e-07
 outer loop
  vertex -23.227724 -8.347941 4.1006618
  vertex -23.32583 -8.340849 1.4104786
  vertex -9.882533 -9.312676 0.91766334
 endloop
endfacet
facet normal -0.07210271 -0.9973972 -1.04244734e-07
 outer loop
  vertex -23.227724 -8.347941 4.1006618
  vertex -9.882533 -9.312676 0.91766334
  vertex -9.784427 -9.319769 3.6078465
 endloop
endfacet
facet normal -0.07210482 -0.99739707 1.0546055e-06
 outer loop
  vertex -6.815101 -9.534425 8.83707
  vertex -9.770728 -9.320759 3.9834816
  vertex -9.784427 -9.319769 3.6078465
 endloop
endfacet
facet normal 0.99673134 -0.0720517 -0.036539305
 outer loop
  vertex -26.455112 -8.114631 -2.773204
  vertex -26.006046 -8.147095 9.540587
  vertex -26.499886 -8.734002 -2.773204
 endloop
endfacet
facet normal 0.9967312 -0.072054535 -0.036539167
 outer loop
  vertex -26.499886 -8.734002 -2.773204
  vertex -26.006046 -8.147095 9.540587
  vertex -27.008543 -22.014645 9.540587
 endloop
endfacet
facet normal 0.9967312 -0.07205461 -0.036539257
 outer loop
  vertex -26.499886 -8.734002 -2.773204
  vertex -27.008543 -22.014645 9.540587
  vertex -27.554596 -21.71588 -5.9440026
 endloop
endfacet
facet normal 0.99673134 -0.07205269 -0.03653893
 outer loop
  vertex -27.008543 -22.014645 9.540587
  vertex -27.700405 -21.964626 -9.431085
  vertex -27.681759 -21.706686 -9.431085
 endloop
endfacet
facet normal 0.99673826 -0.0719571 -0.03653763
 outer loop
  vertex -27.008543 -22.014645 9.540587
  vertex -27.681759 -21.706686 -9.431085
  vertex -27.554596 -21.71588 -5.9440026
 endloop
endfacet
facet normal 0.99673116 -0.0720547 -0.03653887
 outer loop
  vertex -26.615519 -8.725642 -5.9440026
  vertex -26.499886 -8.734002 -2.773204
  vertex -27.554596 -21.71588 -5.9440026
 endloop
endfacet
facet normal 0.07210278 0.9973972 1.5517693e-07
 outer loop
  vertex -9.772192 -23.260674 -10.088311
  vertex -27.700405 -21.964626 -9.431085
  vertex -27.008543 -22.014645 9.540587
 endloop
endfacet
facet normal 0.07210277 0.9973972 1.5081312e-07
 outer loop
  vertex -9.772192 -23.260674 -10.088311
  vertex -27.008543 -22.014645 9.540587
  vertex -9.080329 -23.310692 8.883361
 endloop
endfacet
facet normal -0.9967311 0.07205467 0.03653895
 outer loop
  vertex -0.071428336 -34.932934 0.6372699
  vertex 0.21580932 -34.953697 8.513653
  vertex 0.37134287 -32.802204 8.513653
 endloop
endfacet
facet normal -0.9967312 0.07205468 0.036538962
 outer loop
  vertex -0.071428336 -34.932934 0.6372699
  vertex 0.37134287 -32.802204 8.513653
  vertex 0.084105216 -32.78144 0.6372699
 endloop
endfacet
facet normal 0.07210239 0.99739724 -1.483e-07
 outer loop
  vertex 0.084105216 -32.78144 0.6372699
  vertex 0.37134287 -32.802204 8.513653
  vertex 8.49106 -33.389183 8.215994
 endloop
endfacet
facet normal 0.07210239 0.99739724 -1.4389045e-07
 outer loop
  vertex 0.084105216 -32.78144 0.6372699
  vertex 8.49106 -33.389183 8.215994
  vertex 8.203823 -33.36842 0.3396108
 endloop
endfacet
facet normal -0.9967312 0.07205455 0.0365389
 outer loop
  vertex 8.203823 -33.36842 0.3396108
  vertex 8.49106 -33.389183 8.215994
  vertex 9.326365 -21.834398 8.215994
 endloop
endfacet
facet normal -0.9967312 0.07205453 0.03653891
 outer loop
  vertex 8.203823 -33.36842 0.3396108
  vertex 9.326365 -21.834398 8.215994
  vertex 9.039128 -21.813633 0.3396108
 endloop
endfacet
facet normal 0.072102405 0.99739724 9.731369e-08
 outer loop
  vertex 9.039128 -21.813633 0.3396108
  vertex 9.326365 -21.834398 8.215994
  vertex 11.785663 -22.012182 8.125838
 endloop
endfacet
facet normal 0.0721024 0.99739724 9.7313695e-08
 outer loop
  vertex 9.039128 -21.813633 0.3396108
  vertex 11.785663 -22.012182 8.125838
  vertex 11.4984255 -21.991417 0.24945587
 endloop
endfacet
facet normal -0.072102316 -0.9973972 9.5533125e-08
 outer loop
  vertex -5.290479 -8.996329 8.633773
  vertex -6.7739086 -8.8890915 8.688153
  vertex -6.8698726 -8.882154 6.0567145
 endloop
endfacet
facet normal -0.07210231 -0.9973972 9.5057814e-08
 outer loop
  vertex -5.290479 -8.996329 8.633773
  vertex -6.8698726 -8.882154 6.0567145
  vertex -5.386443 -8.989392 6.0023336
 endloop
endfacet
facet normal -0.03644397 0.0026345667 -0.9993322
 outer loop
  vertex -5.386443 -8.989392 6.0023336
  vertex -6.8698726 -8.882154 6.0567145
  vertex -6.307738 -1.1061428 6.0567145
 endloop
endfacet
facet normal -0.036443967 0.0026345665 -0.9993322
 outer loop
  vertex -5.386443 -8.989392 6.0023336
  vertex -6.307738 -1.1061428 6.0567145
  vertex -4.8243084 -1.2133813 6.0023336
 endloop
endfacet
facet normal 0.0721028 0.9973972 -2.281388e-08
 outer loop
  vertex -4.8243084 -1.2133813 6.0023336
  vertex -6.307738 -1.1061428 6.0567145
  vertex -6.211774 -1.11308 8.688153
 endloop
endfacet
facet normal 0.0721028 0.9973972 -2.2813875e-08
 outer loop
  vertex -4.8243084 -1.2133813 6.0023336
  vertex -6.211774 -1.11308 8.688153
  vertex -4.7283444 -1.2203186 8.633773
 endloop
endfacet
facet normal 0.036443643 -0.0026345437 0.9993322
 outer loop
  vertex -5.290479 -8.996329 8.633773
  vertex -4.7283444 -1.2203186 8.633773
  vertex -6.211774 -1.11308 8.688153
 endloop
endfacet
facet normal 0.03644365 -0.0026345437 0.9993323
 outer loop
  vertex -5.290479 -8.996329 8.633773
  vertex -6.211774 -1.11308 8.688153
  vertex -6.7739086 -8.8890915 8.688153
 endloop
endfacet
facet normal -0.99673116 0.07205454 0.03653898
 outer loop
  vertex 6.4440484 -21.28208 -10.674472
  vertex 6.8726974 -21.313068 1.0795674
  vertex 7.1688094 -17.216948 1.0795674
 endloop
endfacet
facet normal -0.99673116 0.07205454 0.03653898
 outer loop
  vertex 6.4440484 -21.28208 -10.674472
  vertex 7.1688094 -17.216948 1.0795674
  vertex 6.7401605 -17.185959 -10.674472
 endloop
endfacet
facet normal -0.07210279 -0.9973972 -1.0643469e-07
 outer loop
  vertex 11.118535 -21.620003 -10.845834
  vertex 11.547184 -21.650991 0.90820634
  vertex 6.8726974 -21.313068 1.0795674
 endloop
endfacet
facet normal -0.07210279 -0.9973972 -1.0643469e-07
 outer loop
  vertex 11.118535 -21.620003 -10.845834
  vertex 6.8726974 -21.313068 1.0795674
  vertex 6.4440484 -21.28208 -10.674472
 endloop
endfacet
facet normal 0.072102785 0.9973972 1.0643468e-07
 outer loop
  vertex 11.414647 -17.523882 -10.845834
  vertex 6.7401605 -17.185959 -10.674472
  vertex 7.1688094 -17.216948 1.0795674
 endloop
endfacet
facet normal 0.07210279 0.99739724 1.058944e-07
 outer loop
  vertex 11.414647 -17.523882 -10.845834
  vertex 7.1688094 -17.216948 1.0795674
  vertex 11.843296 -17.55487 0.90820634
 endloop
endfacet
facet normal 0.03644387 -0.0026345584 0.99933225
 outer loop
  vertex 6.8726974 -21.313068 1.0795674
  vertex 11.547184 -21.650991 0.90820634
  vertex 11.843296 -17.55487 0.90820634
 endloop
endfacet
facet normal 0.03644387 -0.0026345586 0.99933225
 outer loop
  vertex 6.8726974 -21.313068 1.0795674
  vertex 11.843296 -17.55487 0.90820634
  vertex 7.1688094 -17.216948 1.0795674
 endloop
endfacet
facet normal -0.03644329 0.0026341148 -0.99933225
 outer loop
  vertex -10.457459 -24.864712 5.091186
  vertex -9.339035 -24.945564 5.0501866
  vertex -9.688311 -29.77711 5.0501885
 endloop
endfacet
facet normal -0.036443286 0.0026341146 -0.99933225
 outer loop
  vertex -10.457459 -24.864712 5.091186
  vertex -9.688311 -29.77711 5.0501885
  vertex -10.806735 -29.696257 5.091188
 endloop
endfacet
facet normal -0.9967312 0.07205447 0.03653873
 outer loop
  vertex -16.22508 -29.734154 -9.870052
  vertex -16.482302 -33.2923 -9.870052
  vertex -16.246025 -33.30938 -3.391041
 endloop
endfacet
facet normal -0.9967311 0.07205507 0.036539067
 outer loop
  vertex -16.22508 -29.734154 -9.870052
  vertex -16.246025 -33.30938 -3.391041
  vertex -15.988802 -29.751236 -3.391041
 endloop
endfacet
facet normal 0.07210328 0.9973972 6.684339e-08
 outer loop
  vertex -10.240385 -29.737198 -10.088311
  vertex -11.358809 -29.656345 -10.047311
  vertex -10.806735 -29.696257 5.091188
 endloop
endfacet
facet normal 0.07210328 0.9973972 6.684339e-08
 outer loop
  vertex -10.240385 -29.737198 -10.088311
  vertex -10.806735 -29.696257 5.091188
  vertex -9.688311 -29.77711 5.0501885
 endloop
endfacet
facet normal -0.07210328 -0.9973972 -6.684339e-08
 outer loop
  vertex -11.009534 -24.8248 -10.047311
  vertex -9.891109 -24.905653 -10.088311
  vertex -9.339035 -24.945564 5.0501866
 endloop
endfacet
facet normal -0.072103284 -0.9973972 -6.662424e-08
 outer loop
  vertex -11.009534 -24.8248 -10.047311
  vertex -9.339035 -24.945564 5.0501866
  vertex -10.457459 -24.864712 5.091186
 endloop
endfacet
facet normal 0.036443878 -0.002634567 0.99933225
 outer loop
  vertex -16.246025 -33.30938 -3.391041
  vertex -11.410647 -33.658936 -3.5683002
  vertex -11.153425 -30.10079 -3.5683002
 endloop
endfacet
facet normal 0.036443885 -0.002634579 0.99933225
 outer loop
  vertex -16.246025 -33.30938 -3.391041
  vertex -11.153425 -30.10079 -3.5683002
  vertex -15.988802 -29.751236 -3.391041
 endloop
endfacet
facet normal 0.07210281 0.9973972 2.1675048e-07
 outer loop
  vertex -16.22508 -29.734154 -9.870052
  vertex -15.988802 -29.751236 -3.391041
  vertex -11.153425 -30.10079 -3.5683002
 endloop
endfacet
facet normal 0.07210282 0.9973972 2.1698742e-07
 outer loop
  vertex -16.22508 -29.734154 -9.870052
  vertex -11.153425 -30.10079 -3.5683002
  vertex -11.389704 -30.083708 -10.047311
 endloop
endfacet
facet normal 0.07210284 0.9973971 4.822795e-07
 outer loop
  vertex -17.187368 -29.022507 -6.825704
  vertex -17.296896 -29.014587 -9.829067
  vertex -20.137907 -28.809208 -9.724919
 endloop
endfacet
facet normal 0.072102845 0.99739724 4.824969e-07
 outer loop
  vertex -17.187368 -29.022507 -6.825704
  vertex -20.137907 -28.809208 -9.724919
  vertex -20.02838 -28.817127 -6.7215557
 endloop
endfacet
facet normal 0.07210282 0.9973972 1.1553803e-06
 outer loop
  vertex -17.347666 -32.22932 -4.874554
  vertex -17.41882 -32.224174 -6.825704
  vertex -20.259832 -32.018795 -6.7215557
 endloop
endfacet
facet normal 0.07210283 0.9973972 1.1553805e-06
 outer loop
  vertex -17.347666 -32.22932 -4.874554
  vertex -20.259832 -32.018795 -6.7215557
  vertex -20.188679 -32.02394 -4.770406
 endloop
endfacet
facet normal 0.07233801 0.99735916 0.006466809
 outer loop
  vertex -20.441305 -33.006104 -9.724919
  vertex -21.498037 -32.92971 -9.686181
  vertex -20.917133 -33.076466 6.449478
 endloop
endfacet
facet normal -0.026004294 0.9996554 0.0035837044
 outer loop
  vertex -20.441305 -33.006104 -9.724919
  vertex -20.917133 -33.076466 6.449478
  vertex -20.260624 -33.019165 -4.770406
 endloop
endfacet
facet normal 0.062066074 0.9980338 0.008728688
 outer loop
  vertex -20.260624 -33.019165 -4.770406
  vertex -20.917133 -33.076466 6.449478
  vertex -11.067224 -33.68376 5.848778
 endloop
endfacet
facet normal 0.07210277 0.9973972 -2.7502838e-07
 outer loop
  vertex -20.260624 -33.019165 -4.770406
  vertex -11.067224 -33.68376 5.848778
  vertex -17.419611 -33.224545 -4.874554
 endloop
endfacet
facet normal 0.07210318 0.9973972 -5.7368585e-08
 outer loop
  vertex -11.410647 -33.658936 -3.5683002
  vertex -16.246025 -33.30938 -3.391041
  vertex -11.067224 -33.68376 5.848778
 endloop
endfacet
facet normal 0.072088785 0.9973982 8.068543e-06
 outer loop
  vertex -11.067224 -33.68376 5.848778
  vertex -16.246025 -33.30938 -3.391041
  vertex -17.419611 -33.224545 -4.874554
 endloop
endfacet
facet normal 0.07209919 0.9973975 -2.1592301e-07
 outer loop
  vertex -17.419611 -33.224545 -4.874554
  vertex -16.246025 -33.30938 -3.391041
  vertex -16.482302 -33.2923 -9.870052
 endloop
endfacet
facet normal 0.07210065 0.9973973 5.895107e-08
 outer loop
  vertex -17.419611 -33.224545 -4.874554
  vertex -16.482302 -33.2923 -9.870052
  vertex -17.600292 -33.211483 -9.829067
 endloop
endfacet
facet normal 0.036443956 -0.0026345502 0.99933225
 outer loop
  vertex -20.188679 -32.02394 -4.770406
  vertex -20.260624 -33.019165 -4.770406
  vertex -17.419611 -33.224545 -4.874554
 endloop
endfacet
facet normal 0.036443956 -0.0026345502 0.99933225
 outer loop
  vertex -20.188679 -32.02394 -4.770406
  vertex -17.419611 -33.224545 -4.874554
  vertex -17.347666 -32.22932 -4.874554
 endloop
endfacet
facet normal -0.9967312 0.072055064 0.0365391
 outer loop
  vertex -20.259832 -32.018795 -6.7215557
  vertex -20.02838 -28.817127 -6.7215557
  vertex -20.137907 -28.809208 -9.724919
 endloop
endfacet
facet normal -0.99673116 0.07205478 0.036538795
 outer loop
  vertex -20.259832 -32.018795 -6.7215557
  vertex -20.137907 -28.809208 -9.724919
  vertex -20.441305 -33.006104 -9.724919
 endloop
endfacet
facet normal -0.99673116 0.07205414 0.03653875
 outer loop
  vertex -20.441305 -33.006104 -9.724919
  vertex -20.260624 -33.019165 -4.770406
  vertex -20.188679 -32.02394 -4.770406
 endloop
endfacet
facet normal -0.9967311 0.07205604 0.036538374
 outer loop
  vertex -20.441305 -33.006104 -9.724919
  vertex -20.188679 -32.02394 -4.770406
  vertex -20.259832 -32.018795 -6.7215557
 endloop
endfacet
facet normal 0.036443952 -0.0026345833 0.9993322
 outer loop
  vertex -20.02838 -28.817127 -6.7215557
  vertex -20.259832 -32.018795 -6.7215557
  vertex -17.41882 -32.224174 -6.825704
 endloop
endfacet
facet normal 0.03644398 -0.0026345635 0.9993322
 outer loop
  vertex -20.02838 -28.817127 -6.7215557
  vertex -17.41882 -32.224174 -6.825704
  vertex -17.187368 -29.022507 -6.825704
 endloop
endfacet
facet normal 0.99673116 -0.07205433 -0.0365391
 outer loop
  vertex -17.600292 -33.211483 -9.829067
  vertex -17.296896 -29.014587 -9.829067
  vertex -17.187368 -29.022507 -6.825704
 endloop
endfacet
facet normal 0.9967312 -0.07205446 -0.036538895
 outer loop
  vertex -17.600292 -33.211483 -9.829067
  vertex -17.187368 -29.022507 -6.825704
  vertex -17.41882 -32.224174 -6.825704
 endloop
endfacet
facet normal 0.9967313 -0.07205415 -0.036538377
 outer loop
  vertex -17.41882 -32.224174 -6.825704
  vertex -17.347666 -32.22932 -4.874554
  vertex -17.419611 -33.224545 -4.874554
 endloop
endfacet
facet normal 0.99673116 -0.0720549 -0.03653876
 outer loop
  vertex -17.41882 -32.224174 -6.825704
  vertex -17.419611 -33.224545 -4.874554
  vertex -17.600292 -33.211483 -9.829067
 endloop
endfacet
facet normal 0.07210272 0.99739724 5.652404e-09
 outer loop
  vertex -26.398493 -2.8781674 -9.428245
  vertex -25.835188 -2.9188893 6.0182104
  vertex -15.975253 -3.6316726 5.656757
 endloop
endfacet
facet normal 0.07210271 0.99739724 1.0330254e-08
 outer loop
  vertex -26.398493 -2.8781674 -9.428245
  vertex -15.975253 -3.6316726 5.656757
  vertex -16.538557 -3.5909507 -9.789698
 endloop
endfacet
facet normal -0.07210269 -0.9973972 -1.1709304e-09
 outer loop
  vertex -7.9895625 -1.756985 -10.09663
  vertex -6.953755 -1.8318644 -10.134602
  vertex -6.395899 -1.8721923 5.1624546
 endloop
endfacet
facet normal -0.07210269 -0.9973972 -9.367443e-10
 outer loop
  vertex -7.9895625 -1.756985 -10.09663
  vertex -6.395899 -1.8721923 5.1624546
  vertex -7.4317064 -1.7973129 5.200426
 endloop
endfacet
facet normal 0.07210289 0.9973972 -4.6837195e-10
 outer loop
  vertex -7.3717847 -7.614468 -10.134602
  vertex -8.407593 -7.5395885 -10.09663
  vertex -7.849736 -7.5799165 5.200426
 endloop
endfacet
facet normal 0.07210291 0.9973972 7.025583e-10
 outer loop
  vertex -7.3717847 -7.614468 -10.134602
  vertex -7.849736 -7.5799165 5.200426
  vertex -6.8139286 -7.654796 5.1624546
 endloop
endfacet
facet normal -0.036443897 0.0026345628 -0.9993322
 outer loop
  vertex -6.8139286 -7.654796 5.1624546
  vertex -7.849736 -7.5799165 5.200426
  vertex -7.4317064 -1.7973129 5.200426
 endloop
endfacet
facet normal -0.036443897 0.0026345628 -0.9993322
 outer loop
  vertex -6.8139286 -7.654796 5.1624546
  vertex -7.4317064 -1.7973129 5.200426
  vertex -6.395899 -1.8721923 5.1624546
 endloop
endfacet
facet normal 0.07210281 0.99739724 2.7544005e-09
 outer loop
  vertex -16.83269 -7.65969 -9.789698
  vertex -16.269384 -7.700412 5.656757
  vertex -8.460031 -8.264957 -10.09663
 endloop
endfacet
facet normal 0.07210241 0.9973972 -2.0874422e-08
 outer loop
  vertex -7.7773137 -8.314311 8.62423
  vertex -8.460031 -8.264957 -10.09663
  vertex -9.490353 -8.1904745 6.233784
 endloop
endfacet
facet normal 0.07210273 0.99739724 -2.4367714e-07
 outer loop
  vertex -7.7773137 -8.314311 8.62423
  vertex -9.490353 -8.1904745 6.233784
  vertex -9.423317 -8.19532 8.071955
 endloop
endfacet
facet normal 0.07210269 0.9973972 -1.277387e-07
 outer loop
  vertex -26.009909 -6.996261 9.292616
  vertex -7.7773137 -8.314311 8.62423
  vertex -9.423317 -8.19532 8.071955
 endloop
endfacet
facet normal 0.07210259 0.9973972 -1.4527393e-06
 outer loop
  vertex -26.009909 -6.996261 9.292616
  vertex -9.423317 -8.19532 8.071955
  vertex -14.767263 -7.809002 8.267858
 endloop
endfacet
facet normal 0.07210273 0.9973972 7.725868e-08
 outer loop
  vertex -26.009909 -6.996261 9.292616
  vertex -14.767263 -7.809002 8.267858
  vertex -26.12932 -6.9876285 6.0182104
 endloop
endfacet
facet normal 0.07210272 0.9973972 2.1709914e-07
 outer loop
  vertex -16.269384 -7.700412 5.656757
  vertex -26.12932 -6.9876285 6.0182104
  vertex -14.767263 -7.809002 8.267858
 endloop
endfacet
facet normal 0.07210297 0.99739724 4.38207e-08
 outer loop
  vertex -16.269384 -7.700412 5.656757
  vertex -14.767263 -7.809002 8.267858
  vertex -14.834298 -7.804156 6.4296865
 endloop
endfacet
facet normal 0.07210294 0.9973972 7.471777e-08
 outer loop
  vertex -8.460031 -8.264957 -10.09663
  vertex -16.269384 -7.700412 5.656757
  vertex -14.834298 -7.804156 6.4296865
 endloop
endfacet
facet normal 0.07210275 0.9973972 0
 outer loop
  vertex -8.460031 -8.264957 -10.09663
  vertex -14.834298 -7.804156 6.4296865
  vertex -9.490353 -8.1904745 6.233784
 endloop
endfacet
facet normal 0.07210269 0.99739724 1.6809711e-08
 outer loop
  vertex -14.747334 -6.601175 6.4296865
  vertex -14.680298 -6.606021 8.267858
  vertex -9.336353 -6.992339 8.071955
 endloop
endfacet
facet normal 0.072102666 0.99739724 5.477322e-08
 outer loop
  vertex -14.747334 -6.601175 6.4296865
  vertex -9.336353 -6.992339 8.071955
  vertex -9.403388 -6.987493 6.233784
 endloop
endfacet
facet normal -0.9967311 0.0720554 0.036538914
 outer loop
  vertex -14.834298 -7.804156 6.4296865
  vertex -14.767263 -7.809002 8.267858
  vertex -14.680298 -6.606021 8.267858
 endloop
endfacet
facet normal -0.99673116 0.07205461 0.036539435
 outer loop
  vertex -14.834298 -7.804156 6.4296865
  vertex -14.680298 -6.606021 8.267858
  vertex -14.747334 -6.601175 6.4296865
 endloop
endfacet
facet normal 0.036443904 -0.0026345926 0.99933225
 outer loop
  vertex -9.336353 -6.992339 8.071955
  vertex -14.680298 -6.606021 8.267858
  vertex -14.767263 -7.809002 8.267858
 endloop
endfacet
facet normal 0.0364439 -0.0026345362 0.99933225
 outer loop
  vertex -9.336353 -6.992339 8.071955
  vertex -14.767263 -7.809002 8.267858
  vertex -9.423317 -8.19532 8.071955
 endloop
endfacet
facet normal -0.036443815 0.002634557 -0.99933225
 outer loop
  vertex -14.834298 -7.804156 6.4296865
  vertex -14.747334 -6.601175 6.4296865
  vertex -9.403388 -6.987493 6.233784
 endloop
endfacet
facet normal -0.036443815 0.002634556 -0.9993323
 outer loop
  vertex -14.834298 -7.804156 6.4296865
  vertex -9.403388 -6.987493 6.233784
  vertex -9.490353 -8.1904745 6.233784
 endloop
endfacet
facet normal 0.99673116 -0.072054595 -0.03653893
 outer loop
  vertex -9.490353 -8.1904745 6.233784
  vertex -9.403388 -6.987493 6.233784
  vertex -9.336353 -6.992339 8.071955
 endloop
endfacet
facet normal 0.99673116 -0.07205383 -0.036539428
 outer loop
  vertex -9.490353 -8.1904745 6.233784
  vertex -9.336353 -6.992339 8.071955
  vertex -9.423317 -8.19532 8.071955
 endloop
endfacet
facet normal 0.03644388 -0.0026345558 0.99933225
 outer loop
  vertex -25.835188 -2.9188893 6.0182104
  vertex -26.12932 -6.9876285 6.0182104
  vertex -16.269384 -7.700412 5.656757
 endloop
endfacet
facet normal 0.03644388 -0.0026345477 0.99933225
 outer loop
  vertex -25.835188 -2.9188893 6.0182104
  vertex -16.269384 -7.700412 5.656757
  vertex -15.975253 -3.6316726 5.656757
 endloop
endfacet
facet normal 0.99673116 -0.07205422 -0.03653892
 outer loop
  vertex -16.538557 -3.5909507 -9.789698
  vertex -15.975253 -3.6316726 5.656757
  vertex -16.269384 -7.700412 5.656757
 endloop
endfacet
facet normal 0.99673116 -0.07205446 -0.03653898
 outer loop
  vertex -16.538557 -3.5909507 -9.789698
  vertex -16.269384 -7.700412 5.656757
  vertex -16.83269 -7.65969 -9.789698
 endloop
endfacet
facet normal 0.9967311 -0.07205479 -0.036539085
 outer loop
  vertex -23.275715 0.8709381 -6.166175
  vertex -23.479885 -1.953341 -6.166175
  vertex -23.602476 -1.9444789 -9.527749
 endloop
endfacet
facet normal 0.9967311 -0.07205478 -0.03653909
 outer loop
  vertex -23.275715 0.8709381 -6.166175
  vertex -23.602476 -1.9444789 -9.527749
  vertex -23.398306 0.8798003 -9.527749
 endloop
endfacet
facet normal 0.036443923 -0.002634571 0.99933225
 outer loop
  vertex -23.275715 0.8709381 -6.166175
  vertex -25.990051 1.0671599 -6.0666704
  vertex -26.194221 -1.7571193 -6.0666704
 endloop
endfacet
facet normal 0.036443923 -0.0026345716 0.99933225
 outer loop
  vertex -23.275715 0.8709381 -6.166175
  vertex -26.194221 -1.7571193 -6.0666704
  vertex -23.479885 -1.953341 -6.166175
 endloop
endfacet
facet normal -0.0721027 -0.9973972 2.1350154e-08
 outer loop
  vertex -23.602476 -1.9444789 -9.527749
  vertex -23.479885 -1.953341 -6.166175
  vertex -26.194221 -1.7571193 -6.0666704
 endloop
endfacet
facet normal -0.07210275 -0.9973972 -1.7486805e-08
 outer loop
  vertex -23.602476 -1.9444789 -9.527749
  vertex -26.194221 -1.7571193 -6.0666704
  vertex -26.31681 -1.7482572 -9.428245
 endloop
endfacet
facet normal 0.072102726 0.9973972 -4.4733652e-09
 outer loop
  vertex -25.990051 1.0671599 -6.0666704
  vertex -23.275715 0.8709381 -6.166175
  vertex -23.398306 0.8798003 -9.527749
 endloop
endfacet
facet normal 0.07210275 0.9973972 1.9520154e-08
 outer loop
  vertex -25.990051 1.0671599 -6.0666704
  vertex -23.398306 0.8798003 -9.527749
  vertex -26.11264 1.076022 -9.428245
 endloop
endfacet
facet normal 0.99673116 -0.07205463 -0.036539003
 outer loop
  vertex -25.047407 1.3449159 -3.0042384
  vertex -25.156672 1.3528147 -6.000389
  vertex -24.364141 12.315878 -6.000389
 endloop
endfacet
facet normal 0.99673116 -0.072054625 -0.03653901
 outer loop
  vertex -25.047407 1.3449159 -3.0042384
  vertex -24.364141 12.315878 -6.000389
  vertex -24.254877 12.307979 -3.0042384
 endloop
endfacet
facet normal 0.99673116 -0.072054535 -0.03653907
 outer loop
  vertex -11.1080265 11.357582 -6.4863424
  vertex -11.900556 0.3945183 -6.4863424
  vertex -12.02664 0.403633 -9.943708
 endloop
endfacet
facet normal 0.99673116 -0.07205454 -0.036539067
 outer loop
  vertex -11.1080265 11.357582 -6.4863424
  vertex -12.02664 0.403633 -9.943708
  vertex -11.234111 11.366696 -9.943708
 endloop
endfacet
facet normal 0.07210268 0.9973972 -1.3779896e-07
 outer loop
  vertex -24.364141 12.315878 -6.000389
  vertex -11.1080265 11.357582 -6.4863424
  vertex -11.234111 11.366696 -9.943708
 endloop
endfacet
facet normal 0.07210271 0.9973972 -5.8619737e-08
 outer loop
  vertex -24.364141 12.315878 -6.000389
  vertex -11.234111 11.366696 -9.943708
  vertex -25.295235 12.383187 -9.428245
 endloop
endfacet
facet normal 0.07210302 0.9973972 -2.6784384e-09
 outer loop
  vertex -25.295235 12.383187 -9.428245
  vertex -25.059887 12.366174 -2.9747276
  vertex -24.254877 12.307979 -3.0042384
 endloop
endfacet
facet normal 0.07210186 0.9973973 1.873064e-07
 outer loop
  vertex -25.295235 12.383187 -9.428245
  vertex -24.254877 12.307979 -3.0042384
  vertex -24.364141 12.315878 -6.000389
 endloop
endfacet
facet normal 0.03644387 -0.002634558 0.9993322
 outer loop
  vertex -11.900556 0.3945183 -6.4863424
  vertex -11.1080265 11.357582 -6.4863424
  vertex -24.364141 12.315878 -6.000389
 endloop
endfacet
facet normal 0.036443863 -0.0026345607 0.9993322
 outer loop
  vertex -11.900556 0.3945183 -6.4863424
  vertex -24.364141 12.315878 -6.000389
  vertex -25.156672 1.3528147 -6.000389
 endloop
endfacet
facet normal 0.03644392 -0.0026345649 0.99933225
 outer loop
  vertex -25.047407 1.3449159 -3.0042384
  vertex -24.254877 12.307979 -3.0042384
  vertex -25.059887 12.366174 -2.9747276
 endloop
endfacet
facet normal 0.036443923 -0.0026345649 0.99933225
 outer loop
  vertex -25.047407 1.3449159 -3.0042384
  vertex -25.059887 12.366174 -2.9747276
  vertex -25.852417 1.4031107 -2.9747276
 endloop
endfacet
facet normal -0.07210273 -0.9973972 3.6538175e-09
 outer loop
  vertex -25.156672 1.3528147 -6.000389
  vertex -25.047407 1.3449159 -3.0042384
  vertex -25.852417 1.4031107 -2.9747276
 endloop
endfacet
facet normal -0.07210278 -0.9973972 -6.6068178e-09
 outer loop
  vertex -25.156672 1.3528147 -6.000389
  vertex -25.852417 1.4031107 -2.9747276
  vertex -26.087765 1.4201243 -9.428245
 endloop
endfacet
facet normal -0.07210273 -0.9973972 -1.5876177e-08
 outer loop
  vertex -25.156672 1.3528147 -6.000389
  vertex -26.087765 1.4201243 -9.428245
  vertex -12.02664 0.403633 -9.943708
 endloop
endfacet
facet normal -0.07210273 -0.99739724 1.0201334e-08
 outer loop
  vertex -25.156672 1.3528147 -6.000389
  vertex -12.02664 0.403633 -9.943708
  vertex -11.900556 0.3945183 -6.4863424
 endloop
endfacet
facet normal -0.07210282 -0.99739724 2.817366e-08
 outer loop
  vertex -25.079779 12.60206 -3.982483
  vertex -25.278376 12.616417 -9.428245
  vertex -21.892475 12.371647 -9.552368
 endloop
endfacet
facet normal -0.07210281 -0.99739724 2.8173655e-08
 outer loop
  vertex -25.079779 12.60206 -3.982483
  vertex -21.892475 12.371647 -9.552368
  vertex -21.693878 12.35729 -4.106606
 endloop
endfacet
facet normal 0.036443874 -0.002634563 0.9993322
 outer loop
  vertex -24.587597 19.410404 -3.982483
  vertex -25.079779 12.60206 -3.982483
  vertex -21.693878 12.35729 -4.106606
 endloop
endfacet
facet normal 0.03644388 -0.0026345626 0.9993322
 outer loop
  vertex -24.587597 19.410404 -3.982483
  vertex -21.693878 12.35729 -4.106606
  vertex -21.201696 19.165636 -4.106606
 endloop
endfacet
facet normal 0.9967312 -0.07205428 -0.03653905
 outer loop
  vertex -21.426254 17.12636 -6.210821
  vertex -21.548115 17.13517 -9.552368
  vertex -21.400293 19.179993 -9.552368
 endloop
endfacet
facet normal 0.9967312 -0.07205405 -0.036538914
 outer loop
  vertex -21.426254 17.12636 -6.210821
  vertex -21.400293 19.179993 -9.552368
  vertex -21.201696 19.165636 -4.106606
 endloop
endfacet
facet normal 0.99673116 -0.07205464 -0.03653834
 outer loop
  vertex -21.426254 17.12636 -6.210821
  vertex -21.201696 19.165636 -4.106606
  vertex -21.693878 12.35729 -4.106606
 endloop
endfacet
facet normal 0.99673116 -0.07205479 -0.036538675
 outer loop
  vertex -21.426254 17.12636 -6.210821
  vertex -21.693878 12.35729 -4.106606
  vertex -21.667667 13.786901 -6.210821
 endloop
endfacet
facet normal 0.99673116 -0.072055146 -0.036538914
 outer loop
  vertex -21.667667 13.786901 -6.210821
  vertex -21.693878 12.35729 -4.106606
  vertex -21.892475 12.371647 -9.552368
 endloop
endfacet
facet normal 0.99673116 -0.07205486 -0.036539033
 outer loop
  vertex -21.667667 13.786901 -6.210821
  vertex -21.892475 12.371647 -9.552368
  vertex -21.789528 13.795711 -9.552368
 endloop
endfacet
facet normal 0.03644395 -0.002634573 0.99933225
 outer loop
  vertex -19.463358 16.98446 -6.2827787
  vertex -21.426254 17.12636 -6.210821
  vertex -21.667667 13.786901 -6.210821
 endloop
endfacet
facet normal 0.03644395 -0.002634573 0.99933225
 outer loop
  vertex -19.463358 16.98446 -6.2827787
  vertex -21.667667 13.786901 -6.210821
  vertex -19.704771 13.645002 -6.2827787
 endloop
endfacet
facet normal 0.036443762 -0.0026345595 0.99933225
 outer loop
  vertex -18.765575 16.934017 -3.6879554
  vertex -19.367926 16.977562 -3.665874
  vertex -19.609339 13.6381035 -3.665874
 endloop
endfacet
facet normal 0.036443762 -0.0026345593 0.99933225
 outer loop
  vertex -18.765575 16.934017 -3.6879554
  vertex -19.609339 13.6381035 -3.665874
  vertex -19.006989 13.594559 -3.6879554
 endloop
endfacet
facet normal 0.07210329 0.9973972 8.5811145e-08
 outer loop
  vertex -19.367926 16.977562 -3.665874
  vertex -18.765575 16.934017 -3.6879554
  vertex -18.982868 16.949726 -9.646406
 endloop
endfacet
facet normal 0.07210223 0.99739724 1.7066746e-08
 outer loop
  vertex -19.367926 16.977562 -3.665874
  vertex -18.982868 16.949726 -9.646406
  vertex -19.463358 16.98446 -6.2827787
 endloop
endfacet
facet normal 0.0721027 0.9973972 8.571102e-08
 outer loop
  vertex -19.463358 16.98446 -6.2827787
  vertex -18.982868 16.949726 -9.646406
  vertex -21.548115 17.13517 -9.552368
 endloop
endfacet
facet normal 0.07210253 0.9973972 1.9828558e-07
 outer loop
  vertex -19.463358 16.98446 -6.2827787
  vertex -21.548115 17.13517 -9.552368
  vertex -21.426254 17.12636 -6.210821
 endloop
endfacet
facet normal -0.9967312 0.07205479 0.036538366
 outer loop
  vertex -19.367926 16.977562 -3.665874
  vertex -19.463358 16.98446 -6.2827787
  vertex -19.704771 13.645002 -6.2827787
 endloop
endfacet
facet normal -0.9967312 0.07205479 0.036538366
 outer loop
  vertex -19.367926 16.977562 -3.665874
  vertex -19.704771 13.645002 -6.2827787
  vertex -19.609339 13.6381035 -3.665874
 endloop
endfacet
facet normal -0.07210328 -0.9973972 7.366318e-08
 outer loop
  vertex -19.224281 13.610267 -9.646406
  vertex -19.006989 13.594559 -3.6879554
  vertex -19.609339 13.6381035 -3.665874
 endloop
endfacet
facet normal -0.07210379 -0.9973971 4.0459955e-08
 outer loop
  vertex -19.224281 13.610267 -9.646406
  vertex -19.609339 13.6381035 -3.665874
  vertex -19.704771 13.645002 -6.2827787
 endloop
endfacet
facet normal -0.072102696 -0.9973972 1.9826085e-07
 outer loop
  vertex -21.789528 13.795711 -9.552368
  vertex -19.224281 13.610267 -9.646406
  vertex -19.704771 13.645002 -6.2827787
 endloop
endfacet
facet normal -0.07210252 -0.9973972 9.051553e-08
 outer loop
  vertex -21.789528 13.795711 -9.552368
  vertex -19.704771 13.645002 -6.2827787
  vertex -21.667667 13.786901 -6.210821
 endloop
endfacet
facet normal 0.99673116 -0.072054796 -0.03653876
 outer loop
  vertex -18.982868 16.949726 -9.646406
  vertex -18.765575 16.934017 -3.6879554
  vertex -19.006989 13.594559 -3.6879554
 endloop
endfacet
facet normal 0.99673116 -0.07205477 -0.03653875
 outer loop
  vertex -18.982868 16.949726 -9.646406
  vertex -19.006989 13.594559 -3.6879554
  vertex -19.224281 13.610267 -9.646406
 endloop
endfacet
facet normal -0.07210281 -0.99739724 5.1932187e-08
 outer loop
  vertex -19.895329 20.139715 3.439746
  vertex -20.136803 20.157171 -3.1817248
  vertex -10.856643 19.4863 -3.5219245
 endloop
endfacet
facet normal -0.072102815 -0.99739724 4.1787295e-08
 outer loop
  vertex -19.895329 20.139715 3.439746
  vertex -10.856643 19.4863 -3.5219245
  vertex -10.61517 19.468843 3.0995464
 endloop
endfacet
facet normal -0.0721023 -0.99739724 -3.5745096e-08
 outer loop
  vertex -10.933485 18.423336 -3.5219245
  vertex -6.5536 18.106712 -10.09663
  vertex -5.8708835 18.057358 8.62423
 endloop
endfacet
facet normal -0.072102465 -0.9973972 2.7208994e-08
 outer loop
  vertex -10.933485 18.423336 -3.5219245
  vertex -5.8708835 18.057358 8.62423
  vertex -10.692012 18.40588 3.0995464
 endloop
endfacet
facet normal -0.07210262 -0.9973972 1.6470591e-07
 outer loop
  vertex -10.692012 18.40588 3.0995464
  vertex -5.8708835 18.057358 8.62423
  vertex -24.103477 19.375406 9.292616
 endloop
endfacet
facet normal -0.07210282 -0.99739724 -2.696627e-07
 outer loop
  vertex -10.692012 18.40588 3.0995464
  vertex -24.103477 19.375406 9.292616
  vertex -19.972172 19.076752 3.439746
 endloop
endfacet
facet normal -0.072102726 -0.99739724 -3.1214026e-07
 outer loop
  vertex -6.5536 18.106712 -10.09663
  vertex -10.933485 18.423336 -3.5219245
  vertex -21.400293 19.179993 -9.552368
 endloop
endfacet
facet normal -0.07210281 -0.9973972 -1.5979897e-07
 outer loop
  vertex -21.400293 19.179993 -9.552368
  vertex -10.933485 18.423336 -3.5219245
  vertex -20.213646 19.094208 -3.1817248
 endloop
endfacet
facet normal -0.07210406 -0.99739707 7.2924735e-08
 outer loop
  vertex -21.400293 19.179993 -9.552368
  vertex -20.213646 19.094208 -3.1817248
  vertex -21.201696 19.165636 -4.106606
 endloop
endfacet
facet normal -0.0721025 -0.9973972 -4.715599e-08
 outer loop
  vertex -24.103477 19.375406 9.292616
  vertex -24.587597 19.410404 -3.982483
  vertex -19.972172 19.076752 3.439746
 endloop
endfacet
facet normal -0.07210226 -0.99739724 -1.989066e-07
 outer loop
  vertex -19.972172 19.076752 3.439746
  vertex -24.587597 19.410404 -3.982483
  vertex -21.201696 19.165636 -4.106606
 endloop
endfacet
facet normal -0.07210409 -0.9973971 9.878439e-08
 outer loop
  vertex -19.972172 19.076752 3.439746
  vertex -21.201696 19.165636 -4.106606
  vertex -20.213646 19.094208 -3.1817248
 endloop
endfacet
facet normal 0.036443878 -0.002634584 0.99933225
 outer loop
  vertex -20.136803 20.157171 -3.1817248
  vertex -20.213646 19.094208 -3.1817248
  vertex -10.933485 18.423336 -3.5219245
 endloop
endfacet
facet normal 0.036443885 -0.0026345518 0.99933225
 outer loop
  vertex -20.136803 20.157171 -3.1817248
  vertex -10.933485 18.423336 -3.5219245
  vertex -10.856643 19.4863 -3.5219245
 endloop
endfacet
facet normal -0.99673116 0.07205433 0.036538955
 outer loop
  vertex -10.61517 19.468843 3.0995464
  vertex -10.856643 19.4863 -3.5219245
  vertex -10.933485 18.423336 -3.5219245
 endloop
endfacet
facet normal -0.99673116 0.07205433 0.036538955
 outer loop
  vertex -10.61517 19.468843 3.0995464
  vertex -10.933485 18.423336 -3.5219245
  vertex -10.692012 18.40588 3.0995464
 endloop
endfacet
facet normal -0.03644386 0.00263455 -0.99933225
 outer loop
  vertex -10.61517 19.468843 3.0995464
  vertex -10.692012 18.40588 3.0995464
  vertex -19.972172 19.076752 3.439746
 endloop
endfacet
facet normal -0.03644386 0.0026345826 -0.99933225
 outer loop
  vertex -10.61517 19.468843 3.0995464
  vertex -19.972172 19.076752 3.439746
  vertex -19.895329 20.139715 3.439746
 endloop
endfacet
facet normal 0.99673116 -0.07205523 -0.036539104
 outer loop
  vertex -20.213646 19.094208 -3.1817248
  vertex -20.136803 20.157171 -3.1817248
  vertex -19.895329 20.139715 3.439746
 endloop
endfacet
facet normal 0.99673116 -0.07205523 -0.036539104
 outer loop
  vertex -20.213646 19.094208 -3.1817248
  vertex -19.895329 20.139715 3.439746
  vertex -19.972172 19.076752 3.439746
 endloop
endfacet
facet normal -0.9967312 0.07205461 0.036538977
 outer loop
  vertex -8.181768 1.6837898 -3.9462276
  vertex -7.989157 1.6698658 1.3353901
  vertex -7.3375006 10.68423 1.3353901
 endloop
endfacet
facet normal -0.9967312 0.07205462 0.03653897
 outer loop
  vertex -8.181768 1.6837898 -3.9462276
  vertex -7.3375006 10.68423 1.3353901
  vertex -7.530112 10.6981535 -3.9462276
 endloop
endfacet
facet normal 0.036443893 -0.002634559 0.99933225
 outer loop
  vertex -7.989157 1.6698658 1.3353901
  vertex -7.3270984 1.622006 1.3111198
  vertex -6.6754427 10.636369 1.3111198
 endloop
endfacet
facet normal 0.036443938 -0.0026345658 0.99933225
 outer loop
  vertex -7.989157 1.6698658 1.3353901
  vertex -6.6754427 10.636369 1.3111198
  vertex -7.3375006 10.68423 1.3353901
 endloop
endfacet
facet normal 0.07210325 0.9973972 -9.285241e-08
 outer loop
  vertex -7.530112 10.6981535 -3.9462276
  vertex -7.3375006 10.68423 1.3353901
  vertex -6.6754427 10.636369 1.3111198
 endloop
endfacet
facet normal 0.07210325 0.9973972 -9.2852424e-08
 outer loop
  vertex -7.530112 10.6981535 -3.9462276
  vertex -6.6754427 10.636369 1.3111198
  vertex -6.868054 10.650292 -3.9704976
 endloop
endfacet
facet normal -0.036443576 0.0026345623 -0.99933225
 outer loop
  vertex -7.530112 10.6981535 -3.9462276
  vertex -6.868054 10.650292 -3.9704976
  vertex -7.5197096 1.6359291 -3.9704978
 endloop
endfacet
facet normal -0.036443885 0.0026345619 -0.99933225
 outer loop
  vertex -7.530112 10.6981535 -3.9462276
  vertex -7.5197096 1.6359291 -3.9704978
  vertex -8.181768 1.6837898 -3.9462276
 endloop
endfacet
facet normal -0.07210118 -0.99739736 -5.0405532e-08
 outer loop
  vertex -7.3270984 1.622006 1.3111198
  vertex -7.989157 1.6698658 1.3353901
  vertex -8.181768 1.6837898 -3.9462276
 endloop
endfacet
facet normal -0.07210261 -0.99739724 1.8252106e-07
 outer loop
  vertex -7.3270984 1.622006 1.3111198
  vertex -8.181768 1.6837898 -3.9462276
  vertex -7.5197096 1.6359291 -3.9704978
 endloop
endfacet
facet normal 0.9967313 -0.07205429 -0.036538947
 outer loop
  vertex -6.395899 -1.8721923 5.1624546
  vertex -6.953755 -1.8318644 -10.134602
  vertex -6.5691514 0.2747627 -3.797397
 endloop
endfacet
facet normal 0.9967312 -0.07205472 -0.036539055
 outer loop
  vertex -6.395899 -1.8721923 5.1624546
  vertex -6.5691514 0.2747627 -3.797397
  vertex -6.390136 0.2618215 1.111404
 endloop
endfacet
facet normal 0.99673116 -0.07205456 -0.036538854
 outer loop
  vertex -6.5691514 0.2747627 -3.797397
  vertex -6.953755 -1.8318644 -10.134602
  vertex -5.959788 11.917688 -10.134602
 endloop
endfacet
facet normal 0.9967312 -0.07205457 -0.036538877
 outer loop
  vertex -6.5691514 0.2747627 -3.797397
  vertex -5.959788 11.917688 -10.134602
  vertex -5.9582887 8.72483 -3.797397
 endloop
endfacet
facet normal 0.99673116 -0.07205474 -0.036538962
 outer loop
  vertex -5.9582887 8.72483 -3.797397
  vertex -5.959788 11.917688 -10.134602
  vertex -5.2019515 11.862904 10.646137
 endloop
endfacet
facet normal 0.9967312 -0.072054304 -0.03653905
 outer loop
  vertex -5.9582887 8.72483 -3.797397
  vertex -5.2019515 11.862904 10.646137
  vertex -5.779273 8.711888 1.111404
 endloop
endfacet
facet normal 0.99673116 -0.072054565 -0.036538884
 outer loop
  vertex -5.3477483 9.846096 10.646137
  vertex -5.4137216 9.850865 8.83707
  vertex -5.2019515 11.862904 10.646137
 endloop
endfacet
facet normal 0.99673116 -0.07205446 -0.03653901
 outer loop
  vertex -5.2019515 11.862904 10.646137
  vertex -5.4137216 9.850865 8.83707
  vertex -5.779273 8.711888 1.111404
 endloop
endfacet
facet normal 0.99673116 -0.07205457 -0.036538843
 outer loop
  vertex -6.211774 -1.11308 8.688153
  vertex -5.4137216 9.850865 8.83707
  vertex -6.815101 -9.534425 8.83707
 endloop
endfacet
facet normal 0.99673116 -0.07205457 -0.03653935
 outer loop
  vertex -6.211774 -1.11308 8.688153
  vertex -6.815101 -9.534425 8.83707
  vertex -6.7739086 -8.8890915 8.688153
 endloop
endfacet
facet normal 0.9967312 -0.072054416 -0.03653897
 outer loop
  vertex -6.815101 -9.534425 8.83707
  vertex -7.3123093 -9.498481 -4.796942
  vertex -6.7739086 -8.8890915 8.688153
 endloop
endfacet
facet normal 0.9967312 -0.07205405 -0.036538992
 outer loop
  vertex -6.8698726 -8.882154 6.0567145
  vertex -6.7739086 -8.8890915 8.688153
  vertex -7.3123093 -9.498481 -4.796942
 endloop
endfacet
facet normal 0.9967312 -0.0720543 -0.036538973
 outer loop
  vertex -6.8698726 -8.882154 6.0567145
  vertex -7.3123093 -9.498481 -4.796942
  vertex -6.8139286 -7.654796 5.1624546
 endloop
endfacet
facet normal 0.99673116 -0.072054565 -0.03653899
 outer loop
  vertex -5.779273 8.711888 1.111404
  vertex -5.4137216 9.850865 8.83707
  vertex -6.211774 -1.11308 8.688153
 endloop
endfacet
facet normal 0.9967312 -0.072054565 -0.036538992
 outer loop
  vertex -5.779273 8.711888 1.111404
  vertex -6.211774 -1.11308 8.688153
  vertex -6.390136 0.2618215 1.111404
 endloop
endfacet
facet normal 0.9967312 -0.07205458 -0.036539
 outer loop
  vertex -6.390136 0.2618215 1.111404
  vertex -6.211774 -1.11308 8.688153
  vertex -6.307738 -1.1061428 6.0567145
 endloop
endfacet
facet normal 0.99673116 -0.072054654 -0.03653902
 outer loop
  vertex -6.390136 0.2618215 1.111404
  vertex -6.307738 -1.1061428 6.0567145
  vertex -6.395899 -1.8721923 5.1624546
 endloop
endfacet
facet normal 0.99673116 -0.07205462 -0.036539044
 outer loop
  vertex -6.8139286 -7.654796 5.1624546
  vertex -6.395899 -1.8721923 5.1624546
  vertex -6.307738 -1.1061428 6.0567145
 endloop
endfacet
facet normal 0.99673116 -0.07205457 -0.036539324
 outer loop
  vertex -6.8139286 -7.654796 5.1624546
  vertex -6.307738 -1.1061428 6.0567145
  vertex -6.8698726 -8.882154 6.0567145
 endloop
endfacet
facet normal 0.99673116 -0.07205443 -0.036538947
 outer loop
  vertex -6.8139286 -7.654796 5.1624546
  vertex -7.3123093 -9.498481 -4.796942
  vertex -7.3717847 -7.614468 -10.134602
 endloop
endfacet
facet normal 0.9967312 -0.07205456 -0.036538996
 outer loop
  vertex -7.7646337 -13.048751 -10.134602
  vertex -7.3717847 -7.614468 -10.134602
  vertex -7.3123093 -9.498481 -4.796942
 endloop
endfacet
facet normal 0.9967311 -0.07205459 -0.036538966
 outer loop
  vertex -7.7646337 -13.048751 -10.134602
  vertex -7.3123093 -9.498481 -4.796942
  vertex -7.5699787 -13.062822 -4.796942
 endloop
endfacet
facet normal 0.072102696 0.9973971 -5.0745967e-09
 outer loop
  vertex -5.3477483 9.846096 10.646137
  vertex 14.053654 8.443552 9.934905
  vertex 13.9876795 8.448321 8.125838
 endloop
endfacet
facet normal 0.07210272 0.99739724 5.4129046e-08
 outer loop
  vertex -5.3477483 9.846096 10.646137
  vertex 13.9876795 8.448321 8.125838
  vertex -5.4137216 9.850865 8.83707
 endloop
endfacet
facet normal -0.036443867 0.002634559 -0.99933225
 outer loop
  vertex -5.3477483 9.846096 10.646137
  vertex -5.2019515 11.862904 10.646137
  vertex 14.1994505 10.46036 9.934905
 endloop
endfacet
facet normal -0.036443867 0.002634559 -0.99933225
 outer loop
  vertex -5.3477483 9.846096 10.646137
  vertex 14.1994505 10.46036 9.934905
  vertex 14.053654 8.443552 9.934905
 endloop
endfacet
facet normal -0.03644387 0.0026345593 -0.99933225
 outer loop
  vertex -6.815101 -9.534425 8.83707
  vertex -5.4137216 9.850865 8.83707
  vertex 13.9876795 8.448321 8.125838
 endloop
endfacet
facet normal -0.036443874 0.00263456 -0.9993322
 outer loop
  vertex -6.815101 -9.534425 8.83707
  vertex 13.9876795 8.448321 8.125838
  vertex 11.785663 -22.012182 8.125838
 endloop
endfacet
facet normal -0.03644419 0.002634084 -0.99933225
 outer loop
  vertex 11.785663 -22.012182 8.125838
  vertex 9.326365 -21.834398 8.215994
  vertex -6.815101 -9.534425 8.83707
 endloop
endfacet
facet normal -0.036443844 0.0026345558 -0.9993322
 outer loop
  vertex 8.49106 -33.389183 8.215994
  vertex 0.37134287 -32.802204 8.513653
  vertex 9.326365 -21.834398 8.215994
 endloop
endfacet
facet normal -0.03644385 0.0026345616 -0.99933225
 outer loop
  vertex 0.37134287 -32.802204 8.513653
  vertex 0.21580932 -34.953697 8.513653
  vertex -9.8693075 -34.224632 8.883361
 endloop
endfacet
facet normal -0.036443844 0.0026345584 -0.9993322
 outer loop
  vertex 0.37134287 -32.802204 8.513653
  vertex -9.8693075 -34.224632 8.883361
  vertex -9.080329 -23.310692 8.883361
 endloop
endfacet
facet normal -0.03644384 0.0026345567 -0.99933225
 outer loop
  vertex 9.326365 -21.834398 8.215994
  vertex 0.37134287 -32.802204 8.513653
  vertex -9.080329 -23.310692 8.883361
 endloop
endfacet
facet normal -0.036443844 0.0026345395 -0.99933225
 outer loop
  vertex 9.326365 -21.834398 8.215994
  vertex -9.080329 -23.310692 8.883361
  vertex -6.815101 -9.534425 8.83707
 endloop
endfacet
facet normal -0.036443867 0.002634543 -0.9993322
 outer loop
  vertex -26.006046 -8.147095 9.540587
  vertex -6.815101 -9.534425 8.83707
  vertex -9.080329 -23.310692 8.883361
 endloop
endfacet
facet normal -0.036443852 0.0026345614 -0.99933225
 outer loop
  vertex -26.006046 -8.147095 9.540587
  vertex -9.080329 -23.310692 8.883361
  vertex -27.008543 -22.014645 9.540587
 endloop
endfacet
facet normal -0.9967312 0.07205386 0.036538966
 outer loop
  vertex 11.767931 13.557763 4.080468
  vertex 11.226837 13.596879 -10.75694
  vertex 11.01673 10.690441 -10.75694
 endloop
endfacet
facet normal -0.9967312 0.07205452 0.03653884
 outer loop
  vertex 11.767931 13.557763 4.080468
  vertex 11.01673 10.690441 -10.75694
  vertex 11.557822 10.651325 4.080468
 endloop
endfacet
facet normal 0.9967312 -0.07205458 -0.03653897
 outer loop
  vertex 0.0060074925 11.486416 -10.3533
  vertex 0.21611646 14.392854 -10.3533
  vertex 0.7572103 14.353738 4.484108
 endloop
endfacet
facet normal 0.9967312 -0.07205457 -0.036538973
 outer loop
  vertex 0.0060074925 11.486416 -10.3533
  vertex 0.7572103 14.353738 4.484108
  vertex 0.5471014 11.4473 4.484108
 endloop
endfacet
facet normal -0.036443867 0.0026345588 -0.99933225
 outer loop
  vertex 11.557822 10.651325 4.080468
  vertex 0.5471014 11.4473 4.484108
  vertex 0.7572103 14.353738 4.484108
 endloop
endfacet
facet normal -0.03644387 0.00263456 -0.99933225
 outer loop
  vertex 11.557822 10.651325 4.080468
  vertex 0.7572103 14.353738 4.484108
  vertex 11.767931 13.557763 4.080468
 endloop
endfacet
facet normal -0.9967313 0.07205455 0.036537856
 outer loop
  vertex 14.821831 19.32873 9.424772
  vertex 14.082621 19.382168 -10.845829
  vertex 13.651725 13.421582 -10.845829
 endloop
endfacet
facet normal -0.9967313 0.07205454 0.036537856
 outer loop
  vertex 14.821831 19.32873 9.424772
  vertex 13.651725 13.421582 -10.845829
  vertex 14.390935 13.368144 9.424772
 endloop
endfacet
facet normal 0.072102524 0.99739724 9.058809e-09
 outer loop
  vertex 14.390935 13.368144 9.424772
  vertex 13.651725 13.421582 -10.845829
  vertex 11.226837 13.596879 -10.75694
 endloop
endfacet
facet normal 0.07210267 0.9973971 -1.4645048e-08
 outer loop
  vertex 14.390935 13.368144 9.424772
  vertex 11.226837 13.596879 -10.75694
  vertex 11.767931 13.557763 4.080468
 endloop
endfacet
facet normal 0.07210273 0.99739724 -4.2924235e-08
 outer loop
  vertex -3.9382231 14.693175 10.096698
  vertex 14.390935 13.368144 9.424772
  vertex 11.767931 13.557763 4.080468
 endloop
endfacet
facet normal 0.07210273 0.99739724 -7.939385e-08
 outer loop
  vertex -3.9382231 14.693175 10.096698
  vertex 11.767931 13.557763 4.080468
  vertex 0.7572103 14.353738 4.484108
 endloop
endfacet
facet normal 0.0721028 0.9973972 -1.6159916e-08
 outer loop
  vertex -4.6774507 14.746614 -10.173911
  vertex -3.9382231 14.693175 10.096698
  vertex 0.7572103 14.353738 4.484108
 endloop
endfacet
facet normal 0.072102815 0.99739724 -1.962437e-08
 outer loop
  vertex -4.6774507 14.746614 -10.173911
  vertex 0.7572103 14.353738 4.484108
  vertex 0.21611646 14.392854 -10.3533
 endloop
endfacet
facet normal -0.0364439 0.0026345605 -0.9993323
 outer loop
  vertex -3.507327 20.65376 10.096698
  vertex 14.821831 19.32873 9.424772
  vertex 14.390935 13.368144 9.424772
 endloop
endfacet
facet normal -0.0364439 0.0026345684 -0.9993323
 outer loop
  vertex -3.507327 20.65376 10.096698
  vertex 14.390935 13.368144 9.424772
  vertex -3.9382231 14.693175 10.096698
 endloop
endfacet
facet normal 0.036443453 -0.002634528 0.9993323
 outer loop
  vertex 13.651725 13.421582 -10.845829
  vertex 14.082621 19.382168 -10.845829
  vertex -4.246555 20.7072 -10.173911
 endloop
endfacet
facet normal 0.03644179 -0.0026385933 0.99933225
 outer loop
  vertex 13.651725 13.421582 -10.845829
  vertex -4.246555 20.7072 -10.173911
  vertex 11.226837 13.596879 -10.75694
 endloop
endfacet
facet normal 0.0364432 -0.0026345104 0.99933225
 outer loop
  vertex -4.246555 20.7072 -10.173911
  vertex -4.6774507 14.746614 -10.173911
  vertex 0.21611646 14.392854 -10.3533
 endloop
endfacet
facet normal 0.036443908 -0.0026340082 0.99933225
 outer loop
  vertex -4.246555 20.7072 -10.173911
  vertex 0.21611646 14.392854 -10.3533
  vertex 11.226837 13.596879 -10.75694
 endloop
endfacet
facet normal -0.036443867 0.0026345327 -0.99933225
 outer loop
  vertex 0.21611646 14.392854 -10.3533
  vertex 11.226837 13.596879 -10.75694
  vertex 11.01673 10.690441 -10.75694
 endloop
endfacet
facet normal -0.036443856 0.0026345737 -0.99933225
 outer loop
  vertex 0.21611646 14.392854 -10.3533
  vertex 11.01673 10.690441 -10.75694
  vertex 0.0060074925 11.486416 -10.3533
 endloop
endfacet
facet normal -0.072102666 -0.99739724 5.8963696e-08
 outer loop
  vertex -3.507327 20.65376 10.096698
  vertex -4.246555 20.7072 -10.173911
  vertex 14.082621 19.382168 -10.845829
 endloop
endfacet
facet normal -0.07210275 -0.99739724 -9.587606e-10
 outer loop
  vertex -3.507327 20.65376 10.096698
  vertex 14.082621 19.382168 -10.845829
  vertex 14.821831 19.32873 9.424772
 endloop
endfacet
facet normal 0.9967312 -0.07205456 -0.03653871
 outer loop
  vertex -4.6774507 14.746614 -10.173911
  vertex -4.246555 20.7072 -10.173911
  vertex -3.507327 20.65376 10.096698
 endloop
endfacet
facet normal 0.9967312 -0.07205458 -0.036538698
 outer loop
  vertex -4.6774507 14.746614 -10.173911
  vertex -3.507327 20.65376 10.096698
  vertex -3.9382231 14.693175 10.096698
 endloop
endfacet
facet normal -0.03644389 0.0026345612 -0.99933225
 outer loop
  vertex -7.7773137 -8.314311 8.62423
  vertex -26.009909 -6.996261 9.292616
  vertex -24.103477 19.375406 9.292616
 endloop
endfacet
facet normal -0.036443893 0.0026345593 -0.99933225
 outer loop
  vertex -7.7773137 -8.314311 8.62423
  vertex -24.103477 19.375406 9.292616
  vertex -5.8708835 18.057358 8.62423
 endloop
endfacet
facet normal -0.05978123 0.01760748 -0.9980562
 outer loop
  vertex -10.4062195 -24.60126 5.9694166
  vertex -11.067224 -33.68376 5.848778
  vertex -20.917133 -33.076466 6.449478
 endloop
endfacet
facet normal -0.08817722 0.053014565 -0.9946931
 outer loop
  vertex -10.4062195 -24.60126 5.9694166
  vertex -20.917133 -33.076466 6.449478
  vertex -20.237337 -23.890558 6.878801
 endloop
endfacet
facet normal -0.99673116 0.07205487 0.03653898
 outer loop
  vertex -7.849736 -7.5799165 5.200426
  vertex -8.407593 -7.5395885 -10.09663
  vertex -8.460031 -8.264957 -10.09663
 endloop
endfacet
facet normal -0.99673116 0.07205469 0.036538992
 outer loop
  vertex -7.849736 -7.5799165 5.200426
  vertex -8.460031 -8.264957 -10.09663
  vertex -7.7773137 -8.314311 8.62423
 endloop
endfacet
facet normal -0.9967311 0.072054535 0.03653895
 outer loop
  vertex -7.849736 -7.5799165 5.200426
  vertex -7.7773137 -8.314311 8.62423
  vertex -5.8708835 18.057358 8.62423
 endloop
endfacet
facet normal -0.99673116 0.07205465 0.036538336
 outer loop
  vertex -7.849736 -7.5799165 5.200426
  vertex -5.8708835 18.057358 8.62423
  vertex -7.4317064 -1.7973129 5.200426
 endloop
endfacet
facet normal -0.9967312 0.07205451 0.036538973
 outer loop
  vertex -7.4317064 -1.7973129 5.200426
  vertex -5.8708835 18.057358 8.62423
  vertex -6.6754427 10.636369 1.3111198
 endloop
endfacet
facet normal -0.9967312 0.07205452 0.03653897
 outer loop
  vertex -7.4317064 -1.7973129 5.200426
  vertex -6.6754427 10.636369 1.3111198
  vertex -7.3270984 1.622006 1.3111198
 endloop
endfacet
facet normal -0.99673116 0.07205451 0.03653897
 outer loop
  vertex -6.6754427 10.636369 1.3111198
  vertex -5.8708835 18.057358 8.62423
  vertex -6.5536 18.106712 -10.09663
 endloop
endfacet
facet normal -0.9967313 0.07205452 0.036538973
 outer loop
  vertex -6.6754427 10.636369 1.3111198
  vertex -6.5536 18.106712 -10.09663
  vertex -6.868054 10.650292 -3.9704976
 endloop
endfacet
facet normal -0.99673116 0.072054505 0.03653895
 outer loop
  vertex -6.868054 10.650292 -3.9704976
  vertex -6.5536 18.106712 -10.09663
  vertex -7.9895625 -1.756985 -10.09663
 endloop
endfacet
facet normal -0.9967312 0.072054505 0.036538932
 outer loop
  vertex -6.868054 10.650292 -3.9704976
  vertex -7.9895625 -1.756985 -10.09663
  vertex -7.5197096 1.6359291 -3.9704978
 endloop
endfacet
facet normal -0.99673116 0.07205447 0.03653895
 outer loop
  vertex -7.5197096 1.6359291 -3.9704978
  vertex -7.9895625 -1.756985 -10.09663
  vertex -7.4317064 -1.7973129 5.200426
 endloop
endfacet
facet normal -0.99673116 0.0720545 0.036538955
 outer loop
  vertex -7.5197096 1.6359291 -3.9704978
  vertex -7.4317064 -1.7973129 5.200426
  vertex -7.3270984 1.622006 1.3111198
 endloop
endfacet
facet normal 0.9967311 -0.0720551 -0.03653852
 outer loop
  vertex -25.990051 1.0671599 -6.0666704
  vertex -26.11264 1.076022 -9.428245
  vertex -26.087765 1.4201243 -9.428245
 endloop
endfacet
facet normal 0.99673086 -0.07205867 -0.036538888
 outer loop
  vertex -25.990051 1.0671599 -6.0666704
  vertex -26.087765 1.4201243 -9.428245
  vertex -25.852417 1.4031107 -2.9747276
 endloop
endfacet
facet normal 0.9967316 -0.072048955 -0.036538888
 outer loop
  vertex -25.059887 12.366174 -2.9747276
  vertex -25.295235 12.383187 -9.428245
  vertex -25.278376 12.616417 -9.428245
 endloop
endfacet
facet normal 0.9967315 -0.0720497 -0.036538918
 outer loop
  vertex -25.059887 12.366174 -2.9747276
  vertex -25.278376 12.616417 -9.428245
  vertex -25.079779 12.60206 -3.982483
 endloop
endfacet
facet normal 0.99673116 -0.07205466 -0.03653899
 outer loop
  vertex -25.079779 12.60206 -3.982483
  vertex -24.587597 19.410404 -3.982483
  vertex -24.103477 19.375406 9.292616
 endloop
endfacet
facet normal 0.9967312 -0.07205321 -0.03653972
 outer loop
  vertex -25.079779 12.60206 -3.982483
  vertex -24.103477 19.375406 9.292616
  vertex -25.059887 12.366174 -2.9747276
 endloop
endfacet
facet normal 0.99673116 -0.07205457 -0.036538947
 outer loop
  vertex -25.059887 12.366174 -2.9747276
  vertex -24.103477 19.375406 9.292616
  vertex -26.009909 -6.996261 9.292616
 endloop
endfacet
facet normal 0.99673116 -0.07205487 -0.036539424
 outer loop
  vertex -25.059887 12.366174 -2.9747276
  vertex -26.009909 -6.996261 9.292616
  vertex -25.835188 -2.9188893 6.0182104
 endloop
endfacet
facet normal 0.9967312 -0.07205445 -0.0365389
 outer loop
  vertex -26.12932 -6.9876285 6.0182104
  vertex -25.835188 -2.9188893 6.0182104
  vertex -26.009909 -6.996261 9.292616
 endloop
endfacet
facet normal 0.99673116 -0.072054625 -0.03653899
 outer loop
  vertex -25.059887 12.366174 -2.9747276
  vertex -25.835188 -2.9188893 6.0182104
  vertex -25.852417 1.4031107 -2.9747276
 endloop
endfacet
facet normal 0.9967312 -0.07205457 -0.03653898
 outer loop
  vertex -25.835188 -2.9188893 6.0182104
  vertex -26.398493 -2.8781674 -9.428245
  vertex -26.31681 -1.7482572 -9.428245
 endloop
endfacet
facet normal 0.99673164 -0.072048284 -0.03653852
 outer loop
  vertex -25.835188 -2.9188893 6.0182104
  vertex -26.31681 -1.7482572 -9.428245
  vertex -26.194221 -1.7571193 -6.0666704
 endloop
endfacet
facet normal 0.99673116 -0.07205479 -0.036539327
 outer loop
  vertex -26.194221 -1.7571193 -6.0666704
  vertex -25.990051 1.0671599 -6.0666704
  vertex -25.852417 1.4031107 -2.9747276
 endloop
endfacet
facet normal 0.9967311 -0.07205496 -0.03653915
 outer loop
  vertex -26.194221 -1.7571193 -6.0666704
  vertex -25.852417 1.4031107 -2.9747276
  vertex -25.835188 -2.9188893 6.0182104
 endloop
endfacet
facet normal -0.072102666 -0.9973972 -4.4182222e-09
 outer loop
  vertex 11.01673 10.690441 -10.75694
  vertex 13.441613 10.515144 -10.845834
  vertex 14.1994505 10.46036 9.934905
 endloop
endfacet
facet normal -0.07210274 -0.9973972 8.250658e-09
 outer loop
  vertex 11.01673 10.690441 -10.75694
  vertex 14.1994505 10.46036 9.934905
  vertex 11.557822 10.651325 4.080468
 endloop
endfacet
facet normal -0.0721027 -0.99739724 -1.2357093e-08
 outer loop
  vertex 11.557822 10.651325 4.080468
  vertex 14.1994505 10.46036 9.934905
  vertex -5.2019515 11.862904 10.646137
 endloop
endfacet
facet normal -0.072102726 -0.9973971 -8.709509e-08
 outer loop
  vertex 11.557822 10.651325 4.080468
  vertex -5.2019515 11.862904 10.646137
  vertex 0.5471014 11.4473 4.484108
 endloop
endfacet
facet normal -0.07210266 -0.9973972 -8.380631e-09
 outer loop
  vertex 0.5471014 11.4473 4.484108
  vertex -5.2019515 11.862904 10.646137
  vertex -5.959788 11.917688 -10.134602
 endloop
endfacet
facet normal -0.0721027 -0.99739724 1.6097292e-08
 outer loop
  vertex 0.5471014 11.4473 4.484108
  vertex -5.959788 11.917688 -10.134602
  vertex 0.0060074925 11.486416 -10.3533
 endloop
endfacet
facet normal 0.036443893 -0.002634556 0.99933225
 outer loop
  vertex 3.569002 -7.0129547 -10.532006
  vertex 3.7303786 -4.780626 -10.532006
  vertex 2.4957588 -6.935369 -10.492662
 endloop
endfacet
facet normal 0.03644429 -0.0026345893 0.9993322
 outer loop
  vertex 11.205698 -5.3210235 -10.806043
  vertex 11.044321 -7.553352 -10.806043
  vertex 12.129753 -7.6318192 -10.845834
 endloop
endfacet
facet normal 0.0364443 -0.0026345886 0.99933225
 outer loop
  vertex 11.205698 -5.3210235 -10.806043
  vertex 12.129753 -7.6318192 -10.845834
  vertex 12.43353 -3.4296715 -10.845834
 endloop
endfacet
facet normal 0.036443938 -0.002634355 0.99933225
 outer loop
  vertex 11.205698 -5.3210235 -10.806043
  vertex 12.43353 -3.4296715 -10.845834
  vertex 6.923821 -3.0313697 -10.643854
 endloop
endfacet
facet normal 0.036443897 -0.0026344345 0.99933225
 outer loop
  vertex 11.205698 -5.3210235 -10.806043
  vertex 6.923821 -3.0313697 -10.643854
  vertex 3.7303786 -4.780626 -10.532006
 endloop
endfacet
facet normal 0.036443923 -0.0026345707 0.99933225
 outer loop
  vertex 7.783568 8.861514 -10.643854
  vertex 13.293277 8.463212 -10.845834
  vertex 13.441613 10.515144 -10.845834
 endloop
endfacet
facet normal 0.036444075 -0.0026350766 0.99933225
 outer loop
  vertex 7.783568 8.861514 -10.643854
  vertex 13.441613 10.515144 -10.845834
  vertex 11.01673 10.690441 -10.75694
 endloop
endfacet
facet normal 0.036443796 -0.0026345535 0.9993322
 outer loop
  vertex 0.0060074925 11.486416 -10.3533
  vertex -5.959788 11.917688 -10.134602
  vertex -6.953755 -1.8318644 -10.134602
 endloop
endfacet
facet normal 0.036443856 -0.002634584 0.9993322
 outer loop
  vertex 0.0060074925 11.486416 -10.3533
  vertex -6.953755 -1.8318644 -10.134602
  vertex 11.01673 10.690441 -10.75694
 endloop
endfacet
facet normal 0.036443867 -0.0026345483 0.99933225
 outer loop
  vertex -6.5536 18.106712 -10.09663
  vertex -21.400293 19.179993 -9.552368
  vertex -21.548115 17.13517 -9.552368
 endloop
endfacet
facet normal 0.03644371 -0.0026321383 0.99933225
 outer loop
  vertex -6.5536 18.106712 -10.09663
  vertex -21.548115 17.13517 -9.552368
  vertex -18.982868 16.949726 -9.646406
 endloop
endfacet
facet normal 0.036443535 -0.0026345458 0.99933225
 outer loop
  vertex -19.224281 13.610267 -9.646406
  vertex -21.789528 13.795711 -9.552368
  vertex -21.892475 12.371647 -9.552368
 endloop
endfacet
facet normal 0.036443755 -0.0026350333 0.99933225
 outer loop
  vertex -19.224281 13.610267 -9.646406
  vertex -21.892475 12.371647 -9.552368
  vertex -11.234111 11.366696 -9.943708
 endloop
endfacet
facet normal 0.03644403 -0.0026343649 0.9993322
 outer loop
  vertex -21.892475 12.371647 -9.552368
  vertex -25.278376 12.616417 -9.428245
  vertex -25.295235 12.383187 -9.428245
 endloop
endfacet
facet normal 0.036444046 -0.00263201 0.99933225
 outer loop
  vertex -21.892475 12.371647 -9.552368
  vertex -25.295235 12.383187 -9.428245
  vertex -11.234111 11.366696 -9.943708
 endloop
endfacet
facet normal 0.03644386 -0.0026345782 0.9993322
 outer loop
  vertex -12.02664 0.403633 -9.943708
  vertex -26.087765 1.4201243 -9.428245
  vertex -26.11264 1.076022 -9.428245
 endloop
endfacet
facet normal 0.03644367 -0.002638415 0.9993322
 outer loop
  vertex -12.02664 0.403633 -9.943708
  vertex -26.11264 1.076022 -9.428245
  vertex -23.398306 0.8798003 -9.527749
 endloop
endfacet
facet normal 0.036443945 -0.0026345649 0.9993322
 outer loop
  vertex -23.602476 -1.9444789 -9.527749
  vertex -26.31681 -1.7482572 -9.428245
  vertex -26.398493 -2.8781674 -9.428245
 endloop
endfacet
facet normal 0.036443852 -0.0026342734 0.99933225
 outer loop
  vertex -23.602476 -1.9444789 -9.527749
  vertex -26.398493 -2.8781674 -9.428245
  vertex -16.538557 -3.5909507 -9.789698
 endloop
endfacet
facet normal 0.036443964 -0.0026345619 0.9993322
 outer loop
  vertex -16.538557 -3.5909507 -9.789698
  vertex -16.83269 -7.65969 -9.789698
  vertex -8.460031 -8.264957 -10.09663
 endloop
endfacet
facet normal 0.036443952 -0.0026345765 0.9993322
 outer loop
  vertex -16.538557 -3.5909507 -9.789698
  vertex -8.460031 -8.264957 -10.09663
  vertex -8.407593 -7.5395885 -10.09663
 endloop
endfacet
facet normal 0.036443982 -0.0026345684 0.9993322
 outer loop
  vertex -9.9242 -12.892633 -10.055434
  vertex -10.136234 -15.825703 -10.055434
  vertex -7.7646337 -13.048751 -10.134602
 endloop
endfacet
facet normal 0.03644383 -0.0026345572 0.9993322
 outer loop
  vertex -14.373826 -15.519363 -9.900089
  vertex -14.161792 -12.586294 -9.900089
  vertex -16.39205 -12.425067 -9.818331
 endloop
endfacet
facet normal 0.03644384 -0.0026345507 0.99933225
 outer loop
  vertex -14.373826 -15.519363 -9.900089
  vertex -16.39205 -12.425067 -9.818331
  vertex -18.50308 -22.370222 -9.767564
 endloop
endfacet
facet normal 0.03644393 -0.0026345642 0.9993322
 outer loop
  vertex -16.39205 -12.425067 -9.818331
  vertex -16.13438 -8.860725 -9.818331
  vertex -17.519228 -8.760613 -9.767564
 endloop
endfacet
facet normal 0.036443923 -0.002634568 0.99933225
 outer loop
  vertex -16.39205 -12.425067 -9.818331
  vertex -17.519228 -8.760613 -9.767564
  vertex -18.50308 -22.370222 -9.767564
 endloop
endfacet
facet normal 0.036443852 -0.0026344887 0.99933225
 outer loop
  vertex -18.50308 -22.370222 -9.767564
  vertex -27.681759 -21.706686 -9.431085
  vertex -27.700405 -21.964626 -9.431085
 endloop
endfacet
facet normal 0.036443844 -0.0026345814 0.99933225
 outer loop
  vertex -18.50308 -22.370222 -9.767564
  vertex -27.700405 -21.964626 -9.431085
  vertex -9.772192 -23.260674 -10.088311
 endloop
endfacet
facet normal 0.036443852 -0.0026345602 0.9993322
 outer loop
  vertex -14.373826 -15.519363 -9.900089
  vertex -18.50308 -22.370222 -9.767564
  vertex -9.772192 -23.260674 -10.088311
 endloop
endfacet
facet normal 0.036443844 -0.0026345646 0.9993322
 outer loop
  vertex -14.373826 -15.519363 -9.900089
  vertex -9.772192 -23.260674 -10.088311
  vertex -10.136234 -15.825703 -10.055434
 endloop
endfacet
facet normal 0.036443852 -0.002634574 0.99933225
 outer loop
  vertex -11.009534 -24.8248 -10.047311
  vertex -10.990321 -24.559032 -10.047311
  vertex -20.841433 -23.846888 -9.686181
 endloop
endfacet
facet normal 0.036443595 -0.0026345376 0.99933225
 outer loop
  vertex -20.841433 -23.846888 -9.686181
  vertex -21.498037 -32.92971 -9.686181
  vertex -20.441305 -33.006104 -9.724919
 endloop
endfacet
facet normal 0.03644352 -0.0026345416 0.9993323
 outer loop
  vertex -20.841433 -23.846888 -9.686181
  vertex -20.441305 -33.006104 -9.724919
  vertex -20.137907 -28.809208 -9.724919
 endloop
endfacet
facet normal 0.036444683 -0.0026346091 0.9993322
 outer loop
  vertex -17.296896 -29.014587 -9.829067
  vertex -17.600292 -33.211483 -9.829067
  vertex -16.482302 -33.2923 -9.870052
 endloop
endfacet
facet normal 0.036444664 -0.0026346128 0.9993322
 outer loop
  vertex -17.296896 -29.014587 -9.829067
  vertex -16.482302 -33.2923 -9.870052
  vertex -16.22508 -29.734154 -9.870052
 endloop
endfacet
facet normal 0.03644374 -0.0026345393 0.99933225
 outer loop
  vertex -11.389704 -30.083708 -10.047311
  vertex -11.358809 -29.656345 -10.047311
  vertex -16.22508 -29.734154 -9.870052
 endloop
endfacet
facet normal 0.03644398 -0.0026345998 0.99933225
 outer loop
  vertex -10.284522 -30.347736 -10.088311
  vertex -8.282319 -30.492477 -10.16171
  vertex -10.240385 -29.737198 -10.088311
 endloop
endfacet
facet normal 0.03644378 -0.0026345612 0.99933225
 outer loop
  vertex -8.282319 -30.492477 -10.16171
  vertex -8.558969 -34.31936 -10.16171
  vertex -0.55583656 -34.897915 -10.455094
 endloop
endfacet
facet normal 0.036443785 -0.0026345523 0.99933225
 outer loop
  vertex -8.282319 -30.492477 -10.16171
  vertex -0.55583656 -34.897915 -10.455094
  vertex -0.26136932 -30.824547 -10.455094
 endloop
endfacet
facet normal 0.0364439 -0.0026345619 0.99933225
 outer loop
  vertex -0.26136932 -30.824547 -10.455094
  vertex 5.8061533 -31.263174 -10.677523
  vertex 6.5061407 -21.580246 -10.677523
 endloop
endfacet
facet normal 0.036445122 -0.0026354583 0.99933213
 outer loop
  vertex -0.26136932 -30.824547 -10.455094
  vertex 6.5061407 -21.580246 -10.677523
  vertex 6.4440484 -21.28208 -10.674472
 endloop
endfacet
facet normal 0.03644398 -0.0026345989 0.99933225
 outer loop
  vertex 6.5061407 -21.580246 -10.677523
  vertex 11.097415 -21.912153 -10.845834
  vertex 11.118535 -21.620003 -10.845834
 endloop
endfacet
facet normal 0.036443964 -0.0026356992 0.99933225
 outer loop
  vertex 6.5061407 -21.580246 -10.677523
  vertex 11.118535 -21.620003 -10.845834
  vertex 6.4440484 -21.28208 -10.674472
 endloop
endfacet
facet normal 0.036444295 -0.0026345944 0.9993322
 outer loop
  vertex 11.414647 -17.523882 -10.845834
  vertex 11.729897 -13.163042 -10.845834
  vertex 10.6444645 -13.084576 -10.806043
 endloop
endfacet
facet normal 0.03644429 -0.002634595 0.9993322
 outer loop
  vertex 11.414647 -17.523882 -10.845834
  vertex 10.6444645 -13.084576 -10.806043
  vertex 10.439196 -15.924055 -10.806043
 endloop
endfacet
facet normal 0.03644403 -0.0026347542 0.99933225
 outer loop
  vertex 6.7401605 -17.185959 -10.674472
  vertex 11.414647 -17.523882 -10.845834
  vertex 10.439196 -15.924055 -10.806043
 endloop
endfacet
facet normal 0.036443904 -0.0026343756 0.99933225
 outer loop
  vertex 6.7401605 -17.185959 -10.674472
  vertex 10.439196 -15.924055 -10.806043
  vertex 2.9638765 -15.383657 -10.532006
 endloop
endfacet
facet normal 0.03644389 -0.00263456 0.9993322
 outer loop
  vertex 3.1691449 -12.544178 -10.532006
  vertex 2.0959017 -12.466592 -10.492662
  vertex 2.9638765 -15.383657 -10.532006
 endloop
endfacet
facet normal 0.036443833 -0.0026345644 0.9993322
 outer loop
  vertex -12.02664 0.403633 -9.943708
  vertex -23.398306 0.8798003 -9.527749
  vertex -23.602476 -1.9444789 -9.527749
 endloop
endfacet
facet normal 0.036443807 -0.0026344499 0.99933225
 outer loop
  vertex -12.02664 0.403633 -9.943708
  vertex -23.602476 -1.9444789 -9.527749
  vertex -16.538557 -3.5909507 -9.789698
 endloop
endfacet
facet normal 0.036443945 -0.0026345996 0.99933225
 outer loop
  vertex -12.02664 0.403633 -9.943708
  vertex -16.538557 -3.5909507 -9.789698
  vertex -8.407593 -7.5395885 -10.09663
 endloop
endfacet
facet normal 0.036444 -0.002634574 0.99933225
 outer loop
  vertex -12.02664 0.403633 -9.943708
  vertex -8.407593 -7.5395885 -10.09663
  vertex -7.9895625 -1.756985 -10.09663
 endloop
endfacet
facet normal 0.036443938 -0.0026345714 0.9993322
 outer loop
  vertex -6.5536 18.106712 -10.09663
  vertex -18.982868 16.949726 -9.646406
  vertex -19.224281 13.610267 -9.646406
 endloop
endfacet
facet normal 0.036443908 -0.002634495 0.9993323
 outer loop
  vertex -6.5536 18.106712 -10.09663
  vertex -19.224281 13.610267 -9.646406
  vertex -11.234111 11.366696 -9.943708
 endloop
endfacet
facet normal 0.036444005 -0.0026345665 0.9993322
 outer loop
  vertex -7.9895625 -1.756985 -10.09663
  vertex -6.5536 18.106712 -10.09663
  vertex -11.234111 11.366696 -9.943708
 endloop
endfacet
facet normal 0.03644401 -0.0026345681 0.9993323
 outer loop
  vertex -7.9895625 -1.756985 -10.09663
  vertex -11.234111 11.366696 -9.943708
  vertex -12.02664 0.403633 -9.943708
 endloop
endfacet
facet normal 0.036443893 -0.002634566 0.9993322
 outer loop
  vertex -6.953755 -1.8318644 -10.134602
  vertex -7.9895625 -1.756985 -10.09663
  vertex -8.407593 -7.5395885 -10.09663
 endloop
endfacet
facet normal 0.036443878 -0.0026345616 0.9993322
 outer loop
  vertex -6.953755 -1.8318644 -10.134602
  vertex -8.407593 -7.5395885 -10.09663
  vertex -7.3717847 -7.614468 -10.134602
 endloop
endfacet
facet normal -0.03644377 0.002634552 -0.99933225
 outer loop
  vertex 7.783568 8.861514 -10.643854
  vertex 11.01673 10.690441 -10.75694
  vertex 6.923821 -3.0313697 -10.643854
 endloop
endfacet
facet normal 0.03644385 -0.0026345772 0.99933225
 outer loop
  vertex 11.01673 10.690441 -10.75694
  vertex -6.953755 -1.8318644 -10.134602
  vertex 6.923821 -3.0313697 -10.643854
 endloop
endfacet
facet normal 0.036443867 -0.0026343837 0.9993322
 outer loop
  vertex 6.923821 -3.0313697 -10.643854
  vertex -6.953755 -1.8318644 -10.134602
  vertex 3.7303786 -4.780626 -10.532006
 endloop
endfacet
facet normal 0.036443826 -0.0026345192 0.9993322
 outer loop
  vertex 2.4957588 -6.935369 -10.492662
  vertex 3.7303786 -4.780626 -10.532006
  vertex -6.953755 -1.8318644 -10.134602
 endloop
endfacet
facet normal 0.03644381 -0.002634557 0.99933225
 outer loop
  vertex 2.4957588 -6.935369 -10.492662
  vertex -6.953755 -1.8318644 -10.134602
  vertex -7.3717847 -7.614468 -10.134602
 endloop
endfacet
facet normal 0.03644381 -0.0026345556 0.99933225
 outer loop
  vertex 2.0959017 -12.466592 -10.492662
  vertex 2.4957588 -6.935369 -10.492662
  vertex -7.3717847 -7.614468 -10.134602
 endloop
endfacet
facet normal 0.03644381 -0.0026345544 0.99933225
 outer loop
  vertex 2.0959017 -12.466592 -10.492662
  vertex -7.3717847 -7.614468 -10.134602
  vertex -7.7646337 -13.048751 -10.134602
 endloop
endfacet
facet normal 0.03644381 -0.0026345844 0.99933225
 outer loop
  vertex 2.9638765 -15.383657 -10.532006
  vertex 2.0959017 -12.466592 -10.492662
  vertex -7.7646337 -13.048751 -10.134602
 endloop
endfacet
facet normal 0.036443837 -0.002634447 0.9993322
 outer loop
  vertex 2.9638765 -15.383657 -10.532006
  vertex -7.7646337 -13.048751 -10.134602
  vertex -10.136234 -15.825703 -10.055434
 endloop
endfacet
facet normal 0.036443822 -0.002634553 0.99933225
 outer loop
  vertex 6.7401605 -17.185959 -10.674472
  vertex 2.9638765 -15.383657 -10.532006
  vertex 6.4440484 -21.28208 -10.674472
 endloop
endfacet
facet normal 0.03644384 -0.0026345649 0.9993322
 outer loop
  vertex 2.9638765 -15.383657 -10.532006
  vertex -10.136234 -15.825703 -10.055434
  vertex -9.772192 -23.260674 -10.088311
 endloop
endfacet
facet normal 0.036443833 -0.0026345514 0.9993322
 outer loop
  vertex 2.9638765 -15.383657 -10.532006
  vertex -9.772192 -23.260674 -10.088311
  vertex 6.4440484 -21.28208 -10.674472
 endloop
endfacet
facet normal 0.036443833 -0.0026345502 0.9993323
 outer loop
  vertex -0.26136932 -30.824547 -10.455094
  vertex 6.4440484 -21.28208 -10.674472
  vertex -9.772192 -23.260674 -10.088311
 endloop
endfacet
facet normal 0.03644378 -0.0026346077 0.9993322
 outer loop
  vertex -0.26136932 -30.824547 -10.455094
  vertex -9.772192 -23.260674 -10.088311
  vertex -8.282319 -30.492477 -10.16171
 endloop
endfacet
facet normal 0.036443945 -0.0026345751 0.99933225
 outer loop
  vertex -8.282319 -30.492477 -10.16171
  vertex -9.772192 -23.260674 -10.088311
  vertex -9.891109 -24.905653 -10.088311
 endloop
endfacet
facet normal 0.036443997 -0.002634561 0.9993323
 outer loop
  vertex -8.282319 -30.492477 -10.16171
  vertex -9.891109 -24.905653 -10.088311
  vertex -10.240385 -29.737198 -10.088311
 endloop
endfacet
facet normal 0.03644411 -0.0026345686 0.99933225
 outer loop
  vertex -10.240385 -29.737198 -10.088311
  vertex -9.891109 -24.905653 -10.088311
  vertex -11.009534 -24.8248 -10.047311
 endloop
endfacet
facet normal 0.03644411 -0.0026345686 0.99933225
 outer loop
  vertex -10.240385 -29.737198 -10.088311
  vertex -11.009534 -24.8248 -10.047311
  vertex -11.358809 -29.656345 -10.047311
 endloop
endfacet
facet normal 0.03644374 -0.002634542 0.9993322
 outer loop
  vertex -16.22508 -29.734154 -9.870052
  vertex -11.358809 -29.656345 -10.047311
  vertex -11.009534 -24.8248 -10.047311
 endloop
endfacet
facet normal 0.036444314 -0.0026351414 0.9993322
 outer loop
  vertex -16.22508 -29.734154 -9.870052
  vertex -11.009534 -24.8248 -10.047311
  vertex -17.296896 -29.014587 -9.829067
 endloop
endfacet
facet normal 0.036443833 -0.0026344184 0.99933225
 outer loop
  vertex -17.296896 -29.014587 -9.829067
  vertex -11.009534 -24.8248 -10.047311
  vertex -20.137907 -28.809208 -9.724919
 endloop
endfacet
facet normal 0.036443856 -0.0026344927 0.9993322
 outer loop
  vertex -11.009534 -24.8248 -10.047311
  vertex -20.841433 -23.846888 -9.686181
  vertex -20.137907 -28.809208 -9.724919
 endloop
endfacet
facet normal 0.072102726 0.99739724 -1.671676e-08
 outer loop
  vertex 0.21611646 14.392854 -10.3533
  vertex 0.7572103 14.353738 4.484108
  vertex 11.767931 13.557763 4.080468
 endloop
endfacet
facet normal 0.072102726 0.99739724 -1.6535056e-08
 outer loop
  vertex 0.21611646 14.392854 -10.3533
  vertex 11.767931 13.557763 4.080468
  vertex 11.226837 13.596879 -10.75694
 endloop
endfacet
facet normal 0 0 0
 outer loop
  vertex 0.0060074925 11.486416 -10.3533
  vertex 0.5471014 11.4473 4.484108
  vertex 0.5471014 11.4473 4.484108
 endloop
endfacet
endsolid 
