solid 
facet normal 0.9999454 -0.010446456 0
 outer loop
  vertex -8.508779 -15.233672 -10.37643
  vertex -8.413648 -6.127644 -10.37643
  vertex -8.413648 -6.127644 6.1996217
 endloop
endfacet
facet normal 0.99994546 -0.010446399 -3.2452625e-08
 outer loop
  vertex -8.508779 -15.233672 -10.37643
  vertex -8.413648 -6.127644 6.1996217
  vertex -8.50987 -15.338154 5.770012
 endloop
endfacet
facet normal -0.010446453 -0.9999454 -0
 outer loop
  vertex -8.413648 -6.127644 -10.37643
  vertex 1.4692336 -6.2308908 -10.37643
  vertex 1.4692336 -6.2308908 5.651001
 endloop
endfacet
facet normal -0.010446453 -0.9999454 0
 outer loop
  vertex -8.413648 -6.127644 -10.37643
  vertex 1.4692336 -6.2308908 5.651001
  vertex -8.413648 -6.127644 6.1996217
 endloop
endfacet
facet normal -0.9999454 0.010446278 0
 outer loop
  vertex 1.4692336 -6.2308908 -10.37643
  vertex 1.4664501 -6.4973383 -10.37643
  vertex 1.4664501 -6.4973383 4.7721834
 endloop
endfacet
facet normal -0.9999454 0.0104462765 0
 outer loop
  vertex 1.4692336 -6.2308908 -10.37643
  vertex 1.4664501 -6.4973383 4.7721834
  vertex 1.4692336 -6.2308908 5.651001
 endloop
endfacet
facet normal -0.99994546 0.01044634 -1.8694672e-08
 outer loop
  vertex 1.3741038 -15.336919 5.530281
  vertex 1.4692336 -6.2308908 5.651001
  vertex 1.4664501 -6.4973383 4.7721834
 endloop
endfacet
facet normal -0.99994546 0.010446259 -9.576155e-07
 outer loop
  vertex 1.3741038 -15.336919 5.530281
  vertex 1.4664501 -6.4973383 4.7721834
  vertex 1.4158468 -11.341227 4.7721853
 endloop
endfacet
facet normal -0.9999454 0.01044644 0
 outer loop
  vertex 1.3741038 -15.336919 -3.893089
  vertex 1.3741038 -15.336919 5.530281
  vertex 1.4158468 -11.341227 4.7721853
 endloop
endfacet
facet normal -0.9999454 0.010446439 3.6152908e-10
 outer loop
  vertex 1.3741038 -15.336919 -3.893089
  vertex 1.4158468 -11.341227 4.7721853
  vertex 1.4113708 -11.769681 -3.893089
 endloop
endfacet
facet normal -0.9999454 0.010446446 0
 outer loop
  vertex 1.4158468 -11.341227 4.7721853
  vertex 1.4158468 -11.341227 -10.37643
  vertex 1.4113708 -11.769681 -10.37643
 endloop
endfacet
facet normal -0.9999454 0.010446447 0
 outer loop
  vertex 1.4158468 -11.341227 4.7721853
  vertex 1.4113708 -11.769681 -10.37643
  vertex 1.4113708 -11.769681 -3.893089
 endloop
endfacet
facet normal -0.010446443 -0.9999454 0
 outer loop
  vertex -15.241565 8.610049 -3.7141004
  vertex -15.241565 8.610049 -6.8870177
  vertex -6.033283 8.51385 -6.8870177
 endloop
endfacet
facet normal -0.010446443 -0.9999455 -0
 outer loop
  vertex -15.241565 8.610049 -3.7141004
  vertex -6.033283 8.51385 -6.8870177
  vertex -6.033283 8.51385 -3.7141
 endloop
endfacet
facet normal -0.01044646 -0.9999454 -1.3419956e-09
 outer loop
  vertex 10.226951 30.42412 -10.37643
  vertex 21.273182 30.30872 -10.37643
  vertex 21.27318 30.30872 4.4708934
 endloop
endfacet
facet normal -0.010446463 -0.99994546 0
 outer loop
  vertex 10.226951 30.42412 -10.37643
  vertex 21.27318 30.30872 4.4708934
  vertex 10.226951 30.42412 4.4708934
 endloop
endfacet
facet normal 0.9999454 -0.010446471 -7.8716406e-10
 outer loop
  vertex 2.588481 -6.50906 -10.37643
  vertex 2.60571 -4.859877 -10.37643
  vertex 2.60571 -4.8598785 8.60792
 endloop
endfacet
facet normal 0.9999454 -0.0104464805 0
 outer loop
  vertex 2.588481 -6.50906 -10.37643
  vertex 2.60571 -4.8598785 8.60792
  vertex 2.588481 -6.50906 4.7721844
 endloop
endfacet
facet normal 0.9999454 -0.010446323 -6.745458e-08
 outer loop
  vertex 2.588481 -6.50906 4.7721844
  vertex 2.60571 -4.8598785 8.60792
  vertex 2.491402 -15.801707 8.60792
 endloop
endfacet
facet normal 0.9999454 -0.010446135 3.8814983e-07
 outer loop
  vertex 2.588481 -6.50906 4.7721844
  vertex 2.491402 -15.801707 8.60792
  vertex 2.5378783 -11.352948 4.7721863
 endloop
endfacet
facet normal 0.9999454 -0.01044647 0
 outer loop
  vertex 2.5378783 -11.352948 4.7721863
  vertex 2.491402 -15.801707 8.60792
  vertex 2.491402 -15.801707 -4.065804
 endloop
endfacet
facet normal 0.99994546 -0.010446463 -3.515437e-09
 outer loop
  vertex 2.5378783 -11.352948 4.7721863
  vertex 2.491402 -15.801707 -4.065804
  vertex 2.5314837 -11.965045 -4.065804
 endloop
endfacet
facet normal 0.99994546 -0.01044651 0
 outer loop
  vertex 2.5314837 -11.965045 -4.065804
  vertex 2.5314837 -11.965045 -10.37643
  vertex 2.5378783 -11.352948 -10.37643
 endloop
endfacet
facet normal 0.9999454 -0.01044651 0
 outer loop
  vertex 2.5314837 -11.965045 -4.065804
  vertex 2.5378783 -11.352948 -10.37643
  vertex 2.5378783 -11.352948 4.7721863
 endloop
endfacet
facet normal 0.010446456 0.99994546 0
 outer loop
  vertex 12.571664 -11.822798 -10.37643
  vertex 12.571664 -11.822798 -4.517662
  vertex 18.65875 -11.88639 -4.517662
 endloop
endfacet
facet normal 0.01044645 0.99994546 6.801779e-09
 outer loop
  vertex 12.571664 -11.822798 -10.37643
  vertex 18.65875 -11.88639 -4.517662
  vertex 18.658754 -11.88639 -10.37643
 endloop
endfacet
facet normal -0.9999454 0.010446528 0
 outer loop
  vertex 12.529 -15.90657 -10.37643
  vertex 12.529 -15.90657 -4.517662
  vertex 12.571664 -11.822798 -4.517662
 endloop
endfacet
facet normal -0.9999454 0.010446528 0
 outer loop
  vertex 12.529 -15.90657 -10.37643
  vertex 12.571664 -11.822798 -4.517662
  vertex 12.571664 -11.822798 -10.37643
 endloop
endfacet
facet normal -0 0 1
 outer loop
  vertex 18.65875 -11.88639 -4.517662
  vertex 12.571664 -11.822798 -4.517662
  vertex 12.529 -15.90657 -4.517662
 endloop
endfacet
facet normal 0 -0 1
 outer loop
  vertex 18.65875 -11.88639 -4.517662
  vertex 12.529 -15.90657 -4.517662
  vertex 23.222168 -16.018282 -4.517662
 endloop
endfacet
facet normal 0 0 1
 outer loop
  vertex 18.65875 -11.88639 -4.517662
  vertex 23.222168 -16.018282 -4.517662
  vertex 23.366247 -2.2268417 -4.517662
 endloop
endfacet
facet normal 0 0 1
 outer loop
  vertex 18.65875 -11.88639 -4.517662
  vertex 23.366247 -2.2268417 -4.517662
  vertex 18.760166 -2.178722 -4.517662
 endloop
endfacet
facet normal 0.010446442 0.99994546 6.8017743e-09
 outer loop
  vertex 18.76017 -2.178722 -10.37643
  vertex 18.760166 -2.178722 -4.517662
  vertex 23.366247 -2.2268417 -4.517662
 endloop
endfacet
facet normal 0.010446442 0.99994546 6.8017743e-09
 outer loop
  vertex 18.76017 -2.178722 -10.37643
  vertex 23.366247 -2.2268417 -4.517662
  vertex 23.366251 -2.2268417 -10.37643
 endloop
endfacet
facet normal -0.9999454 0.010446391 -6.510736e-07
 outer loop
  vertex 18.658754 -11.88639 -10.37643
  vertex 18.65875 -11.88639 -4.517662
  vertex 18.760166 -2.178722 -4.517662
 endloop
endfacet
facet normal -0.9999454 0.010446391 -6.510736e-07
 outer loop
  vertex 18.658754 -11.88639 -10.37643
  vertex 18.760166 -2.178722 -4.517662
  vertex 18.76017 -2.178722 -10.37643
 endloop
endfacet
facet normal -0 0 -1
 outer loop
  vertex 12.60904 -15.907407 0.7262741
  vertex 12.631575 -13.750414 0.7262741
  vertex 20.777477 -13.835514 0.7262741
 endloop
endfacet
facet normal -0 0 -1
 outer loop
  vertex 12.60904 -15.907407 0.7262741
  vertex 20.777477 -13.835514 0.7262741
  vertex 23.222172 -16.018282 0.7262741
 endloop
endfacet
facet normal 0 0 -1
 outer loop
  vertex 23.365728 -2.2769825 0.7262741
  vertex 23.222172 -16.018282 0.7262741
  vertex 20.777477 -13.835514 0.7262741
 endloop
endfacet
facet normal 0 -0 -1
 outer loop
  vertex 23.365728 -2.2769825 0.7262741
  vertex 20.777477 -13.835514 0.7262741
  vertex 20.8985 -2.2512074 0.7262741
 endloop
endfacet
facet normal 0.010446531 0.99994546 0
 outer loop
  vertex 2.491402 -15.801707 -4.065804
  vertex 2.491402 -15.801707 8.60792
  vertex 4.5000596 -15.822692 -4.065804
 endloop
endfacet
facet normal 0.010446486 0.9999454 -7.0883126e-09
 outer loop
  vertex 4.5000596 -15.822692 -4.065804
  vertex 2.491402 -15.801707 8.60792
  vertex 12.60904 -15.907407 8.60792
 endloop
endfacet
facet normal 0.010446476 0.99994546 -0
 outer loop
  vertex 4.5000596 -15.822692 -4.065804
  vertex 12.60904 -15.907407 8.60792
  vertex 12.60904 -15.907407 0.7262741
 endloop
endfacet
facet normal 0.010446406 0.99994546 -7.59923e-09
 outer loop
  vertex 12.60904 -15.907407 0.7262741
  vertex 23.222172 -16.018282 0.7262741
  vertex 23.222168 -16.018282 -4.517662
 endloop
endfacet
facet normal 0.010446428 0.99994546 3.613862e-08
 outer loop
  vertex 12.60904 -15.907407 0.7262741
  vertex 23.222168 -16.018282 -4.517662
  vertex 12.529 -15.90657 -4.517662
 endloop
endfacet
facet normal 0.010446454 0.9999454 3.675193e-08
 outer loop
  vertex 12.60904 -15.907407 0.7262741
  vertex 12.529 -15.90657 -4.517662
  vertex 4.5000596 -15.822692 -4.065804
 endloop
endfacet
facet normal 0.010446452 0.9999454 0
 outer loop
  vertex 4.5000596 -15.822692 -10.37643
  vertex 4.5000596 -15.822692 -4.065804
  vertex 12.529 -15.90657 -4.517662
 endloop
endfacet
facet normal 0.010446452 0.9999454 -0
 outer loop
  vertex 4.5000596 -15.822692 -10.37643
  vertex 12.529 -15.90657 -4.517662
  vertex 12.529 -15.90657 -10.37643
 endloop
endfacet
facet normal 0.01044653 0.99994546 0
 outer loop
  vertex 4.5401416 -11.98603 -10.37643
  vertex 2.5314837 -11.965045 -10.37643
  vertex 2.5314837 -11.965045 -4.065804
 endloop
endfacet
facet normal 0.01044653 0.99994546 0
 outer loop
  vertex 4.5401416 -11.98603 -10.37643
  vertex 2.5314837 -11.965045 -4.065804
  vertex 4.5401416 -11.98603 -4.065804
 endloop
endfacet
facet normal 0.9999454 -0.010446525 0
 outer loop
  vertex 4.5000596 -15.822692 -10.37643
  vertex 4.5401416 -11.98603 -10.37643
  vertex 4.5401416 -11.98603 -4.065804
 endloop
endfacet
facet normal 0.9999454 -0.010446525 0
 outer loop
  vertex 4.5000596 -15.822692 -10.37643
  vertex 4.5401416 -11.98603 -4.065804
  vertex 4.5000596 -15.822692 -4.065804
 endloop
endfacet
facet normal 0 -0 1
 outer loop
  vertex 2.5314837 -11.965045 -4.065804
  vertex 2.491402 -15.801707 -4.065804
  vertex 4.5000596 -15.822692 -4.065804
 endloop
endfacet
facet normal 0 0 1
 outer loop
  vertex 2.5314837 -11.965045 -4.065804
  vertex 4.5000596 -15.822692 -4.065804
  vertex 4.5401416 -11.98603 -4.065804
 endloop
endfacet
facet normal -0.99994546 0.010446353 -7.7382646e-07
 outer loop
  vertex 13.850756 12.19095 -10.37643
  vertex 13.792824 6.645595 -10.37643
  vertex 13.79282 6.645594 -5.459918
 endloop
endfacet
facet normal -0.99994546 0.010446351 -7.760653e-07
 outer loop
  vertex 13.850756 12.19095 -10.37643
  vertex 13.79282 6.645594 -5.459918
  vertex 13.850752 12.19095 -5.459918
 endloop
endfacet
facet normal 0 -0 1
 outer loop
  vertex 13.850752 12.19095 -5.459918
  vertex 13.79282 6.645594 -5.459918
  vertex 23.457884 6.544623 -5.459918
 endloop
endfacet
facet normal 0 0 1
 outer loop
  vertex 13.850752 12.19095 -5.459918
  vertex 23.457884 6.544623 -5.459918
  vertex 23.515816 12.089979 -5.459918
 endloop
endfacet
facet normal -0.010446712 -0.9999454 -2.0206875e-07
 outer loop
  vertex 22.368956 6.556 -10.37643
  vertex 23.457888 6.544624 -10.37643
  vertex 23.457884 6.544623 -5.459918
 endloop
endfacet
facet normal -0.010447564 -0.99994534 -1.3266557e-08
 outer loop
  vertex 22.368956 6.556 -10.37643
  vertex 23.457884 6.544623 -5.459918
  vertex 22.368952 6.556 -7.4110913
 endloop
endfacet
facet normal -0.01044646 -0.9999454 -6.293346e-07
 outer loop
  vertex 22.368952 6.556 -7.4110913
  vertex 23.457884 6.544623 -5.459918
  vertex 13.79282 6.645594 -5.459918
 endloop
endfacet
facet normal -0.010446458 -0.99994546 -6.1453943e-07
 outer loop
  vertex 22.368952 6.556 -7.4110913
  vertex 13.79282 6.645594 -5.459918
  vertex 14.869524 6.634347 -7.4110913
 endloop
endfacet
facet normal -0.010445712 -0.9999455 -2.02068e-07
 outer loop
  vertex 14.869524 6.634347 -7.4110913
  vertex 13.79282 6.645594 -5.459918
  vertex 13.792824 6.645595 -10.37643
 endloop
endfacet
facet normal -0.01044623 -0.9999454 -1.3417255e-08
 outer loop
  vertex 14.869524 6.634347 -7.4110913
  vertex 13.792824 6.645595 -10.37643
  vertex 14.869528 6.634347 -10.37643
 endloop
endfacet
facet normal 0.010446522 0.99994546 7.525447e-09
 outer loop
  vertex 22.450268 14.339387 -10.37643
  vertex 14.950841 14.417734 -10.37643
  vertex 14.950837 14.417734 -5.08102
 endloop
endfacet
facet normal 0.010446522 0.99994546 7.504103e-09
 outer loop
  vertex 22.450268 14.339387 -10.37643
  vertex 14.950837 14.417734 -5.08102
  vertex 22.450264 14.339387 -5.08102
 endloop
endfacet
facet normal 0.010445837 0.9999454 8.104873e-09
 outer loop
  vertex 23.515816 12.089979 -5.459918
  vertex 23.51582 12.089979 -10.37643
  vertex 22.426888 12.101355 -10.37643
 endloop
endfacet
facet normal 0.010445813 0.99994546 1.34377975e-08
 outer loop
  vertex 23.515816 12.089979 -5.459918
  vertex 22.426888 12.101355 -10.37643
  vertex 22.426884 12.101355 -7.4110913
 endloop
endfacet
facet normal 0.01044646 0.9999454 -3.4805007e-07
 outer loop
  vertex 13.850752 12.19095 -5.459918
  vertex 23.515816 12.089979 -5.459918
  vertex 22.426884 12.101355 -7.4110913
 endloop
endfacet
facet normal 0.01044652 0.9999454 -8.553654e-08
 outer loop
  vertex 13.850752 12.19095 -5.459918
  vertex 22.426884 12.101355 -7.4110913
  vertex 14.927456 12.179702 -7.4110913
 endloop
endfacet
facet normal 0.010446688 0.9999454 8.105534e-09
 outer loop
  vertex 13.850756 12.19095 -10.37643
  vertex 13.850752 12.19095 -5.459918
  vertex 14.927456 12.179702 -7.4110913
 endloop
endfacet
facet normal 0.010446673 0.9999454 1.3438904e-08
 outer loop
  vertex 13.850756 12.19095 -10.37643
  vertex 14.927456 12.179702 -7.4110913
  vertex 14.92746 12.179702 -10.37643
 endloop
endfacet
facet normal 0 0 1
 outer loop
  vertex 14.845621 4.3463774 -7.4110913
  vertex 22.345049 4.2680306 -7.4110913
  vertex 22.368952 6.556 -7.4110913
 endloop
endfacet
facet normal 0 0 1
 outer loop
  vertex 14.845621 4.3463774 -7.4110913
  vertex 22.368952 6.556 -7.4110913
  vertex 14.869524 6.634347 -7.4110913
 endloop
endfacet
facet normal 0 0 1
 outer loop
  vertex 22.426884 12.101355 -7.4110913
  vertex 22.443771 13.717906 -7.4110913
  vertex 14.9443445 13.796253 -7.4110913
 endloop
endfacet
facet normal -0 0 1
 outer loop
  vertex 22.426884 12.101355 -7.4110913
  vertex 14.9443445 13.796253 -7.4110913
  vertex 14.927456 12.179702 -7.4110913
 endloop
endfacet
facet normal 0 0 1
 outer loop
  vertex 14.839784 3.787613 -5.08102
  vertex 22.33921 3.7092662 -5.08102
  vertex 22.345049 4.2680306 -5.08102
 endloop
endfacet
facet normal 0 0 1
 outer loop
  vertex 14.839784 3.787613 -5.08102
  vertex 22.345049 4.2680306 -5.08102
  vertex 14.845621 4.3463774 -5.08102
 endloop
endfacet
facet normal 0.99994546 -0.0104469415 1.2863588e-06
 outer loop
  vertex 22.339214 3.7092662 -10.37643
  vertex 22.368956 6.556 -10.37643
  vertex 22.368952 6.556 -7.4110913
 endloop
endfacet
facet normal 0.99994546 -0.010446638 9.937806e-07
 outer loop
  vertex 22.339214 3.7092662 -10.37643
  vertex 22.368952 6.556 -7.4110913
  vertex 22.345049 4.2680306 -7.4110913
 endloop
endfacet
facet normal 0.99994546 -0.010448188 0
 outer loop
  vertex 22.345049 4.2680306 -7.4110913
  vertex 22.345049 4.2680306 -5.08102
  vertex 22.33921 3.7092662 -5.08102
 endloop
endfacet
facet normal 0.99994546 -0.010445184 7.2033885e-07
 outer loop
  vertex 22.345049 4.2680306 -7.4110913
  vertex 22.33921 3.7092662 -5.08102
  vertex 22.339214 3.7092662 -10.37643
 endloop
endfacet
facet normal -0.99994546 0.010446657 -1.286359e-06
 outer loop
  vertex 14.950841 14.417734 -10.37643
  vertex 14.92746 12.179702 -10.37643
  vertex 14.927456 12.179702 -7.4110913
 endloop
endfacet
facet normal -0.9999454 0.010446743 -1.2215893e-06
 outer loop
  vertex 14.950841 14.417734 -10.37643
  vertex 14.927456 12.179702 -7.4110913
  vertex 14.9443445 13.796253 -7.4110913
 endloop
endfacet
facet normal -0.9999454 0.010446435 0
 outer loop
  vertex 14.9443445 13.796253 -7.4110913
  vertex 14.9443445 13.796253 -5.08102
  vertex 14.950837 14.417734 -5.08102
 endloop
endfacet
facet normal -0.9999454 0.010449135 -7.2033873e-07
 outer loop
  vertex 14.9443445 13.796253 -7.4110913
  vertex 14.950837 14.417734 -5.08102
  vertex 14.950841 14.417734 -10.37643
 endloop
endfacet
facet normal 0 0 1
 outer loop
  vertex 22.443771 13.717906 -5.08102
  vertex 22.450264 14.339387 -5.08102
  vertex 14.950837 14.417734 -5.08102
 endloop
endfacet
facet normal -0 0 1
 outer loop
  vertex 22.443771 13.717906 -5.08102
  vertex 14.950837 14.417734 -5.08102
  vertex 14.9443445 13.796253 -5.08102
 endloop
endfacet
facet normal 0.010446457 0.9999454 -0
 outer loop
  vertex 14.845621 4.3463774 -5.08102
  vertex 22.345049 4.2680306 -5.08102
  vertex 22.345049 4.2680306 -7.4110913
 endloop
endfacet
facet normal 0.010446457 0.9999454 0
 outer loop
  vertex 14.845621 4.3463774 -5.08102
  vertex 22.345049 4.2680306 -7.4110913
  vertex 14.845621 4.3463774 -7.4110913
 endloop
endfacet
facet normal -0.99994546 0.010446481 -7.2033885e-07
 outer loop
  vertex 14.8397875 3.787613 -10.37643
  vertex 14.839784 3.787613 -5.08102
  vertex 14.845621 4.3463774 -5.08102
 endloop
endfacet
facet normal -0.9999455 0.010439655 0
 outer loop
  vertex 14.8397875 3.787613 -10.37643
  vertex 14.845621 4.3463774 -5.08102
  vertex 14.845621 4.3463774 -7.4110913
 endloop
endfacet
facet normal -0.99994546 0.010446606 -1.3101635e-06
 outer loop
  vertex 14.869528 6.634347 -10.37643
  vertex 14.8397875 3.787613 -10.37643
  vertex 14.845621 4.3463774 -7.4110913
 endloop
endfacet
facet normal -0.99994546 0.010446638 -1.2864243e-06
 outer loop
  vertex 14.869528 6.634347 -10.37643
  vertex 14.845621 4.3463774 -7.4110913
  vertex 14.869524 6.634347 -7.4110913
 endloop
endfacet
facet normal -0.01044646 -0.99994546 -7.525401e-09
 outer loop
  vertex 14.8397875 3.787613 -10.37643
  vertex 22.339214 3.7092662 -10.37643
  vertex 22.33921 3.7092662 -5.08102
 endloop
endfacet
facet normal -0.01044646 -0.99994546 -7.504103e-09
 outer loop
  vertex 14.8397875 3.787613 -10.37643
  vertex 22.33921 3.7092662 -5.08102
  vertex 14.839784 3.787613 -5.08102
 endloop
endfacet
facet normal 0.99994546 -0.010446435 7.203388e-07
 outer loop
  vertex 22.450268 14.339387 -10.37643
  vertex 22.450264 14.339387 -5.08102
  vertex 22.443771 13.717906 -5.08102
 endloop
endfacet
facet normal 0.99994534 -0.010452572 0
 outer loop
  vertex 22.450268 14.339387 -10.37643
  vertex 22.443771 13.717906 -5.08102
  vertex 22.443771 13.717906 -7.4110913
 endloop
endfacet
facet normal 0.99994546 -0.010446232 1.3291609e-06
 outer loop
  vertex 22.426888 12.101355 -10.37643
  vertex 22.450268 14.339387 -10.37643
  vertex 22.443771 13.717906 -7.4110913
 endloop
endfacet
facet normal 0.9999454 -0.010446154 1.2864765e-06
 outer loop
  vertex 22.426888 12.101355 -10.37643
  vertex 22.443771 13.717906 -7.4110913
  vertex 22.426884 12.101355 -7.4110913
 endloop
endfacet
facet normal -0.010446521 -0.9999454 -0
 outer loop
  vertex 22.443771 13.717906 -7.4110913
  vertex 22.443771 13.717906 -5.08102
  vertex 14.9443445 13.796253 -5.08102
 endloop
endfacet
facet normal -0.010446521 -0.9999454 0
 outer loop
  vertex 22.443771 13.717906 -7.4110913
  vertex 14.9443445 13.796253 -5.08102
  vertex 14.9443445 13.796253 -7.4110913
 endloop
endfacet
facet normal 0.99994546 -0.010446484 0
 outer loop
  vertex 4.7020173 18.824646 -4.0349903
  vertex 4.790521 27.2963 -4.0349903
  vertex 4.790521 27.2963 0.87709075
 endloop
endfacet
facet normal 0.99994546 -0.010446484 0
 outer loop
  vertex 4.7020173 18.824646 -4.0349903
  vertex 4.790521 27.2963 0.87709075
  vertex 4.7020173 18.824646 0.87709075
 endloop
endfacet
facet normal 0 -0 -1
 outer loop
  vertex 4.7020173 18.824646 -4.0349903
  vertex 4.1201468 18.830725 -4.0349903
  vertex 4.2086506 27.30238 -4.0349903
 endloop
endfacet
facet normal -0 -0 -1
 outer loop
  vertex 4.7020173 18.824646 -4.0349903
  vertex 4.2086506 27.30238 -4.0349903
  vertex 4.790521 27.2963 -4.0349903
 endloop
endfacet
facet normal 0.01044629 0.99994546 0
 outer loop
  vertex 4.790521 27.2963 -4.0349903
  vertex 4.2086506 27.30238 -4.0349903
  vertex 4.2086506 27.30238 0.87709075
 endloop
endfacet
facet normal 0.01044629 0.99994546 0
 outer loop
  vertex 4.790521 27.2963 -4.0349903
  vertex 4.2086506 27.30238 0.87709075
  vertex 4.790521 27.2963 0.87709075
 endloop
endfacet
facet normal -0 0 1
 outer loop
  vertex 4.790521 27.2963 0.87709075
  vertex 4.2086506 27.30238 0.87709075
  vertex 4.1201468 18.830725 0.87709075
 endloop
endfacet
facet normal 0 -0 1
 outer loop
  vertex 4.790521 27.2963 0.87709075
  vertex 4.1201468 18.830725 0.87709075
  vertex 4.7020173 18.824646 0.87709075
 endloop
endfacet
facet normal -0.01044629 -0.99994546 -0
 outer loop
  vertex 4.7020173 18.824646 -4.0349903
  vertex 4.7020173 18.824646 0.87709075
  vertex 4.1201468 18.830725 0.87709075
 endloop
endfacet
facet normal -0.01044629 -0.99994546 0
 outer loop
  vertex 4.7020173 18.824646 -4.0349903
  vertex 4.1201468 18.830725 0.87709075
  vertex 4.1201468 18.830725 -4.0349903
 endloop
endfacet
facet normal -0.99994546 0.010446365 -3.570799e-07
 outer loop
  vertex -4.637482 9.12029 -10.37643
  vertex -4.6748137 5.5468416 -10.37643
  vertex -4.6748157 5.5468416 -5.0352035
 endloop
endfacet
facet normal -0.99994546 0.010446365 -3.5754724e-07
 outer loop
  vertex -4.637482 9.12029 -10.37643
  vertex -4.6748157 5.5468416 -5.0352035
  vertex -4.637484 9.12029 -5.0352035
 endloop
endfacet
facet normal -0.010446454 -0.99994534 -0
 outer loop
  vertex -12.2709465 7.458633 3.2734084
  vertex 1.2157022 7.3177376 3.2734084
  vertex 1.2157022 7.3177376 3.6492937
 endloop
endfacet
facet normal -0.010446454 -0.99994534 0
 outer loop
  vertex -12.2709465 7.458633 3.2734084
  vertex 1.2157022 7.3177376 3.6492937
  vertex -12.2709465 7.458633 3.6492937
 endloop
endfacet
facet normal 0 0 1
 outer loop
  vertex 3.9804251 5.45642 -5.0352035
  vertex 4.017757 9.029869 -5.0352035
  vertex -4.637484 9.12029 -5.0352035
 endloop
endfacet
facet normal -0 0 1
 outer loop
  vertex 3.9804251 5.45642 -5.0352035
  vertex -4.637484 9.12029 -5.0352035
  vertex -4.6748157 5.5468416 -5.0352035
 endloop
endfacet
facet normal -0.010446598 -0.9999454 -3.7304737e-09
 outer loop
  vertex -4.6748157 5.5468416 -5.0352035
  vertex -4.6748137 5.5468416 -10.37643
  vertex -2.437362 5.5234666 -10.37643
 endloop
endfacet
facet normal -0.010446595 -0.99994546 -2.6394547e-09
 outer loop
  vertex -4.6748157 5.5468416 -5.0352035
  vertex -2.437362 5.5234666 -10.37643
  vertex -2.437363 5.5234666 -6.601919
 endloop
endfacet
facet normal -0.010446473 -0.9999454 1.7141612e-07
 outer loop
  vertex 3.9804251 5.45642 -5.0352035
  vertex -4.6748157 5.5468416 -5.0352035
  vertex -2.437363 5.5234666 -6.601919
 endloop
endfacet
facet normal -0.010446364 -0.99994546 -2.8187677e-07
 outer loop
  vertex 3.9804251 5.45642 -5.0352035
  vertex -2.437363 5.5234666 -6.601919
  vertex 1.8138955 5.479054 -6.601919
 endloop
endfacet
facet normal -0.010446565 -0.99994546 -0
 outer loop
  vertex 3.9804251 5.45642 -10.37643
  vertex 3.9804251 5.45642 -5.0352035
  vertex 1.8138955 5.479054 -6.601919
 endloop
endfacet
facet normal -0.010446566 -0.9999454 0
 outer loop
  vertex 3.9804251 5.45642 -10.37643
  vertex 1.8138955 5.479054 -6.601919
  vertex 1.8138955 5.479054 -10.37643
 endloop
endfacet
facet normal -0.010446442 -0.9999454 -1.1420267e-08
 outer loop
  vertex -6.169339 -4.5095773 -6.8870177
  vertex -15.377621 -4.4133782 -6.8870177
  vertex -15.377617 -4.4133782 -10.37643
 endloop
endfacet
facet normal -0.010446446 -0.9999454 0
 outer loop
  vertex -6.169339 -4.5095773 -6.8870177
  vertex -15.377617 -4.4133782 -10.37643
  vertex -6.169339 -4.5095773 -10.37643
 endloop
endfacet
facet normal 0.99994546 -0.010446447 0
 outer loop
  vertex 1.7831753 2.5384905 -10.37643
  vertex 1.8138955 5.479054 -10.37643
  vertex 1.8138955 5.479054 -6.601919
 endloop
endfacet
facet normal 0.99994546 -0.010446455 6.361751e-09
 outer loop
  vertex 1.7831753 2.5384905 -10.37643
  vertex 1.8138955 5.479054 -6.601919
  vertex 1.7928269 3.4623485 -6.601919
 endloop
endfacet
facet normal 0.99994546 -0.010446428 0
 outer loop
  vertex 1.7831753 2.5384905 -4.584119
  vertex 1.7831753 2.5384905 -10.37643
  vertex 1.7928269 3.4623485 -6.601919
 endloop
endfacet
facet normal 0.9999454 -0.010446427 0
 outer loop
  vertex 1.7831753 2.5384905 -4.584119
  vertex 1.7928269 3.4623485 -6.601919
  vertex 1.7928269 3.4623485 -4.584119
 endloop
endfacet
facet normal -0 0 1
 outer loop
  vertex 1.8138955 5.479054 -6.601919
  vertex -2.437363 5.5234666 -6.601919
  vertex -2.4584315 3.5067616 -6.601919
 endloop
endfacet
facet normal 0 -0 1
 outer loop
  vertex 1.8138955 5.479054 -6.601919
  vertex -2.4584315 3.5067616 -6.601919
  vertex 1.7928269 3.4623485 -6.601919
 endloop
endfacet
facet normal -0 0 1
 outer loop
  vertex 1.7928269 3.4623485 -4.584119
  vertex -2.4584315 3.5067616 -4.584119
  vertex -2.468083 2.5829036 -4.584119
 endloop
endfacet
facet normal 0 -0 1
 outer loop
  vertex 1.7928269 3.4623485 -4.584119
  vertex -2.468083 2.5829036 -4.584119
  vertex 1.7831753 2.5384905 -4.584119
 endloop
endfacet
facet normal 0.010446475 0.9999454 0
 outer loop
  vertex 1.7928269 3.4623485 -6.601919
  vertex -2.4584315 3.5067616 -6.601919
  vertex -2.4584315 3.5067616 -4.584119
 endloop
endfacet
facet normal 0.010446475 0.9999454 0
 outer loop
  vertex 1.7928269 3.4623485 -6.601919
  vertex -2.4584315 3.5067616 -4.584119
  vertex 1.7928269 3.4623485 -4.584119
 endloop
endfacet
facet normal -0.99994546 0.010446299 -1.646359e-07
 outer loop
  vertex -2.468082 2.5829036 -10.37643
  vertex -2.468083 2.5829036 -4.584119
  vertex -2.4584315 3.5067616 -4.584119
 endloop
endfacet
facet normal -0.99994546 0.010445268 0
 outer loop
  vertex -2.468082 2.5829036 -10.37643
  vertex -2.4584315 3.5067616 -4.584119
  vertex -2.4584315 3.5067616 -6.601919
 endloop
endfacet
facet normal -0.99994546 0.010446408 -2.7940203e-07
 outer loop
  vertex -2.437362 5.5234666 -10.37643
  vertex -2.468082 2.5829036 -10.37643
  vertex -2.4584315 3.5067616 -6.601919
 endloop
endfacet
facet normal -0.99994546 0.010446458 -2.5251265e-07
 outer loop
  vertex -2.437362 5.5234666 -10.37643
  vertex -2.4584315 3.5067616 -6.601919
  vertex -2.437363 5.5234666 -6.601919
 endloop
endfacet
facet normal -0.010446477 -0.99994546 -1.7199588e-09
 outer loop
  vertex 1.7831753 2.5384905 -4.584119
  vertex -2.468083 2.5829036 -4.584119
  vertex -2.468082 2.5829036 -10.37643
 endloop
endfacet
facet normal -0.010446479 -0.99994546 0
 outer loop
  vertex 1.7831753 2.5384905 -4.584119
  vertex -2.468082 2.5829036 -10.37643
  vertex 1.7831753 2.5384905 -10.37643
 endloop
endfacet
facet normal -5.1777867e-08 5.4098465e-10 1
 outer loop
  vertex -6.0267963 9.134805 -3.7141
  vertex -15.235077 9.231004 -3.7141004
  vertex -15.241565 8.610049 -3.7141004
 endloop
endfacet
facet normal -5.1777864e-08 5.4090504e-10 1
 outer loop
  vertex -6.0267963 9.134805 -3.7141
  vertex -15.241565 8.610049 -3.7141004
  vertex -6.033283 8.51385 -3.7141
 endloop
endfacet
facet normal 0.99994546 -0.010446445 0
 outer loop
  vertex -6.033283 8.51385 -6.8870177
  vertex -6.169339 -4.5095773 -6.8870177
  vertex -6.169339 -4.5095773 -10.37643
 endloop
endfacet
facet normal 0.99994546 -0.010446427 -6.2592214e-08
 outer loop
  vertex -6.033283 8.51385 -6.8870177
  vertex -6.169339 -4.5095773 -10.37643
  vertex -6.0267963 9.134805 -10.37643
 endloop
endfacet
facet normal 0.99994546 -0.010446077 0
 outer loop
  vertex -6.0267963 9.134805 -10.37643
  vertex -6.0267963 9.134805 -3.7141
  vertex -6.033283 8.51385 -3.7141
 endloop
endfacet
facet normal 0.9999454 -0.010446077 0
 outer loop
  vertex -6.0267963 9.134805 -10.37643
  vertex -6.033283 8.51385 -3.7141
  vertex -6.033283 8.51385 -6.8870177
 endloop
endfacet
facet normal -0 0 1
 outer loop
  vertex -6.033283 8.51385 -6.8870177
  vertex -15.241565 8.610049 -6.8870177
  vertex -15.377621 -4.4133782 -6.8870177
 endloop
endfacet
facet normal 0 -0 1
 outer loop
  vertex -6.033283 8.51385 -6.8870177
  vertex -15.377621 -4.4133782 -6.8870177
  vertex -6.169339 -4.5095773 -6.8870177
 endloop
endfacet
facet normal -0.010446456 -0.99994546 1.1386727e-07
 outer loop
  vertex 1.2157022 7.3177376 0.5814276
  vertex -12.2709465 7.458633 0.5814276
  vertex -12.27095 7.458633 0.23145813
 endloop
endfacet
facet normal -0.0104464535 -0.99994546 0
 outer loop
  vertex 1.2157022 7.3177376 0.5814276
  vertex -12.27095 7.458633 0.23145813
  vertex 1.2157022 7.3177376 0.23145813
 endloop
endfacet
facet normal -0.99994546 0.01044693 0
 outer loop
  vertex -12.2709465 7.458633 3.6492937
  vertex -12.252755 9.199847 3.6492937
  vertex -12.252755 9.199847 3.2734084
 endloop
endfacet
facet normal -0.99994546 0.01044693 0
 outer loop
  vertex -12.2709465 7.458633 3.6492937
  vertex -12.252755 9.199847 3.2734084
  vertex -12.2709465 7.458633 3.2734084
 endloop
endfacet
facet normal 0 0 -1
 outer loop
  vertex 1.2338927 9.058951 3.2734084
  vertex 1.2157022 7.3177376 3.2734084
  vertex -12.2709465 7.458633 3.2734084
 endloop
endfacet
facet normal 0 -0 -1
 outer loop
  vertex 1.2338927 9.058951 3.2734084
  vertex -12.2709465 7.458633 3.2734084
  vertex -12.252755 9.199847 3.2734084
 endloop
endfacet
facet normal 0.99994546 -0.010446454 0
 outer loop
  vertex 1.2157022 7.3177376 3.2734084
  vertex 1.2338927 9.058951 3.2734084
  vertex 1.2338927 9.058951 3.6492946
 endloop
endfacet
facet normal 0.99994546 -0.010446455 0
 outer loop
  vertex 1.2157022 7.3177376 3.2734084
  vertex 1.2338927 9.058951 3.6492946
  vertex 1.2157022 7.3177376 3.6492937
 endloop
endfacet
facet normal -5.7212803e-09 -5.4764683e-07 1
 outer loop
  vertex -12.2709465 7.458633 3.6492937
  vertex 1.2157022 7.3177376 3.6492937
  vertex 1.2338927 9.058951 3.6492946
 endloop
endfacet
facet normal -7.0704765e-08 7.386881e-10 1
 outer loop
  vertex -12.2709465 7.458633 3.6492937
  vertex 1.2338927 9.058951 3.6492946
  vertex -12.252755 9.199847 3.6492937
 endloop
endfacet
facet normal 0 -0 1
 outer loop
  vertex -12.252755 9.199847 0.5814276
  vertex -12.2709465 7.458633 0.5814276
  vertex 1.2157022 7.3177376 0.5814276
 endloop
endfacet
facet normal 0 0 1
 outer loop
  vertex -12.252755 9.199847 0.5814276
  vertex 1.2157022 7.3177376 0.5814276
  vertex 1.2338927 9.058951 0.5814276
 endloop
endfacet
facet normal 0.9999454 -0.010446454 0
 outer loop
  vertex 1.2157022 7.3177376 0.23145813
  vertex 1.2338927 9.058951 0.23145813
  vertex 1.2338927 9.058951 0.5814276
 endloop
endfacet
facet normal 0.9999454 -0.010446454 0
 outer loop
  vertex 1.2157022 7.3177376 0.23145813
  vertex 1.2338927 9.058951 0.5814276
  vertex 1.2157022 7.3177376 0.5814276
 endloop
endfacet
facet normal -0.9999454 0.01044693 1.0899492e-05
 outer loop
  vertex -12.2709465 7.458633 0.5814276
  vertex -12.252755 9.199847 0.5814276
  vertex -12.252759 9.199847 0.23145813
 endloop
endfacet
facet normal -0.9999454 0.01044693 1.0899471e-05
 outer loop
  vertex -12.2709465 7.458633 0.5814276
  vertex -12.252759 9.199847 0.23145813
  vertex -12.27095 7.458633 0.23145813
 endloop
endfacet
facet normal 0 -0 -1
 outer loop
  vertex 1.2157022 7.3177376 0.23145813
  vertex -12.27095 7.458633 0.23145813
  vertex -12.252759 9.199847 0.23145813
 endloop
endfacet
facet normal -0 -0 -1
 outer loop
  vertex 1.2157022 7.3177376 0.23145813
  vertex -12.252759 9.199847 0.23145813
  vertex 1.2338927 9.058951 0.23145813
 endloop
endfacet
facet normal -0.99994546 0.010446339 -1.0784267e-06
 outer loop
  vertex 18.032352 16.360607 -6.839342
  vertex 18.156914 28.283876 -6.8393426
  vertex 18.156918 28.283876 -10.37643
 endloop
endfacet
facet normal -0.99994546 0.010446499 -5.398569e-07
 outer loop
  vertex 18.032352 16.360607 -6.839342
  vertex 18.156918 28.283876 -10.37643
  vertex 18.032354 16.360607 -10.37643
 endloop
endfacet
facet normal -0.99994546 0.010445722 0
 outer loop
  vertex 23.684763 28.261347 10.418196
  vertex 23.705885 30.283306 10.418196
  vertex 23.684763 28.261347 8.60792
 endloop
endfacet
facet normal -0.99994546 0.010445723 0
 outer loop
  vertex 23.684763 28.261347 8.60792
  vertex 23.705885 30.283306 10.418196
  vertex 23.705885 30.283306 -10.37643
 endloop
endfacet
facet normal -0.9999454 0.010448141 2.5746806e-07
 outer loop
  vertex 23.684763 28.261347 8.60792
  vertex 23.705885 30.283306 -10.37643
  vertex 23.684391 28.226131 -6.8393426
 endloop
endfacet
facet normal -0.9999454 0.010445843 -1.0784267e-06
 outer loop
  vertex 23.684395 28.226131 -10.37643
  vertex 23.684391 28.226131 -6.8393426
  vertex 23.705885 30.283306 -10.37643
 endloop
endfacet
facet normal -0.9999454 0.010446498 2.6122925e-07
 outer loop
  vertex 23.684763 28.261347 8.60792
  vertex 23.684391 28.226131 -6.8393426
  vertex 23.559828 16.302862 -6.8393426
 endloop
endfacet
facet normal -0.9999454 0.010446451 2.9817525e-07
 outer loop
  vertex 23.684763 28.261347 8.60792
  vertex 23.559828 16.302862 -6.8393426
  vertex 23.365728 -2.2769825 8.60792
 endloop
endfacet
facet normal -0.99994546 0.01044645 -1.0784267e-06
 outer loop
  vertex 23.559828 16.302862 -6.8393426
  vertex 23.559832 16.302862 -10.37643
  vertex 23.51582 12.089979 -10.37643
 endloop
endfacet
facet normal -0.9999454 0.010446195 -7.758527e-07
 outer loop
  vertex 23.559828 16.302862 -6.8393426
  vertex 23.51582 12.089979 -10.37643
  vertex 23.515816 12.089979 -5.459918
 endloop
endfacet
facet normal -0.99994546 0.010446609 4.895266e-07
 outer loop
  vertex 23.365728 -2.2769825 8.60792
  vertex 23.559828 16.302862 -6.8393426
  vertex 23.515816 12.089979 -5.459918
 endloop
endfacet
facet normal -0.9999454 0.010446352 2.2461924e-07
 outer loop
  vertex 23.365728 -2.2769825 8.60792
  vertex 23.515816 12.089979 -5.459918
  vertex 23.457884 6.544623 -5.459918
 endloop
endfacet
facet normal -0.9999454 0.010446697 -7.738264e-07
 outer loop
  vertex 23.457884 6.544623 -5.459918
  vertex 23.457888 6.544624 -10.37643
  vertex 23.412212 2.1726406 -10.37643
 endloop
endfacet
facet normal -0.9999454 0.010445826 0
 outer loop
  vertex 23.457884 6.544623 -5.459918
  vertex 23.412212 2.1726406 -10.37643
  vertex 23.412212 2.1726406 1.3854648
 endloop
endfacet
facet normal -0.9999456 0.010436828 -5.7356497e-06
 outer loop
  vertex 23.457884 6.544623 -5.459918
  vertex 23.412212 2.1726406 1.3854648
  vertex 23.365728 -2.2769825 8.60792
 endloop
endfacet
facet normal -0.99994546 0.010446084 -4.4366256e-08
 outer loop
  vertex 23.412212 2.1726406 1.3854648
  vertex 23.369312 -1.9339457 1.3854648
  vertex 23.365728 -2.2769825 8.60792
 endloop
endfacet
facet normal -0.9999454 0.010447018 0
 outer loop
  vertex 23.365728 -2.2769825 8.60792
  vertex 23.369312 -1.9339457 1.3854648
  vertex 23.365728 -2.2769825 0.7262741
 endloop
endfacet
facet normal -0.9999454 0.010447017 0
 outer loop
  vertex 23.365728 -2.2769825 0.7262741
  vertex 23.369312 -1.9339457 1.3854648
  vertex 23.369312 -1.9339457 -10.37643
 endloop
endfacet
facet normal -0.9999449 0.010492168 1.395129e-06
 outer loop
  vertex 23.365728 -2.2769825 0.7262741
  vertex 23.369312 -1.9339457 -10.37643
  vertex 23.366247 -2.2268417 -4.517662
 endloop
endfacet
facet normal -0.9999454 0.010451241 -6.510736e-07
 outer loop
  vertex 23.366251 -2.2268417 -10.37643
  vertex 23.366247 -2.2268417 -4.517662
  vertex 23.369312 -1.9339457 -10.37643
 endloop
endfacet
facet normal -0.99994546 0.010446433 9.577861e-07
 outer loop
  vertex 23.365728 -2.2769825 0.7262741
  vertex 23.366247 -2.2268417 -4.517662
  vertex 23.222168 -16.018282 -4.517662
 endloop
endfacet
facet normal -0.99994534 0.01044652 7.274095e-07
 outer loop
  vertex 23.365728 -2.2769825 0.7262741
  vertex 23.222168 -16.018282 -4.517662
  vertex 23.222172 -16.018282 0.7262741
 endloop
endfacet
facet normal -0.0104463305 -0.99994546 -5.6331078e-09
 outer loop
  vertex 23.559828 16.302862 -6.8393426
  vertex 18.032352 16.360607 -6.839342
  vertex 18.032354 16.360607 -10.37643
 endloop
endfacet
facet normal -0.010446326 -0.99994546 -1.0669688e-08
 outer loop
  vertex 23.559828 16.302862 -6.8393426
  vertex 18.032354 16.360607 -10.37643
  vertex 23.559832 16.302862 -10.37643
 endloop
endfacet
facet normal 0.010446326 0.99994546 1.1266212e-08
 outer loop
  vertex 18.156914 28.283876 -6.8393426
  vertex 23.684391 28.226131 -6.8393426
  vertex 23.684395 28.226131 -10.37643
 endloop
endfacet
facet normal 0.010446326 0.99994546 1.0669688e-08
 outer loop
  vertex 18.156914 28.283876 -6.8393426
  vertex 23.684395 28.226131 -10.37643
  vertex 18.156918 28.283876 -10.37643
 endloop
endfacet
facet normal 4.177482e-10 3.9987782e-08 1
 outer loop
  vertex 23.684391 28.226131 -6.8393426
  vertex 18.156914 28.283876 -6.8393426
  vertex 18.032352 16.360607 -6.839342
 endloop
endfacet
facet normal 8.62573e-08 -9.0113594e-10 1
 outer loop
  vertex 23.684391 28.226131 -6.8393426
  vertex 18.032352 16.360607 -6.839342
  vertex 23.559828 16.302862 -6.8393426
 endloop
endfacet
facet normal 0.99994546 -0.010446463 0
 outer loop
  vertex 5.512726 9.66091 8.458903
  vertex 5.512726 9.66091 5.8257055
  vertex 5.5941696 17.456787 5.8257055
 endloop
endfacet
facet normal 0.99994546 -0.010446463 0
 outer loop
  vertex 5.512726 9.66091 8.458903
  vertex 5.5941696 17.456787 5.8257055
  vertex 5.5941696 17.456787 8.458903
 endloop
endfacet
facet normal -0.010446166 -0.99994534 -0
 outer loop
  vertex 4.017757 9.029869 -5.0352035
  vertex 4.017757 9.029869 8.60792
  vertex 1.2338927 9.058951 0.23145813
 endloop
endfacet
facet normal -0.010446168 -0.9999454 0
 outer loop
  vertex 1.2338927 9.058951 0.5814276
  vertex 1.2338927 9.058951 0.23145813
  vertex 4.017757 9.029869 8.60792
 endloop
endfacet
facet normal -0.0104461685 -0.9999454 0
 outer loop
  vertex 1.2338927 9.058951 0.5814276
  vertex 4.017757 9.029869 8.60792
  vertex 1.2338927 9.058951 3.2734084
 endloop
endfacet
facet normal -0.010446363 -0.99994546 -1.03946284e-07
 outer loop
  vertex -4.637484 9.12029 -5.0352035
  vertex 4.017757 9.029869 -5.0352035
  vertex 1.2338927 9.058951 0.23145813
 endloop
endfacet
facet normal -0.010446717 -0.99994546 2.9259533e-07
 outer loop
  vertex -4.637484 9.12029 -5.0352035
  vertex 1.2338927 9.058951 0.23145813
  vertex -6.0267963 9.134805 -3.7141
 endloop
endfacet
facet normal -0.010446449 -0.9999454 1.5795054e-07
 outer loop
  vertex 1.2338927 9.058951 3.6492946
  vertex 4.017757 9.029869 8.60792
  vertex -15.235073 9.231004 8.60792
 endloop
endfacet
facet normal -0.010446491 -0.99994534 1.6042184e-08
 outer loop
  vertex 1.2338927 9.058951 3.6492946
  vertex -15.235073 9.231004 8.60792
  vertex -12.252755 9.199847 3.6492937
 endloop
endfacet
facet normal -0.010446513 -0.9999454 3.2340708e-09
 outer loop
  vertex -12.252755 9.199847 3.6492937
  vertex -15.235073 9.231004 8.60792
  vertex -15.235077 9.231004 -3.7141004
 endloop
endfacet
facet normal -0.010446514 -0.99994534 0
 outer loop
  vertex -12.252755 9.199847 3.6492937
  vertex -15.235077 9.231004 -3.7141004
  vertex -12.252755 9.199847 3.2734084
 endloop
endfacet
facet normal -0.010446975 -0.9999454 0
 outer loop
  vertex -6.0267963 9.134805 -3.7141
  vertex -6.0267963 9.134805 -10.37643
  vertex -4.637482 9.12029 -10.37643
 endloop
endfacet
facet normal -0.010446994 -0.99994546 -3.7306154e-09
 outer loop
  vertex -6.0267963 9.134805 -3.7141
  vertex -4.637482 9.12029 -10.37643
  vertex -4.637484 9.12029 -5.0352035
 endloop
endfacet
facet normal -0.010446489 -0.99994546 -1.2768758e-07
 outer loop
  vertex -6.0267963 9.134805 -3.7141
  vertex 1.2338927 9.058951 0.23145813
  vertex -12.252759 9.199847 0.23145813
 endloop
endfacet
facet normal -0.010446444 -0.9999455 -5.659636e-08
 outer loop
  vertex -6.0267963 9.134805 -3.7141
  vertex -12.252759 9.199847 0.23145813
  vertex -15.235077 9.231004 -3.7141004
 endloop
endfacet
facet normal -0.010446536 -0.99994546 1.31395685e-08
 outer loop
  vertex -12.252755 9.199847 3.2734084
  vertex -15.235077 9.231004 -3.7141004
  vertex -12.252759 9.199847 0.23145813
 endloop
endfacet
facet normal -0 -1 0
 outer loop
  vertex -12.252755 9.199847 3.2734084
  vertex -12.252759 9.199847 0.23145813
  vertex -12.252755 9.199847 0.5814276
 endloop
endfacet
facet normal -0.010446491 -0.99994534 0
 outer loop
  vertex -12.252755 9.199847 3.2734084
  vertex -12.252755 9.199847 0.5814276
  vertex 1.2338927 9.058951 0.5814276
 endloop
endfacet
facet normal -0.010446491 -0.99994534 -0
 outer loop
  vertex -12.252755 9.199847 3.2734084
  vertex 1.2338927 9.058951 0.5814276
  vertex 1.2338927 9.058951 3.2734084
 endloop
endfacet
facet normal -0.010446167 -0.99994546 0
 outer loop
  vertex 4.017757 9.029869 8.60792
  vertex 1.2338927 9.058951 3.6492946
  vertex 1.2338927 9.058951 3.2734084
 endloop
endfacet
facet normal 0.9999454 -0.010447612 -3.0956687e-07
 outer loop
  vertex -15.235077 9.231004 -3.7141004
  vertex -15.235073 9.231004 8.60792
  vertex -15.241565 8.610049 -3.7141004
 endloop
endfacet
facet normal 0.9999454 -0.010446508 -3.652182e-07
 outer loop
  vertex -15.241565 8.610049 -3.7141004
  vertex -15.235073 9.231004 8.60792
  vertex -15.380319 -4.6719785 8.60792
 endloop
endfacet
facet normal 0.9999454 -0.010446387 -2.3495778e-07
 outer loop
  vertex -15.241565 8.610049 -3.7141004
  vertex -15.380319 -4.6719785 8.60792
  vertex -15.377621 -4.4133782 -6.8870177
 endloop
endfacet
facet normal 0.9999454 -0.010447117 -7.872127e-10
 outer loop
  vertex -15.380319 -4.6719785 8.60792
  vertex -15.380319 -4.671977 -10.37643
  vertex -15.377617 -4.4133782 -10.37643
 endloop
endfacet
facet normal 0.9999463 -0.010366817 1.093162e-06
 outer loop
  vertex -15.380319 -4.6719785 8.60792
  vertex -15.377617 -4.4133782 -10.37643
  vertex -15.377621 -4.4133782 -6.8870177
 endloop
endfacet
facet normal 0.99994546 -0.010446444 0
 outer loop
  vertex -15.241565 8.610049 -6.8870177
  vertex -15.241565 8.610049 -3.7141004
  vertex -15.377621 -4.4133782 -6.8870177
 endloop
endfacet
facet normal 0.010446431 0.9999454 7.5348034e-08
 outer loop
  vertex 2.60571 -4.859877 -10.37643
  vertex -15.380319 -4.671977 -10.37643
  vertex -15.380319 -4.6719785 8.60792
 endloop
endfacet
facet normal 0.010446431 0.9999454 7.540657e-08
 outer loop
  vertex 2.60571 -4.859877 -10.37643
  vertex -15.380319 -4.6719785 8.60792
  vertex 2.60571 -4.8598785 8.60792
 endloop
endfacet
facet normal -0.99994534 0.010446552 0
 outer loop
  vertex 12.60904 -15.907407 0.7262741
  vertex 12.60904 -15.907407 8.60792
  vertex 12.631575 -13.750414 8.60792
 endloop
endfacet
facet normal -0.99994534 0.010446552 0
 outer loop
  vertex 12.60904 -15.907407 0.7262741
  vertex 12.631575 -13.750414 8.60792
  vertex 12.631575 -13.750414 0.7262741
 endloop
endfacet
facet normal 0.010446422 0.99994546 0
 outer loop
  vertex 12.631575 -13.750414 0.7262741
  vertex 12.631575 -13.750414 8.60792
  vertex 20.777477 -13.835514 8.60792
 endloop
endfacet
facet normal 0.010446422 0.99994546 -0
 outer loop
  vertex 12.631575 -13.750414 0.7262741
  vertex 20.777477 -13.835514 8.60792
  vertex 20.777477 -13.835514 0.7262741
 endloop
endfacet
facet normal -0.99994546 0.010446597 0
 outer loop
  vertex 20.777477 -13.835514 0.7262741
  vertex 20.777477 -13.835514 8.60792
  vertex 20.8985 -2.2512074 8.60792
 endloop
endfacet
facet normal -0.99994546 0.010446597 0
 outer loop
  vertex 20.777477 -13.835514 0.7262741
  vertex 20.8985 -2.2512074 8.60792
  vertex 20.8985 -2.2512074 0.7262741
 endloop
endfacet
facet normal 0.010446456 0.99994546 0
 outer loop
  vertex 20.8985 -2.2512074 0.7262741
  vertex 20.8985 -2.2512074 8.60792
  vertex 23.365728 -2.2769825 8.60792
 endloop
endfacet
facet normal 0.010446456 0.99994546 -0
 outer loop
  vertex 20.8985 -2.2512074 0.7262741
  vertex 23.365728 -2.2769825 8.60792
  vertex 23.365728 -2.2769825 0.7262741
 endloop
endfacet
facet normal -0.010446685 -0.9999454 0
 outer loop
  vertex 5.512726 9.66091 8.458903
  vertex 4.024512 9.676457 8.458903
  vertex 4.024512 9.676457 5.8257055
 endloop
endfacet
facet normal -0.010446685 -0.9999454 0
 outer loop
  vertex 5.512726 9.66091 8.458903
  vertex 4.024512 9.676457 5.8257055
  vertex 5.512726 9.66091 5.8257055
 endloop
endfacet
facet normal 0 -0 -1
 outer loop
  vertex 5.512726 9.66091 5.8257055
  vertex 4.024512 9.676457 5.8257055
  vertex 4.1059556 17.472336 5.8257055
 endloop
endfacet
facet normal -0 -0 -1
 outer loop
  vertex 5.512726 9.66091 5.8257055
  vertex 4.1059556 17.472336 5.8257055
  vertex 5.5941696 17.456787 5.8257055
 endloop
endfacet
facet normal 0.010447326 0.9999454 0
 outer loop
  vertex 5.5941696 17.456787 5.8257055
  vertex 4.1059556 17.472336 5.8257055
  vertex 4.1059556 17.472336 8.458903
 endloop
endfacet
facet normal 0.010447326 0.9999454 0
 outer loop
  vertex 5.5941696 17.456787 5.8257055
  vertex 4.1059556 17.472336 8.458903
  vertex 5.5941696 17.456787 8.458903
 endloop
endfacet
facet normal 0 0 1
 outer loop
  vertex 5.512726 9.66091 8.458903
  vertex 5.5941696 17.456787 8.458903
  vertex 4.1059556 17.472336 8.458903
 endloop
endfacet
facet normal -0 0 1
 outer loop
  vertex 5.512726 9.66091 8.458903
  vertex 4.1059556 17.472336 8.458903
  vertex 4.024512 9.676457 8.458903
 endloop
endfacet
facet normal -0.9999454 0.010446084 0
 outer loop
  vertex 18.679749 -1.8849537 -10.37643
  vertex 18.679749 -1.8849537 1.3854648
  vertex 18.722649 2.2216327 1.3854648
 endloop
endfacet
facet normal -0.9999454 0.010446084 0
 outer loop
  vertex 18.679749 -1.8849537 -10.37643
  vertex 18.722649 2.2216327 1.3854648
  vertex 18.722649 2.2216327 -10.37643
 endloop
endfacet
facet normal -0.0104464395 -0.99994546 -0
 outer loop
  vertex 23.369312 -1.9339457 -10.37643
  vertex 23.369312 -1.9339457 1.3854648
  vertex 18.679749 -1.8849537 1.3854648
 endloop
endfacet
facet normal -0.0104464395 -0.99994546 0
 outer loop
  vertex 23.369312 -1.9339457 -10.37643
  vertex 18.679749 -1.8849537 1.3854648
  vertex 18.679749 -1.8849537 -10.37643
 endloop
endfacet
facet normal 0.01044649 0.99994546 0
 outer loop
  vertex 23.412212 2.1726406 -10.37643
  vertex 18.722649 2.2216327 -10.37643
  vertex 18.722649 2.2216327 1.3854648
 endloop
endfacet
facet normal 0.01044649 0.99994546 0
 outer loop
  vertex 23.412212 2.1726406 -10.37643
  vertex 18.722649 2.2216327 1.3854648
  vertex 23.412212 2.1726406 1.3854648
 endloop
endfacet
facet normal 0 0 1
 outer loop
  vertex 18.679749 -1.8849537 1.3854648
  vertex 23.369312 -1.9339457 1.3854648
  vertex 23.412212 2.1726406 1.3854648
 endloop
endfacet
facet normal 0 0 1
 outer loop
  vertex 18.679749 -1.8849537 1.3854648
  vertex 23.412212 2.1726406 1.3854648
  vertex 18.722649 2.2216327 1.3854648
 endloop
endfacet
facet normal 8.457478e-07 -4.0259923e-07 -1
 outer loop
  vertex 1.4664501 -6.4973383 4.7721834
  vertex 2.588481 -6.50906 4.7721844
  vertex 2.5378783 -11.352948 4.7721863
 endloop
endfacet
facet normal 8.457475e-07 -4.0259937e-07 -1
 outer loop
  vertex 1.4664501 -6.4973383 4.7721834
  vertex 2.5378783 -11.352948 4.7721863
  vertex 1.4158468 -11.341227 4.7721853
 endloop
endfacet
facet normal -0.99994546 0.0104465075 0
 outer loop
  vertex -3.4395993 -11.719003 -10.37643
  vertex -3.4768665 -15.286241 -10.37643
  vertex -3.4768665 -15.286241 -3.893089
 endloop
endfacet
facet normal -0.99994546 0.0104465075 0
 outer loop
  vertex -3.4395993 -11.719003 -10.37643
  vertex -3.4768665 -15.286241 -3.893089
  vertex -3.4395993 -11.719003 -3.893089
 endloop
endfacet
facet normal 0.010446206 0.99994546 0
 outer loop
  vertex 2.5378783 -11.352948 -10.37643
  vertex 1.4158468 -11.341227 -10.37643
  vertex 1.4158468 -11.341227 4.7721853
 endloop
endfacet
facet normal 0.010446206 0.99994546 0
 outer loop
  vertex 2.5378783 -11.352948 -10.37643
  vertex 1.4158468 -11.341227 4.7721853
  vertex 2.5378783 -11.352948 4.7721863
 endloop
endfacet
facet normal -0.010446212 -0.99994546 -0
 outer loop
  vertex 1.4664501 -6.4973383 -10.37643
  vertex 2.588481 -6.50906 -10.37643
  vertex 2.588481 -6.50906 4.7721844
 endloop
endfacet
facet normal -0.010446212 -0.99994546 0
 outer loop
  vertex 1.4664501 -6.4973383 -10.37643
  vertex 2.588481 -6.50906 4.7721844
  vertex 1.4664501 -6.4973383 4.7721834
 endloop
endfacet
facet normal 0 0 1
 outer loop
  vertex -3.4768665 -15.286241 -3.893089
  vertex 1.3741038 -15.336919 -3.893089
  vertex 1.4113708 -11.769681 -3.893089
 endloop
endfacet
facet normal 0 0 1
 outer loop
  vertex -3.4768665 -15.286241 -3.893089
  vertex 1.4113708 -11.769681 -3.893089
  vertex -3.4395993 -11.719003 -3.893089
 endloop
endfacet
facet normal 0.010446464 0.9999454 0
 outer loop
  vertex -3.4395993 -11.719003 -10.37643
  vertex -3.4395993 -11.719003 -3.893089
  vertex 1.4113708 -11.769681 -3.893089
 endloop
endfacet
facet normal 0.010446464 0.9999454 -0
 outer loop
  vertex -3.4395993 -11.719003 -10.37643
  vertex 1.4113708 -11.769681 -3.893089
  vertex 1.4113708 -11.769681 -10.37643
 endloop
endfacet
facet normal 0.01044638 0.99994546 -0
 outer loop
  vertex -4.5545073 -11.066907 -7.371059
  vertex -4.5545073 -11.066907 -10.37643
  vertex -7.4046807 -11.037131 -10.37643
 endloop
endfacet
facet normal 0.01044638 0.99994546 0
 outer loop
  vertex -4.5545073 -11.066907 -7.371059
  vertex -7.4046807 -11.037131 -10.37643
  vertex -7.4046807 -11.037131 -7.371059
 endloop
endfacet
facet normal 0.01044638 0.9999454 -0
 outer loop
  vertex -4.5880404 -14.276755 -5.418605
  vertex -4.5880404 -14.276755 -7.371059
  vertex -7.438214 -14.24698 -7.371059
 endloop
endfacet
facet normal 0.01044638 0.9999454 0
 outer loop
  vertex -4.5880404 -14.276755 -5.418605
  vertex -7.438214 -14.24698 -7.371059
  vertex -7.438214 -14.24698 -5.418605
 endloop
endfacet
facet normal 0.010445953 0.99992454 0.006471098
 outer loop
  vertex -7.4486375 -15.244747 -10.37643
  vertex -8.508779 -15.233672 -10.37643
  vertex -8.50987 -15.338154 5.770012
 endloop
endfacet
facet normal -0.08767824 0.9961488 0
 outer loop
  vertex -7.4486375 -15.244747 -10.37643
  vertex -8.50987 -15.338154 5.770012
  vertex -7.4486375 -15.244747 -5.418605
 endloop
endfacet
facet normal 7.771095e-05 0.9999651 0.008355446
 outer loop
  vertex -7.4486375 -15.244747 -5.418605
  vertex -8.50987 -15.338154 5.770012
  vertex 1.3741038 -15.336919 5.530281
 endloop
endfacet
facet normal 0.010446378 0.9999454 8.594638e-08
 outer loop
  vertex -7.4486375 -15.244747 -5.418605
  vertex 1.3741038 -15.336919 5.530281
  vertex -4.598464 -15.274523 -5.418605
 endloop
endfacet
facet normal 0.010446465 0.9999454 0
 outer loop
  vertex 1.3741038 -15.336919 -3.893089
  vertex -3.4768665 -15.286241 -3.893089
  vertex 1.3741038 -15.336919 5.530281
 endloop
endfacet
facet normal 0.01044774 0.99994546 -6.5591684e-07
 outer loop
  vertex 1.3741038 -15.336919 5.530281
  vertex -3.4768665 -15.286241 -3.893089
  vertex -4.598464 -15.274523 -5.418605
 endloop
endfacet
facet normal 0.0104468465 0.99994546 -0
 outer loop
  vertex -4.598464 -15.274523 -5.418605
  vertex -3.4768665 -15.286241 -3.893089
  vertex -3.4768665 -15.286241 -10.37643
 endloop
endfacet
facet normal 0.010446847 0.99994546 0
 outer loop
  vertex -4.598464 -15.274523 -5.418605
  vertex -3.4768665 -15.286241 -10.37643
  vertex -4.598464 -15.274523 -10.37643
 endloop
endfacet
facet normal 0 -0 1
 outer loop
  vertex -7.438214 -14.24698 -5.418605
  vertex -7.4486375 -15.244747 -5.418605
  vertex -4.598464 -15.274523 -5.418605
 endloop
endfacet
facet normal 0 0 1
 outer loop
  vertex -7.438214 -14.24698 -5.418605
  vertex -4.598464 -15.274523 -5.418605
  vertex -4.5880404 -14.276755 -5.418605
 endloop
endfacet
facet normal -0.99994546 0.0104463715 0
 outer loop
  vertex -7.438214 -14.24698 -7.371059
  vertex -7.4046807 -11.037131 -7.371059
  vertex -7.4046807 -11.037131 -10.37643
 endloop
endfacet
facet normal -0.9999454 0.010446381 1.06048565e-08
 outer loop
  vertex -7.438214 -14.24698 -7.371059
  vertex -7.4046807 -11.037131 -10.37643
  vertex -7.4486375 -15.244747 -10.37643
 endloop
endfacet
facet normal -0.99994546 0.010446414 0
 outer loop
  vertex -7.4486375 -15.244747 -10.37643
  vertex -7.4486375 -15.244747 -5.418605
  vertex -7.438214 -14.24698 -5.418605
 endloop
endfacet
facet normal -0.9999454 0.010446413 0
 outer loop
  vertex -7.4486375 -15.244747 -10.37643
  vertex -7.438214 -14.24698 -5.418605
  vertex -7.438214 -14.24698 -7.371059
 endloop
endfacet
facet normal 0 -0 1
 outer loop
  vertex -7.4046807 -11.037131 -7.371059
  vertex -7.438214 -14.24698 -7.371059
  vertex -4.5880404 -14.276755 -7.371059
 endloop
endfacet
facet normal 0 0 1
 outer loop
  vertex -7.4046807 -11.037131 -7.371059
  vertex -4.5880404 -14.276755 -7.371059
  vertex -4.5545073 -11.066907 -7.371059
 endloop
endfacet
facet normal 0.9999454 -0.010446381 0
 outer loop
  vertex -4.598464 -15.274523 -10.37643
  vertex -4.5545073 -11.066907 -10.37643
  vertex -4.5545073 -11.066907 -7.371059
 endloop
endfacet
facet normal 0.99994546 -0.0104463715 -1.3901331e-08
 outer loop
  vertex -4.598464 -15.274523 -10.37643
  vertex -4.5545073 -11.066907 -7.371059
  vertex -4.5880404 -14.276755 -7.371059
 endloop
endfacet
facet normal 0.9999454 -0.010446413 0
 outer loop
  vertex -4.5880404 -14.276755 -7.371059
  vertex -4.5880404 -14.276755 -5.418605
  vertex -4.598464 -15.274523 -5.418605
 endloop
endfacet
facet normal 0.99994546 -0.010446414 0
 outer loop
  vertex -4.5880404 -14.276755 -7.371059
  vertex -4.598464 -15.274523 -5.418605
  vertex -4.598464 -15.274523 -10.37643
 endloop
endfacet
facet normal 0.01044646 0.9999454 0
 outer loop
  vertex -15.258179 14.4584465 -10.37643
  vertex -15.258179 14.4584465 5.080347
  vertex -5.3664494 14.355107 5.080347
 endloop
endfacet
facet normal 0.01044646 0.9999454 -0
 outer loop
  vertex -15.258179 14.4584465 -10.37643
  vertex -5.3664494 14.355107 5.080347
  vertex -5.3664494 14.355107 -10.37643
 endloop
endfacet
facet normal -0.010445221 -0.99994546 -0
 outer loop
  vertex 3.0587597 16.71282 -10.37643
  vertex 4.0979075 16.701965 -10.37643
  vertex 4.0979075 16.701965 4.930848
 endloop
endfacet
facet normal -0.010445221 -0.99994546 0
 outer loop
  vertex 3.0587597 16.71282 -10.37643
  vertex 4.0979075 16.701965 4.930848
  vertex 3.0587597 16.71282 4.930848
 endloop
endfacet
facet normal 0.010446141 0.99994546 0
 outer loop
  vertex 4.037342 10.904588 -10.37643
  vertex 2.9981945 10.915443 -10.37643
  vertex 2.9981945 10.915443 4.930848
 endloop
endfacet
facet normal 0.010446141 0.99994546 0
 outer loop
  vertex 4.037342 10.904588 -10.37643
  vertex 2.9981945 10.915443 4.930848
  vertex 4.037342 10.904588 4.930848
 endloop
endfacet
facet normal 0 -0 -1
 outer loop
  vertex 4.037342 10.904588 4.930848
  vertex 2.9981945 10.915443 4.930848
  vertex 3.0587597 16.71282 4.930848
 endloop
endfacet
facet normal -0 -0 -1
 outer loop
  vertex 4.037342 10.904588 4.930848
  vertex 3.0587597 16.71282 4.930848
  vertex 4.0979075 16.701965 4.930848
 endloop
endfacet
facet normal 0.010446445 0.99994546 0
 outer loop
  vertex -5.4090643 10.275972 -10.37643
  vertex -5.4090643 10.275972 5.080347
  vertex 2.9905972 10.188221 -10.37643
 endloop
endfacet
facet normal 0.010446397 0.99994546 -0
 outer loop
  vertex 2.9905972 10.188221 8.35694
  vertex 2.9905972 10.188221 -10.37643
  vertex 1.3616686 10.205238 5.9053345
 endloop
endfacet
facet normal 0.0104463985 0.9999455 0
 outer loop
  vertex 2.9905972 10.188221 8.35694
  vertex 1.3616686 10.205238 5.9053345
  vertex 1.3616686 10.205238 7.7447333
 endloop
endfacet
facet normal 0.0104464535 0.9999454 -1.4636731e-07
 outer loop
  vertex -15.300794 10.379312 8.35694
  vertex 2.9905972 10.188221 8.35694
  vertex 1.3616686 10.205238 7.7447333
 endloop
endfacet
facet normal 0.010446451 0.99994546 -2.3607026e-07
 outer loop
  vertex -15.300794 10.379312 8.35694
  vertex 1.3616686 10.205238 7.7447333
  vertex -3.9995098 10.261247 7.7447333
 endloop
endfacet
facet normal 0.010446463 0.9999454 0
 outer loop
  vertex -15.300794 10.379312 8.35694
  vertex -3.9995098 10.261247 7.7447333
  vertex -15.300794 10.379312 5.080347
 endloop
endfacet
facet normal 0.010446459 0.99994546 9.0458e-09
 outer loop
  vertex -5.4090643 10.275972 5.080347
  vertex -15.300794 10.379312 5.080347
  vertex -3.9995098 10.261247 7.7447333
 endloop
endfacet
facet normal 0.01044648 0.99994546 -0
 outer loop
  vertex -5.4090643 10.275972 5.080347
  vertex -3.9995098 10.261247 7.7447333
  vertex -3.9995098 10.261247 5.9053345
 endloop
endfacet
facet normal 0.010446471 0.9999454 1.4528428e-08
 outer loop
  vertex 2.9905972 10.188221 -10.37643
  vertex -5.4090643 10.275972 5.080347
  vertex -3.9995098 10.261247 5.9053345
 endloop
endfacet
facet normal 0.010446451 0.99994546 5.462415e-09
 outer loop
  vertex 2.9905972 10.188221 -10.37643
  vertex -3.9995098 10.261247 5.9053345
  vertex 1.3616686 10.205238 5.9053345
 endloop
endfacet
facet normal 0.010446451 0.99994546 0
 outer loop
  vertex -3.9869103 11.467302 5.9053345
  vertex -3.9869103 11.467302 7.7447333
  vertex 1.3742683 11.411294 7.7447333
 endloop
endfacet
facet normal 0.010446451 0.99994546 -0
 outer loop
  vertex -3.9869103 11.467302 5.9053345
  vertex 1.3742683 11.411294 7.7447333
  vertex 1.3742683 11.411294 5.9053345
 endloop
endfacet
facet normal -0.9999454 0.010446268 0
 outer loop
  vertex -3.9995098 10.261247 5.9053345
  vertex -3.9995098 10.261247 7.7447333
  vertex -3.9869103 11.467302 7.7447333
 endloop
endfacet
facet normal -0.9999454 0.010446268 0
 outer loop
  vertex -3.9995098 10.261247 5.9053345
  vertex -3.9869103 11.467302 7.7447333
  vertex -3.9869103 11.467302 5.9053345
 endloop
endfacet
facet normal -0 0 1
 outer loop
  vertex 1.3742683 11.411294 7.7447333
  vertex -3.9869103 11.467302 7.7447333
  vertex -3.9995098 10.261247 7.7447333
 endloop
endfacet
facet normal 0 -0 1
 outer loop
  vertex 1.3742683 11.411294 7.7447333
  vertex -3.9995098 10.261247 7.7447333
  vertex 1.3616686 10.205238 7.7447333
 endloop
endfacet
facet normal -0 0 -1
 outer loop
  vertex -3.9995098 10.261247 5.9053345
  vertex -3.9869103 11.467302 5.9053345
  vertex 1.3742683 11.411294 5.9053345
 endloop
endfacet
facet normal -0 0 -1
 outer loop
  vertex -3.9995098 10.261247 5.9053345
  vertex 1.3742683 11.411294 5.9053345
  vertex 1.3616686 10.205238 5.9053345
 endloop
endfacet
facet normal 0.9999454 -0.010446466 0
 outer loop
  vertex 1.3616686 10.205238 5.9053345
  vertex 1.3742683 11.411294 5.9053345
  vertex 1.3742683 11.411294 7.7447333
 endloop
endfacet
facet normal 0.9999454 -0.010446466 0
 outer loop
  vertex 1.3616686 10.205238 5.9053345
  vertex 1.3742683 11.411294 7.7447333
  vertex 1.3616686 10.205238 7.7447333
 endloop
endfacet
facet normal 0 -0 1
 outer loop
  vertex -15.258179 14.4584465 5.080347
  vertex -15.300794 10.379312 5.080347
  vertex -5.4090643 10.275972 5.080347
 endloop
endfacet
facet normal 0 0 1
 outer loop
  vertex -15.258179 14.4584465 5.080347
  vertex -5.4090643 10.275972 5.080347
  vertex -5.3664494 14.355107 5.080347
 endloop
endfacet
facet normal 0.9999454 -0.010446482 0
 outer loop
  vertex -5.3664494 14.355107 -10.37643
  vertex -5.3664494 14.355107 5.080347
  vertex -5.4090643 10.275972 5.080347
 endloop
endfacet
facet normal 0.9999454 -0.010446482 0
 outer loop
  vertex -5.3664494 14.355107 -10.37643
  vertex -5.4090643 10.275972 5.080347
  vertex -5.4090643 10.275972 -10.37643
 endloop
endfacet
facet normal 0.99994546 -0.010446585 0
 outer loop
  vertex -12.493677 18.39429 -7.012609
  vertex -12.523258 15.562796 -7.012609
  vertex -12.523258 15.562796 -10.37643
 endloop
endfacet
facet normal 0.99994546 -0.010446585 0
 outer loop
  vertex -12.493677 18.39429 -7.012609
  vertex -12.523258 15.562796 -10.37643
  vertex -12.493677 18.39429 -10.37643
 endloop
endfacet
facet normal -0 0 1
 outer loop
  vertex -12.493677 18.39429 -7.012609
  vertex -15.2167635 18.422739 -7.012609
  vertex -15.246345 15.591244 -7.012609
 endloop
endfacet
facet normal 0 -0 1
 outer loop
  vertex -12.493677 18.39429 -7.012609
  vertex -15.246345 15.591244 -7.012609
  vertex -12.523258 15.562796 -7.012609
 endloop
endfacet
facet normal -0.010446438 -0.99994546 -0
 outer loop
  vertex -12.523258 15.562796 -10.37643
  vertex -12.523258 15.562796 -7.012609
  vertex -15.246345 15.591244 -7.012609
 endloop
endfacet
facet normal -0.010446438 -0.99994546 0
 outer loop
  vertex -12.523258 15.562796 -10.37643
  vertex -15.246345 15.591244 -7.012609
  vertex -15.246345 15.591244 -10.37643
 endloop
endfacet
facet normal 0.010446438 0.99994546 -0
 outer loop
  vertex -15.2167635 18.422739 -7.012609
  vertex -12.493677 18.39429 -7.012609
  vertex -12.493677 18.39429 -10.37643
 endloop
endfacet
facet normal 0.010446438 0.99994546 0
 outer loop
  vertex -15.2167635 18.422739 -7.012609
  vertex -12.493677 18.39429 -10.37643
  vertex -15.2167635 18.422739 -10.37643
 endloop
endfacet
facet normal 0.99994534 -0.010446393 0
 outer loop
  vertex -14.405556 18.759283 -3.9185998
  vertex -14.405556 18.759283 -6.916753
  vertex -14.290732 29.750357 -6.916753
 endloop
endfacet
facet normal 0.99994534 -0.010446393 0
 outer loop
  vertex -14.405556 18.759283 -3.9185998
  vertex -14.290732 29.750357 -6.916753
  vertex -14.290732 29.750357 -3.9185998
 endloop
endfacet
facet normal 0.9999454 -0.010446458 0
 outer loop
  vertex -0.99186707 29.611422 -6.916753
  vertex -1.1066911 18.620348 -6.916753
  vertex -1.1066911 18.620348 -10.37643
 endloop
endfacet
facet normal 0.9999454 -0.010446458 0
 outer loop
  vertex -0.99186707 29.611422 -6.916753
  vertex -1.1066911 18.620348 -10.37643
  vertex -0.99186707 29.611422 -10.37643
 endloop
endfacet
facet normal 0.010446569 0.99994546 -0
 outer loop
  vertex -14.290732 29.750357 -6.916753
  vertex -0.99186707 29.611422 -6.916753
  vertex -0.99186707 29.611422 -10.37643
 endloop
endfacet
facet normal 0.010446503 0.99994546 -2.589038e-07
 outer loop
  vertex -14.290732 29.750357 -6.916753
  vertex -0.99186707 29.611422 -10.37643
  vertex -15.098336 29.758793 -10.37643
 endloop
endfacet
facet normal 0.010445397 0.9999454 0
 outer loop
  vertex -15.098336 29.758793 -10.37643
  vertex -15.098336 29.758793 -3.9185998
  vertex -14.290732 29.750357 -3.9185998
 endloop
endfacet
facet normal 0.010445398 0.99994546 -0
 outer loop
  vertex -15.098336 29.758793 -10.37643
  vertex -14.290732 29.750357 -3.9185998
  vertex -14.290732 29.750357 -6.916753
 endloop
endfacet
facet normal 0 0 1
 outer loop
  vertex -1.1066911 18.620348 -6.916753
  vertex -0.99186707 29.611422 -6.916753
  vertex -14.290732 29.750357 -6.916753
 endloop
endfacet
facet normal -0 0 1
 outer loop
  vertex -1.1066911 18.620348 -6.916753
  vertex -14.290732 29.750357 -6.916753
  vertex -14.405556 18.759283 -6.916753
 endloop
endfacet
facet normal 0 0 1
 outer loop
  vertex -14.405556 18.759283 -3.9185998
  vertex -14.290732 29.750357 -3.9185998
  vertex -15.098336 29.758793 -3.9185998
 endloop
endfacet
facet normal -0 0 1
 outer loop
  vertex -14.405556 18.759283 -3.9185998
  vertex -15.098336 29.758793 -3.9185998
  vertex -15.21316 18.76772 -3.9185998
 endloop
endfacet
facet normal -0.010445398 -0.99994546 -0
 outer loop
  vertex -14.405556 18.759283 -6.916753
  vertex -14.405556 18.759283 -3.9185998
  vertex -15.21316 18.76772 -3.9185998
 endloop
endfacet
facet normal -0.010445397 -0.9999454 0
 outer loop
  vertex -14.405556 18.759283 -6.916753
  vertex -15.21316 18.76772 -3.9185998
  vertex -15.21316 18.76772 -10.37643
 endloop
endfacet
facet normal -0.010446503 -0.99994546 2.5798786e-07
 outer loop
  vertex -14.405556 18.759283 -6.916753
  vertex -15.21316 18.76772 -10.37643
  vertex -1.1066911 18.620348 -10.37643
 endloop
endfacet
facet normal -0.010446569 -0.99994546 -0
 outer loop
  vertex -14.405556 18.759283 -6.916753
  vertex -1.1066911 18.620348 -10.37643
  vertex -1.1066911 18.620348 -6.916753
 endloop
endfacet
facet normal -0.010446332 -0.9999454 0
 outer loop
  vertex -15.095893 29.992619 -4.927028
  vertex -15.095893 29.992619 -10.37643
  vertex -11.699076 29.957132 -10.37643
 endloop
endfacet
facet normal -0.010446332 -0.9999454 -0
 outer loop
  vertex -15.095893 29.992619 -4.927028
  vertex -11.699076 29.957132 -10.37643
  vertex -11.699076 29.957132 -4.927028
 endloop
endfacet
facet normal 0 -0 1
 outer loop
  vertex -15.024585 36.818356 -4.927028
  vertex -15.095893 29.992619 -4.927028
  vertex -11.699076 29.957132 -4.927028
 endloop
endfacet
facet normal 0 0 1
 outer loop
  vertex -15.024585 36.818356 -4.927028
  vertex -11.699076 29.957132 -4.927028
  vertex -11.627768 36.78287 -4.927028
 endloop
endfacet
facet normal 0.99994546 -0.010446334 0
 outer loop
  vertex -11.649184 34.732822 -7.0326495
  vertex -11.649184 34.732822 -10.37643
  vertex -11.627768 36.78287 -10.37643
 endloop
endfacet
facet normal 0.99994546 -0.010446334 0
 outer loop
  vertex -11.649184 34.732822 -7.0326495
  vertex -11.627768 36.78287 -10.37643
  vertex -11.627768 36.78287 -4.927028
 endloop
endfacet
facet normal 0.99994546 -0.010446378 4.1469278e-08
 outer loop
  vertex -11.649184 34.732822 -7.0326495
  vertex -11.627768 36.78287 -4.927028
  vertex -11.699076 29.957132 -4.927028
 endloop
endfacet
facet normal 0.9999454 -0.010446302 2.113646e-07
 outer loop
  vertex -11.649184 34.732822 -7.0326495
  vertex -11.699076 29.957132 -4.927028
  vertex -11.68416 31.384834 -7.0326495
 endloop
endfacet
facet normal 0.9999454 -0.010446615 0
 outer loop
  vertex -11.68416 31.384834 -7.0326495
  vertex -11.699076 29.957132 -4.927028
  vertex -11.699076 29.957132 -10.37643
 endloop
endfacet
facet normal 0.99994546 -0.010446615 0
 outer loop
  vertex -11.68416 31.384834 -7.0326495
  vertex -11.699076 29.957132 -10.37643
  vertex -11.68416 31.384834 -10.37643
 endloop
endfacet
facet normal -0 0 1
 outer loop
  vertex -9.679957 34.71225 -7.0326495
  vertex -11.649184 34.732822 -7.0326495
  vertex -11.68416 31.384834 -7.0326495
 endloop
endfacet
facet normal 0 -0 1
 outer loop
  vertex -9.679957 34.71225 -7.0326495
  vertex -11.68416 31.384834 -7.0326495
  vertex -9.714933 31.364262 -7.0326495
 endloop
endfacet
facet normal -0 0 1
 outer loop
  vertex -9.0756645 34.705936 -4.413996
  vertex -9.679957 34.71225 -4.413996
  vertex -9.714933 31.364262 -4.413996
 endloop
endfacet
facet normal 0 -0 1
 outer loop
  vertex -9.0756645 34.705936 -4.413996
  vertex -9.714933 31.364262 -4.413996
  vertex -9.110641 31.357948 -4.413996
 endloop
endfacet
facet normal 0.0104468865 0.9999454 -0
 outer loop
  vertex -9.679957 34.71225 -4.413996
  vertex -9.0756645 34.705936 -4.413996
  vertex -9.0756645 34.705936 -10.37643
 endloop
endfacet
facet normal 0.010446887 0.99994546 0
 outer loop
  vertex -9.679957 34.71225 -4.413996
  vertex -9.0756645 34.705936 -10.37643
  vertex -9.679957 34.71225 -7.0326495
 endloop
endfacet
facet normal 0.010446596 0.99994546 -5.2811814e-08
 outer loop
  vertex -9.679957 34.71225 -7.0326495
  vertex -9.0756645 34.705936 -10.37643
  vertex -11.649184 34.732822 -10.37643
 endloop
endfacet
facet normal 0.010446507 0.99994546 0
 outer loop
  vertex -9.679957 34.71225 -7.0326495
  vertex -11.649184 34.732822 -10.37643
  vertex -11.649184 34.732822 -7.0326495
 endloop
endfacet
facet normal -0.9999454 0.010446302 0
 outer loop
  vertex -9.679957 34.71225 -4.413996
  vertex -9.679957 34.71225 -7.0326495
  vertex -9.714933 31.364262 -7.0326495
 endloop
endfacet
facet normal -0.9999454 0.010446302 0
 outer loop
  vertex -9.679957 34.71225 -4.413996
  vertex -9.714933 31.364262 -7.0326495
  vertex -9.714933 31.364262 -4.413996
 endloop
endfacet
facet normal -0.0104468865 -0.9999454 -0
 outer loop
  vertex -9.110641 31.357948 -10.37643
  vertex -9.110641 31.357948 -4.413996
  vertex -9.714933 31.364262 -4.413996
 endloop
endfacet
facet normal -0.010446887 -0.99994546 0
 outer loop
  vertex -9.110641 31.357948 -10.37643
  vertex -9.714933 31.364262 -4.413996
  vertex -9.714933 31.364262 -7.0326495
 endloop
endfacet
facet normal -0.010446596 -0.99994546 5.2811814e-08
 outer loop
  vertex -11.68416 31.384834 -10.37643
  vertex -9.110641 31.357948 -10.37643
  vertex -9.714933 31.364262 -7.0326495
 endloop
endfacet
facet normal -0.010446507 -0.99994546 0
 outer loop
  vertex -11.68416 31.384834 -10.37643
  vertex -9.714933 31.364262 -7.0326495
  vertex -11.68416 31.384834 -7.0326495
 endloop
endfacet
facet normal 0.99994546 -0.010446303 0
 outer loop
  vertex -9.0756645 34.705936 -10.37643
  vertex -9.0756645 34.705936 -4.413996
  vertex -9.110641 31.357948 -4.413996
 endloop
endfacet
facet normal 0.99994546 -0.010446303 0
 outer loop
  vertex -9.0756645 34.705936 -10.37643
  vertex -9.110641 31.357948 -4.413996
  vertex -9.110641 31.357948 -10.37643
 endloop
endfacet
facet normal -0.010446111 -0.99994546 0
 outer loop
  vertex -10.660512 37.838562 2.6593268
  vertex -10.660512 37.838562 -3.9665685
  vertex -1.350424 37.741302 -3.9665685
 endloop
endfacet
facet normal -0.010446111 -0.99994546 -0
 outer loop
  vertex -10.660512 37.838562 2.6593268
  vertex -1.350424 37.741302 -3.9665685
  vertex -1.350424 37.741302 2.6593268
 endloop
endfacet
facet normal -0.010446992 -0.99994546 -0
 outer loop
  vertex -1.3615572 36.67562 -3.9665685
  vertex 3.2668056 36.627266 -10.37643
  vertex 3.2668056 36.627266 8.35694
 endloop
endfacet
facet normal -0.010446991 -0.99994546 0
 outer loop
  vertex -1.3615572 36.67562 -3.9665685
  vertex 3.2668056 36.627266 8.35694
  vertex -1.3615572 36.67562 2.6593268
 endloop
endfacet
facet normal -0.010446402 -0.99994546 -4.786766e-07
 outer loop
  vertex -1.3615572 36.67562 2.6593268
  vertex 3.2668056 36.627266 8.35694
  vertex -15.024585 36.818356 8.35694
 endloop
endfacet
facet normal -0.010446111 -0.9999454 2.1685373e-07
 outer loop
  vertex -1.3615572 36.67562 2.6593268
  vertex -15.024585 36.818356 8.35694
  vertex -10.671645 36.77288 2.6593268
 endloop
endfacet
facet normal -0.010446545 -0.9999454 3.2244085e-07
 outer loop
  vertex 3.2668056 36.627266 -10.37643
  vertex -1.3615572 36.67562 -3.9665685
  vertex -11.627768 36.78287 -10.37643
 endloop
endfacet
facet normal -0.010446111 -0.9999454 -3.7253133e-07
 outer loop
  vertex -11.627768 36.78287 -10.37643
  vertex -1.3615572 36.67562 -3.9665685
  vertex -10.671645 36.77288 -3.9665685
 endloop
endfacet
facet normal -0.010448607 -0.99994546 0
 outer loop
  vertex -11.627768 36.78287 -10.37643
  vertex -10.671645 36.77288 -3.9665685
  vertex -11.627768 36.78287 -4.927028
 endloop
endfacet
facet normal -0.010446395 -0.99994546 0
 outer loop
  vertex -15.024585 36.818356 8.35694
  vertex -15.024585 36.818356 -4.927028
  vertex -10.671645 36.77288 2.6593268
 endloop
endfacet
facet normal -0.010445772 -0.99994546 -3.5733828e-07
 outer loop
  vertex -10.671645 36.77288 2.6593268
  vertex -15.024585 36.818356 -4.927028
  vertex -11.627768 36.78287 -4.927028
 endloop
endfacet
facet normal -0.010448607 -0.99994546 0
 outer loop
  vertex -10.671645 36.77288 2.6593268
  vertex -11.627768 36.78287 -4.927028
  vertex -10.671645 36.77288 -3.9665685
 endloop
endfacet
facet normal 0 -0 1
 outer loop
  vertex -10.660512 37.838562 -3.9665685
  vertex -10.671645 36.77288 -3.9665685
  vertex -1.3615572 36.67562 -3.9665685
 endloop
endfacet
facet normal 0 0 1
 outer loop
  vertex -10.660512 37.838562 -3.9665685
  vertex -1.3615572 36.67562 -3.9665685
  vertex -1.350424 37.741302 -3.9665685
 endloop
endfacet
facet normal -0.99994546 0.010446449 0
 outer loop
  vertex -1.350424 37.741302 2.6593268
  vertex -1.350424 37.741302 -3.9665685
  vertex -1.3615572 36.67562 -3.9665685
 endloop
endfacet
facet normal -0.99994546 0.010446449 0
 outer loop
  vertex -1.350424 37.741302 2.6593268
  vertex -1.3615572 36.67562 -3.9665685
  vertex -1.3615572 36.67562 2.6593268
 endloop
endfacet
facet normal 0 0 -1
 outer loop
  vertex -1.350424 37.741302 2.6593268
  vertex -1.3615572 36.67562 2.6593268
  vertex -10.671645 36.77288 2.6593268
 endloop
endfacet
facet normal 0 -0 -1
 outer loop
  vertex -1.350424 37.741302 2.6593268
  vertex -10.671645 36.77288 2.6593268
  vertex -10.660512 37.838562 2.6593268
 endloop
endfacet
facet normal 0.99994546 -0.010446449 0
 outer loop
  vertex -10.671645 36.77288 -3.9665685
  vertex -10.660512 37.838562 -3.9665685
  vertex -10.660512 37.838562 2.6593268
 endloop
endfacet
facet normal 0.99994546 -0.010446449 0
 outer loop
  vertex -10.671645 36.77288 -3.9665685
  vertex -10.660512 37.838562 2.6593268
  vertex -10.671645 36.77288 2.6593268
 endloop
endfacet
facet normal -0.9999454 0.010446466 0
 outer loop
  vertex 2.4302719 20.137533 -4.246204
  vertex 2.4302719 20.137533 1.0389432
  vertex 2.5246859 29.174929 1.0389432
 endloop
endfacet
facet normal -0.9999454 0.010446466 0
 outer loop
  vertex 2.4302719 20.137533 -4.246204
  vertex 2.5246859 29.174929 1.0389432
  vertex 2.5246859 29.174929 -4.246204
 endloop
endfacet
facet normal 0 0 1
 outer loop
  vertex 2.4302719 20.137533 1.0389432
  vertex 3.094465 20.130596 1.0389432
  vertex 3.1888788 29.16799 1.0389432
 endloop
endfacet
facet normal 0 0 1
 outer loop
  vertex 2.4302719 20.137533 1.0389432
  vertex 3.1888788 29.16799 1.0389432
  vertex 2.5246859 29.174929 1.0389432
 endloop
endfacet
facet normal 0.010446597 0.99994546 0
 outer loop
  vertex 2.5246859 29.174929 -4.246204
  vertex 2.5246859 29.174929 1.0389432
  vertex 3.1888788 29.16799 1.0389432
 endloop
endfacet
facet normal 0.010446597 0.99994546 -0
 outer loop
  vertex 2.5246859 29.174929 -4.246204
  vertex 3.1888788 29.16799 1.0389432
  vertex 3.1888788 29.16799 -4.246204
 endloop
endfacet
facet normal 0 0 -1
 outer loop
  vertex 2.5246859 29.174929 -4.246204
  vertex 3.1888788 29.16799 -4.246204
  vertex 3.094465 20.130594 -4.246204
 endloop
endfacet
facet normal 0 0 -1
 outer loop
  vertex 2.5246859 29.174929 -4.246204
  vertex 3.094465 20.130594 -4.246204
  vertex 2.4302719 20.137533 -4.246204
 endloop
endfacet
facet normal -0.010443722 -0.99994546 0
 outer loop
  vertex 3.094465 20.130596 1.0389432
  vertex 2.4302719 20.137533 1.0389432
  vertex 2.4302719 20.137533 -4.246204
 endloop
endfacet
facet normal -0.010446593 -0.99994546 3.6093044e-07
 outer loop
  vertex 3.094465 20.130596 1.0389432
  vertex 2.4302719 20.137533 -4.246204
  vertex 3.094465 20.130594 -4.246204
 endloop
endfacet
facet normal 0.99994546 -0.010446458 0
 outer loop
  vertex 4.0979075 16.701965 4.930848
  vertex 4.0979075 16.701965 -10.37643
  vertex 4.1201468 18.830725 -4.0349903
 endloop
endfacet
facet normal 0.99994546 -0.010446458 0
 outer loop
  vertex 4.0979075 16.701965 4.930848
  vertex 4.1201468 18.830725 -4.0349903
  vertex 4.1201468 18.830725 0.87709075
 endloop
endfacet
facet normal 0.99994546 -0.01044647 4.09094e-09
 outer loop
  vertex 4.1201468 18.830725 -4.0349903
  vertex 4.0979075 16.701965 -10.37643
  vertex 4.2419167 30.486647 -10.37643
 endloop
endfacet
facet normal 0.9999454 -0.010446484 -2.218862e-08
 outer loop
  vertex 4.1201468 18.830725 -4.0349903
  vertex 4.2419167 30.486647 -10.37643
  vertex 4.2086506 27.30238 -4.0349903
 endloop
endfacet
facet normal 0.9999454 -0.010446439 0
 outer loop
  vertex 4.2086506 27.30238 -4.0349903
  vertex 4.2419167 30.486647 -10.37643
  vertex 4.2419167 30.486647 10.418196
 endloop
endfacet
facet normal 0.99994546 -0.010446439 0
 outer loop
  vertex 4.2086506 27.30238 -4.0349903
  vertex 4.2419167 30.486647 10.418196
  vertex 4.2086506 27.30238 0.87709075
 endloop
endfacet
facet normal 0.99994546 -0.01044643 0
 outer loop
  vertex 4.2207932 28.464687 10.418196
  vertex 4.2207932 28.464687 8.60792
  vertex 4.2419167 30.486647 10.418196
 endloop
endfacet
facet normal 0.99994546 -0.0104464255 -4.4060005e-09
 outer loop
  vertex 4.2419167 30.486647 10.418196
  vertex 4.2207932 28.464687 8.60792
  vertex 4.2086506 27.30238 0.87709075
 endloop
endfacet
facet normal 0.9999454 -0.010446469 -7.408741e-07
 outer loop
  vertex 4.1059556 17.472336 8.458903
  vertex 4.2207932 28.464687 8.60792
  vertex 4.017757 9.029869 8.60792
 endloop
endfacet
facet normal 0.9999454 -0.01044646 -3.5913305e-07
 outer loop
  vertex 4.1059556 17.472336 8.458903
  vertex 4.017757 9.029869 8.60792
  vertex 4.024512 9.676457 8.458903
 endloop
endfacet
facet normal 0.9999454 -0.010446378 0
 outer loop
  vertex 4.017757 9.029869 8.60792
  vertex 4.017757 9.029869 -5.0352035
  vertex 4.024512 9.676457 8.458903
 endloop
endfacet
facet normal 0.99994546 -0.010446379 0
 outer loop
  vertex 4.024512 9.676457 5.8257055
  vertex 4.024512 9.676457 8.458903
  vertex 4.017757 9.029869 -5.0352035
 endloop
endfacet
facet normal 0.99994546 -0.010446411 2.0074526e-09
 outer loop
  vertex 4.024512 9.676457 5.8257055
  vertex 4.017757 9.029869 -5.0352035
  vertex 4.037342 10.904588 4.930848
 endloop
endfacet
facet normal 0.9999454 -0.01044648 3.8653467e-09
 outer loop
  vertex 4.2086506 27.30238 0.87709075
  vertex 4.2207932 28.464687 8.60792
  vertex 4.1059556 17.472336 8.458903
 endloop
endfacet
facet normal 0.99994546 -0.010446483 -1.6238771e-09
 outer loop
  vertex 4.2086506 27.30238 0.87709075
  vertex 4.1059556 17.472336 8.458903
  vertex 4.1201468 18.830725 0.87709075
 endloop
endfacet
facet normal 0.99994546 -0.010446476 0
 outer loop
  vertex 4.1201468 18.830725 0.87709075
  vertex 4.1059556 17.472336 8.458903
  vertex 4.1059556 17.472336 5.8257055
 endloop
endfacet
facet normal 0.99994546 -0.010446439 1.0187285e-08
 outer loop
  vertex 4.1201468 18.830725 0.87709075
  vertex 4.1059556 17.472336 5.8257055
  vertex 4.0979075 16.701965 4.930848
 endloop
endfacet
facet normal 0.9999454 -0.010446476 4.3082633e-08
 outer loop
  vertex 4.037342 10.904588 4.930848
  vertex 4.0979075 16.701965 4.930848
  vertex 4.1059556 17.472336 5.8257055
 endloop
endfacet
facet normal 0.99994546 -0.010446461 -6.8348264e-08
 outer loop
  vertex 4.037342 10.904588 4.930848
  vertex 4.1059556 17.472336 5.8257055
  vertex 4.024512 9.676457 5.8257055
 endloop
endfacet
facet normal 0.99994546 -0.010446401 0
 outer loop
  vertex 4.037342 10.904588 4.930848
  vertex 4.017757 9.029869 -5.0352035
  vertex 4.037342 10.904588 -10.37643
 endloop
endfacet
facet normal 0.99994546 -0.01044642 -6.4005166e-09
 outer loop
  vertex 3.9804251 5.45642 -10.37643
  vertex 4.037342 10.904588 -10.37643
  vertex 4.017757 9.029869 -5.0352035
 endloop
endfacet
facet normal 0.99994546 -0.010446429 0
 outer loop
  vertex 3.9804251 5.45642 -10.37643
  vertex 4.017757 9.029869 -5.0352035
  vertex 3.9804251 5.45642 -5.0352035
 endloop
endfacet
facet normal 0.010446453 0.99994546 -0
 outer loop
  vertex 4.2207932 28.464687 10.418196
  vertex 23.684763 28.261347 10.418196
  vertex 23.684763 28.261347 8.60792
 endloop
endfacet
facet normal 0.010446453 0.99994546 0
 outer loop
  vertex 4.2207932 28.464687 10.418196
  vertex 23.684763 28.261347 8.60792
  vertex 4.2207932 28.464687 8.60792
 endloop
endfacet
facet normal -0 0 -1
 outer loop
  vertex 4.2207932 28.464687 10.418196
  vertex 4.2419167 30.486647 10.418196
  vertex 23.705885 30.283306 10.418196
 endloop
endfacet
facet normal -0 0 -1
 outer loop
  vertex 4.2207932 28.464687 10.418196
  vertex 23.705885 30.283306 10.418196
  vertex 23.684763 28.261347 10.418196
 endloop
endfacet
facet normal -0 0 -1
 outer loop
  vertex 4.017757 9.029869 8.60792
  vertex 4.2207932 28.464687 8.60792
  vertex 23.684763 28.261347 8.60792
 endloop
endfacet
facet normal -0 0 -1
 outer loop
  vertex 4.017757 9.029869 8.60792
  vertex 23.684763 28.261347 8.60792
  vertex 23.365728 -2.2769825 8.60792
 endloop
endfacet
facet normal 0 0 -1
 outer loop
  vertex 23.365728 -2.2769825 8.60792
  vertex 20.8985 -2.2512074 8.60792
  vertex 4.017757 9.029869 8.60792
 endloop
endfacet
facet normal 0 -0 -1
 outer loop
  vertex 20.777477 -13.835514 8.60792
  vertex 12.631575 -13.750414 8.60792
  vertex 20.8985 -2.2512074 8.60792
 endloop
endfacet
facet normal 0 0 -1
 outer loop
  vertex 12.631575 -13.750414 8.60792
  vertex 12.60904 -15.907407 8.60792
  vertex 2.491402 -15.801707 8.60792
 endloop
endfacet
facet normal 0 -0 -1
 outer loop
  vertex 12.631575 -13.750414 8.60792
  vertex 2.491402 -15.801707 8.60792
  vertex 2.60571 -4.8598785 8.60792
 endloop
endfacet
facet normal 0 0 -1
 outer loop
  vertex 20.8985 -2.2512074 8.60792
  vertex 12.631575 -13.750414 8.60792
  vertex 2.60571 -4.8598785 8.60792
 endloop
endfacet
facet normal 0 -0 -1
 outer loop
  vertex 20.8985 -2.2512074 8.60792
  vertex 2.60571 -4.8598785 8.60792
  vertex 4.017757 9.029869 8.60792
 endloop
endfacet
facet normal 0 0 -1
 outer loop
  vertex -15.235073 9.231004 8.60792
  vertex 4.017757 9.029869 8.60792
  vertex 2.60571 -4.8598785 8.60792
 endloop
endfacet
facet normal 0 0 -1
 outer loop
  vertex -15.235073 9.231004 8.60792
  vertex 2.60571 -4.8598785 8.60792
  vertex -15.380319 -4.6719785 8.60792
 endloop
endfacet
facet normal -0.9999454 0.010445812 0
 outer loop
  vertex 21.303621 33.222588 4.4708934
  vertex 21.303621 33.222588 -10.37643
  vertex 21.273182 30.30872 -10.37643
 endloop
endfacet
facet normal -0.9999454 0.010446466 -1.2845713e-07
 outer loop
  vertex 21.303621 33.222588 4.4708934
  vertex 21.273182 30.30872 -10.37643
  vertex 21.27318 30.30872 4.4708934
 endloop
endfacet
facet normal 0.9999454 -0.010446459 0
 outer loop
  vertex 10.226951 30.42412 -10.37643
  vertex 10.257392 33.33799 -10.37643
  vertex 10.257392 33.33799 4.4708934
 endloop
endfacet
facet normal 0.9999454 -0.010446459 0
 outer loop
  vertex 10.226951 30.42412 -10.37643
  vertex 10.257392 33.33799 4.4708934
  vertex 10.226951 30.42412 4.4708934
 endloop
endfacet
facet normal 0 -0 -1
 outer loop
  vertex 21.27318 30.30872 4.4708934
  vertex 10.226951 30.42412 4.4708934
  vertex 10.257392 33.33799 4.4708934
 endloop
endfacet
facet normal -0 -0 -1
 outer loop
  vertex 21.27318 30.30872 4.4708934
  vertex 10.257392 33.33799 4.4708934
  vertex 21.303621 33.222588 4.4708934
 endloop
endfacet
facet normal -0.99994546 0.010446452 -1.03429e-06
 outer loop
  vertex 23.798737 39.172985 9.9077215
  vertex 23.798758 39.172985 -10.376425
  vertex 23.736328 33.197174 -10.376425
 endloop
endfacet
facet normal -0.99994546 0.010446452 -1.03429e-06
 outer loop
  vertex 23.798737 39.172985 9.9077215
  vertex 23.736328 33.197174 -10.376425
  vertex 23.736307 33.197174 9.9077215
 endloop
endfacet
facet normal 0.01044603 0.9999455 1.0804815e-08
 outer loop
  vertex 23.736307 33.197174 9.9077215
  vertex 23.736328 33.197174 -10.376425
  vertex 21.303621 33.222588 -10.37643
 endloop
endfacet
facet normal 0.010446119 0.9999454 0
 outer loop
  vertex 23.736307 33.197174 9.9077215
  vertex 21.303621 33.222588 -10.37643
  vertex 21.303621 33.222588 4.4708934
 endloop
endfacet
facet normal 0.010446545 0.99994546 -1.9017818e-07
 outer loop
  vertex 5.348039 33.38928 9.9077215
  vertex 23.736307 33.197174 9.9077215
  vertex 21.303621 33.222588 4.4708934
 endloop
endfacet
facet normal 0.010446635 0.99994546 7.343929e-08
 outer loop
  vertex 5.348039 33.38928 9.9077215
  vertex 21.303621 33.222588 4.4708934
  vertex 10.257392 33.33799 4.4708934
 endloop
endfacet
facet normal 0.010446346 0.99994546 -1.853514e-07
 outer loop
  vertex 5.3480444 33.389275 -10.376432
  vertex 5.348039 33.38928 9.9077215
  vertex 10.257392 33.33799 4.4708934
 endloop
endfacet
facet normal 0.010445787 0.99994546 -0
 outer loop
  vertex 5.3480444 33.389275 -10.376432
  vertex 10.257392 33.33799 4.4708934
  vertex 10.257392 33.33799 -10.37643
 endloop
endfacet
facet normal 0 0 -1
 outer loop
  vertex 5.4104686 39.36509 9.9077215
  vertex 23.798737 39.172985 9.9077215
  vertex 23.736307 33.197174 9.9077215
 endloop
endfacet
facet normal 0 0 -1
 outer loop
  vertex 5.4104686 39.36509 9.9077215
  vertex 23.736307 33.197174 9.9077215
  vertex 5.348039 33.38928 9.9077215
 endloop
endfacet
facet normal -4.1485993e-07 4.334051e-09 1
 outer loop
  vertex 23.736328 33.197174 -10.376425
  vertex 23.798758 39.172985 -10.376425
  vertex 5.410474 39.365086 -10.376432
 endloop
endfacet
facet normal -2.0095606e-06 -4.733778e-06 1
 outer loop
  vertex 23.736328 33.197174 -10.376425
  vertex 5.410474 39.365086 -10.376432
  vertex 21.303621 33.222588 -10.37643
 endloop
endfacet
facet normal -5.827069e-07 6.0875514e-09 1
 outer loop
  vertex 5.410474 39.365086 -10.376432
  vertex 5.3480444 33.389275 -10.376432
  vertex 10.257392 33.33799 -10.37643
 endloop
endfacet
facet normal 5.0012376e-09 4.787154e-07 1
 outer loop
  vertex 5.410474 39.365086 -10.376432
  vertex 10.257392 33.33799 -10.37643
  vertex 21.303621 33.222588 -10.37643
 endloop
endfacet
facet normal 0 0 -1
 outer loop
  vertex 10.257392 33.33799 -10.37643
  vertex 21.303621 33.222588 -10.37643
  vertex 21.273182 30.30872 -10.37643
 endloop
endfacet
facet normal 0 0 -1
 outer loop
  vertex 10.257392 33.33799 -10.37643
  vertex 21.273182 30.30872 -10.37643
  vertex 10.226951 30.42412 -10.37643
 endloop
endfacet
facet normal -0.010446328 -0.9999454 1.853514e-07
 outer loop
  vertex 5.4104686 39.36509 9.9077215
  vertex 5.410474 39.365086 -10.376432
  vertex 23.798758 39.172985 -10.376425
 endloop
endfacet
facet normal -0.010446544 -0.9999454 -1.0805347e-08
 outer loop
  vertex 5.4104686 39.36509 9.9077215
  vertex 23.798758 39.172985 -10.376425
  vertex 23.798737 39.172985 9.9077215
 endloop
endfacet
facet normal 0.99994546 -0.010446452 2.60537e-07
 outer loop
  vertex 5.3480444 33.389275 -10.376432
  vertex 5.410474 39.365086 -10.376432
  vertex 5.4104686 39.36509 9.9077215
 endloop
endfacet
facet normal 0.99994546 -0.010446452 2.6035664e-07
 outer loop
  vertex 5.3480444 33.389275 -10.376432
  vertex 5.4104686 39.36509 9.9077215
  vertex 5.348039 33.38928 9.9077215
 endloop
endfacet
facet normal 0 -0 -1
 outer loop
  vertex 2.9905972 10.188221 8.35694
  vertex -15.300794 10.379312 8.35694
  vertex -15.024585 36.818356 8.35694
 endloop
endfacet
facet normal -0 -0 -1
 outer loop
  vertex 2.9905972 10.188221 8.35694
  vertex -15.024585 36.818356 8.35694
  vertex 3.2668056 36.627266 8.35694
 endloop
endfacet
facet normal -0.024246844 0.013505341 -0.9996148
 outer loop
  vertex 1.4692336 -6.2308908 5.651001
  vertex 1.3741038 -15.336919 5.530281
  vertex -8.50987 -15.338154 5.770012
 endloop
endfacet
facet normal -0.054874897 0.04709459 -0.997382
 outer loop
  vertex 1.4692336 -6.2308908 5.651001
  vertex -8.50987 -15.338154 5.770012
  vertex -8.413648 -6.127644 6.1996217
 endloop
endfacet
facet normal -0.9999454 0.010446314 0
 outer loop
  vertex 2.9981945 10.915443 4.930848
  vertex 2.9981945 10.915443 -10.37643
  vertex 2.9905972 10.188221 -10.37643
 endloop
endfacet
facet normal -0.99994546 0.010446313 0
 outer loop
  vertex 2.9981945 10.915443 4.930848
  vertex 2.9905972 10.188221 -10.37643
  vertex 2.9905972 10.188221 8.35694
 endloop
endfacet
facet normal -0.9999454 0.010446418 2.220677e-08
 outer loop
  vertex 2.9981945 10.915443 4.930848
  vertex 2.9905972 10.188221 8.35694
  vertex 3.2668056 36.627266 8.35694
 endloop
endfacet
facet normal -0.99994546 0.010446439 -1.2002893e-07
 outer loop
  vertex 2.9981945 10.915443 4.930848
  vertex 3.2668056 36.627266 8.35694
  vertex 3.0587597 16.71282 4.930848
 endloop
endfacet
facet normal -0.99994546 0.01044642 -1.4878318e-08
 outer loop
  vertex 3.0587597 16.71282 4.930848
  vertex 3.2668056 36.627266 8.35694
  vertex 3.1888788 29.16799 1.0389432
 endloop
endfacet
facet normal -0.99994546 0.010446442 5.4225175e-08
 outer loop
  vertex 3.0587597 16.71282 4.930848
  vertex 3.1888788 29.16799 1.0389432
  vertex 3.094465 20.130596 1.0389432
 endloop
endfacet
facet normal -0.9999454 0.010446404 0
 outer loop
  vertex 3.1888788 29.16799 1.0389432
  vertex 3.2668056 36.627266 8.35694
  vertex 3.2668056 36.627266 -10.37643
 endloop
endfacet
facet normal -0.9999454 0.010446405 0
 outer loop
  vertex 3.1888788 29.16799 1.0389432
  vertex 3.2668056 36.627266 -10.37643
  vertex 3.1888788 29.16799 -4.246204
 endloop
endfacet
facet normal -0.99994546 0.010446417 1.4646471e-08
 outer loop
  vertex 3.1888788 29.16799 -4.246204
  vertex 3.2668056 36.627266 -10.37643
  vertex 3.0587597 16.71282 -10.37643
 endloop
endfacet
facet normal -0.99994546 0.0104464395 -3.1198567e-08
 outer loop
  vertex 3.1888788 29.16799 -4.246204
  vertex 3.0587597 16.71282 -10.37643
  vertex 3.094465 20.130594 -4.246204
 endloop
endfacet
facet normal -0.9999454 0.010446383 0
 outer loop
  vertex 3.094465 20.130594 -4.246204
  vertex 3.0587597 16.71282 -10.37643
  vertex 3.0587597 16.71282 4.930848
 endloop
endfacet
facet normal -0.9999454 0.010446373 -3.7120014e-09
 outer loop
  vertex 3.094465 20.130594 -4.246204
  vertex 3.0587597 16.71282 4.930848
  vertex 3.094465 20.130596 1.0389432
 endloop
endfacet
facet normal 0.99994546 -0.010446218 0
 outer loop
  vertex -15.2167635 18.422739 -7.012609
  vertex -15.2167635 18.422739 -10.37643
  vertex -15.21316 18.76772 -10.37643
 endloop
endfacet
facet normal 0.9999454 -0.010446217 0
 outer loop
  vertex -15.2167635 18.422739 -7.012609
  vertex -15.21316 18.76772 -10.37643
  vertex -15.21316 18.76772 -3.9185998
 endloop
endfacet
facet normal 0.99994546 -0.010448725 0
 outer loop
  vertex -15.098336 29.758793 -3.9185998
  vertex -15.098336 29.758793 -10.37643
  vertex -15.095893 29.992619 -10.37643
 endloop
endfacet
facet normal 0.99994534 -0.010448724 0
 outer loop
  vertex -15.098336 29.758793 -3.9185998
  vertex -15.095893 29.992619 -10.37643
  vertex -15.095893 29.992619 -4.927028
 endloop
endfacet
facet normal 0.9999454 -0.01044638 0
 outer loop
  vertex -15.095893 29.992619 -4.927028
  vertex -15.024585 36.818356 -4.927028
  vertex -15.024585 36.818356 8.35694
 endloop
endfacet
facet normal 0.9999454 -0.010447109 3.7588737e-07
 outer loop
  vertex -15.095893 29.992619 -4.927028
  vertex -15.024585 36.818356 8.35694
  vertex -15.098336 29.758793 -3.9185998
 endloop
endfacet
facet normal 0.99994534 -0.010446437 -1.24875985e-08
 outer loop
  vertex -15.098336 29.758793 -3.9185998
  vertex -15.024585 36.818356 8.35694
  vertex -15.300794 10.379312 8.35694
 endloop
endfacet
facet normal 0.99994546 -0.010446228 3.1964768e-07
 outer loop
  vertex -15.098336 29.758793 -3.9185998
  vertex -15.300794 10.379312 8.35694
  vertex -15.258179 14.4584465 5.080347
 endloop
endfacet
facet normal 0.9999454 -0.010446482 0
 outer loop
  vertex -15.300794 10.379312 5.080347
  vertex -15.258179 14.4584465 5.080347
  vertex -15.300794 10.379312 8.35694
 endloop
endfacet
facet normal 0.99994546 -0.010446393 3.736081e-08
 outer loop
  vertex -15.098336 29.758793 -3.9185998
  vertex -15.258179 14.4584465 5.080347
  vertex -15.21316 18.76772 -3.9185998
 endloop
endfacet
facet normal 0.9999454 -0.0104462635 0
 outer loop
  vertex -15.258179 14.4584465 5.080347
  vertex -15.258179 14.4584465 -10.37643
  vertex -15.246345 15.591244 -10.37643
 endloop
endfacet
facet normal 0.99994546 -0.0104462635 0
 outer loop
  vertex -15.258179 14.4584465 5.080347
  vertex -15.246345 15.591244 -10.37643
  vertex -15.246345 15.591244 -7.012609
 endloop
endfacet
facet normal 0.99994546 -0.010446585 4.092604e-08
 outer loop
  vertex -15.246345 15.591244 -7.012609
  vertex -15.2167635 18.422739 -7.012609
  vertex -15.21316 18.76772 -3.9185998
 endloop
endfacet
facet normal 0.99994546 -0.010446522 -2.4171644e-08
 outer loop
  vertex -15.246345 15.591244 -7.012609
  vertex -15.21316 18.76772 -3.9185998
  vertex -15.258179 14.4584465 5.080347
 endloop
endfacet
facet normal -0.010446046 -0.99994546 -0
 outer loop
  vertex 21.273182 30.30872 -10.37643
  vertex 23.705885 30.283306 -10.37643
  vertex 23.705885 30.283306 10.418196
 endloop
endfacet
facet normal -0.010446033 -0.9999454 -1.3407323e-09
 outer loop
  vertex 21.273182 30.30872 -10.37643
  vertex 23.705885 30.283306 10.418196
  vertex 21.27318 30.30872 4.4708934
 endloop
endfacet
facet normal -0.0104464535 -0.9999454 1.7016744e-07
 outer loop
  vertex 21.27318 30.30872 4.4708934
  vertex 23.705885 30.283306 10.418196
  vertex 4.2419167 30.486647 10.418196
 endloop
endfacet
facet normal -0.010446463 -0.9999454 1.4515844e-07
 outer loop
  vertex 21.27318 30.30872 4.4708934
  vertex 4.2419167 30.486647 10.418196
  vertex 10.226951 30.42412 4.4708934
 endloop
endfacet
facet normal -0.010446606 -0.99994546 0
 outer loop
  vertex 10.226951 30.42412 4.4708934
  vertex 4.2419167 30.486647 10.418196
  vertex 4.2419167 30.486647 -10.37643
 endloop
endfacet
facet normal -0.010446605 -0.9999454 0
 outer loop
  vertex 10.226951 30.42412 4.4708934
  vertex 4.2419167 30.486647 -10.37643
  vertex 10.226951 30.42412 -10.37643
 endloop
endfacet
facet normal -0 0 1
 outer loop
  vertex 14.92746 12.179702 -10.37643
  vertex 14.950841 14.417734 -10.37643
  vertex 13.850756 12.19095 -10.37643
 endloop
endfacet
facet normal 0 -0 1
 outer loop
  vertex 22.450268 14.339387 -10.37643
  vertex 22.426888 12.101355 -10.37643
  vertex 23.51582 12.089979 -10.37643
 endloop
endfacet
facet normal 0 0 1
 outer loop
  vertex 22.450268 14.339387 -10.37643
  vertex 23.51582 12.089979 -10.37643
  vertex 23.559832 16.302862 -10.37643
 endloop
endfacet
facet normal 0 0 1
 outer loop
  vertex 22.450268 14.339387 -10.37643
  vertex 23.559832 16.302862 -10.37643
  vertex 18.032354 16.360607 -10.37643
 endloop
endfacet
facet normal -0 0 1
 outer loop
  vertex 22.450268 14.339387 -10.37643
  vertex 18.032354 16.360607 -10.37643
  vertex 14.950841 14.417734 -10.37643
 endloop
endfacet
facet normal 0 0 1
 outer loop
  vertex 18.156918 28.283876 -10.37643
  vertex 23.684395 28.226131 -10.37643
  vertex 23.705885 30.283306 -10.37643
 endloop
endfacet
facet normal 0 0 1
 outer loop
  vertex 18.156918 28.283876 -10.37643
  vertex 23.705885 30.283306 -10.37643
  vertex 21.273182 30.30872 -10.37643
 endloop
endfacet
facet normal -0 0 1
 outer loop
  vertex 10.226951 30.42412 -10.37643
  vertex 4.2419167 30.486647 -10.37643
  vertex 4.0979075 16.701965 -10.37643
 endloop
endfacet
facet normal 0 -0 1
 outer loop
  vertex 10.226951 30.42412 -10.37643
  vertex 4.0979075 16.701965 -10.37643
  vertex 21.273182 30.30872 -10.37643
 endloop
endfacet
facet normal -0 0 1
 outer loop
  vertex 3.2668056 36.627266 -10.37643
  vertex -11.627768 36.78287 -10.37643
  vertex -11.649184 34.732822 -10.37643
 endloop
endfacet
facet normal 0 -0 1
 outer loop
  vertex 3.2668056 36.627266 -10.37643
  vertex -11.649184 34.732822 -10.37643
  vertex -9.0756645 34.705936 -10.37643
 endloop
endfacet
facet normal -0 0 1
 outer loop
  vertex -9.110641 31.357948 -10.37643
  vertex -11.68416 31.384834 -10.37643
  vertex -11.699076 29.957132 -10.37643
 endloop
endfacet
facet normal 0 -0 1
 outer loop
  vertex -9.110641 31.357948 -10.37643
  vertex -11.699076 29.957132 -10.37643
  vertex -0.99186707 29.611422 -10.37643
 endloop
endfacet
facet normal -0 0 1
 outer loop
  vertex -11.699076 29.957132 -10.37643
  vertex -15.095893 29.992619 -10.37643
  vertex -15.098336 29.758793 -10.37643
 endloop
endfacet
facet normal 0 -0 1
 outer loop
  vertex -11.699076 29.957132 -10.37643
  vertex -15.098336 29.758793 -10.37643
  vertex -0.99186707 29.611422 -10.37643
 endloop
endfacet
facet normal -0 0 1
 outer loop
  vertex -1.1066911 18.620348 -10.37643
  vertex -15.21316 18.76772 -10.37643
  vertex -15.2167635 18.422739 -10.37643
 endloop
endfacet
facet normal 0 -0 1
 outer loop
  vertex -1.1066911 18.620348 -10.37643
  vertex -15.2167635 18.422739 -10.37643
  vertex -12.493677 18.39429 -10.37643
 endloop
endfacet
facet normal -0 0 1
 outer loop
  vertex -12.523258 15.562796 -10.37643
  vertex -15.246345 15.591244 -10.37643
  vertex -15.258179 14.4584465 -10.37643
 endloop
endfacet
facet normal 0 -0 1
 outer loop
  vertex -12.523258 15.562796 -10.37643
  vertex -15.258179 14.4584465 -10.37643
  vertex -5.3664494 14.355107 -10.37643
 endloop
endfacet
facet normal 0 -0 1
 outer loop
  vertex -5.3664494 14.355107 -10.37643
  vertex -5.4090643 10.275972 -10.37643
  vertex 2.9905972 10.188221 -10.37643
 endloop
endfacet
facet normal 0 0 1
 outer loop
  vertex -5.3664494 14.355107 -10.37643
  vertex 2.9905972 10.188221 -10.37643
  vertex 2.9981945 10.915443 -10.37643
 endloop
endfacet
facet normal 0 -0 1
 outer loop
  vertex 1.8138955 5.479054 -10.37643
  vertex 1.7831753 2.5384905 -10.37643
  vertex 3.9804251 5.45642 -10.37643
 endloop
endfacet
facet normal 0 0 1
 outer loop
  vertex -2.468082 2.5829036 -10.37643
  vertex -2.437362 5.5234666 -10.37643
  vertex -4.6748137 5.5468416 -10.37643
 endloop
endfacet
facet normal -0 0 1
 outer loop
  vertex -2.468082 2.5829036 -10.37643
  vertex -4.6748137 5.5468416 -10.37643
  vertex -6.169339 -4.5095773 -10.37643
 endloop
endfacet
facet normal 0 0 1
 outer loop
  vertex -4.6748137 5.5468416 -10.37643
  vertex -4.637482 9.12029 -10.37643
  vertex -6.0267963 9.134805 -10.37643
 endloop
endfacet
facet normal -0 0 1
 outer loop
  vertex -4.6748137 5.5468416 -10.37643
  vertex -6.0267963 9.134805 -10.37643
  vertex -6.169339 -4.5095773 -10.37643
 endloop
endfacet
facet normal -0 0 1
 outer loop
  vertex -6.169339 -4.5095773 -10.37643
  vertex -15.377617 -4.4133782 -10.37643
  vertex -15.380319 -4.671977 -10.37643
 endloop
endfacet
facet normal 0 -0 1
 outer loop
  vertex -6.169339 -4.5095773 -10.37643
  vertex -15.380319 -4.671977 -10.37643
  vertex 2.60571 -4.859877 -10.37643
 endloop
endfacet
facet normal 0 -0 1
 outer loop
  vertex -2.468082 2.5829036 -10.37643
  vertex -6.169339 -4.5095773 -10.37643
  vertex 2.60571 -4.859877 -10.37643
 endloop
endfacet
facet normal 0 0 1
 outer loop
  vertex -2.468082 2.5829036 -10.37643
  vertex 2.60571 -4.859877 -10.37643
  vertex 1.7831753 2.5384905 -10.37643
 endloop
endfacet
facet normal 0 0 1
 outer loop
  vertex 1.4664501 -6.4973383 -10.37643
  vertex 1.4692336 -6.2308908 -10.37643
  vertex -8.413648 -6.127644 -10.37643
 endloop
endfacet
facet normal 0 -0 1
 outer loop
  vertex -8.413648 -6.127644 -10.37643
  vertex -8.508779 -15.233672 -10.37643
  vertex -7.4486375 -15.244747 -10.37643
 endloop
endfacet
facet normal 0 0 1
 outer loop
  vertex -8.413648 -6.127644 -10.37643
  vertex -7.4486375 -15.244747 -10.37643
  vertex -7.4046807 -11.037131 -10.37643
 endloop
endfacet
facet normal 0 -0 1
 outer loop
  vertex -4.5545073 -11.066907 -10.37643
  vertex -4.598464 -15.274523 -10.37643
  vertex -3.4768665 -15.286241 -10.37643
 endloop
endfacet
facet normal 0 0 1
 outer loop
  vertex -4.5545073 -11.066907 -10.37643
  vertex -3.4768665 -15.286241 -10.37643
  vertex -3.4395993 -11.719003 -10.37643
 endloop
endfacet
facet normal -0 0 1
 outer loop
  vertex 1.4113708 -11.769681 -10.37643
  vertex 1.4158468 -11.341227 -10.37643
  vertex -3.4395993 -11.719003 -10.37643
 endloop
endfacet
facet normal 0 0 1
 outer loop
  vertex 2.5314837 -11.965045 -10.37643
  vertex 4.5401416 -11.98603 -10.37643
  vertex 2.5378783 -11.352948 -10.37643
 endloop
endfacet
facet normal 0 -0 1
 outer loop
  vertex 4.5401416 -11.98603 -10.37643
  vertex 4.5000596 -15.822692 -10.37643
  vertex 12.529 -15.90657 -10.37643
 endloop
endfacet
facet normal 0 0 1
 outer loop
  vertex 4.5401416 -11.98603 -10.37643
  vertex 12.529 -15.90657 -10.37643
  vertex 12.571664 -11.822798 -10.37643
 endloop
endfacet
facet normal 0 0 1
 outer loop
  vertex 12.571664 -11.822798 -10.37643
  vertex 18.658754 -11.88639 -10.37643
  vertex 18.76017 -2.178722 -10.37643
 endloop
endfacet
facet normal 0 0 1
 outer loop
  vertex 12.571664 -11.822798 -10.37643
  vertex 18.76017 -2.178722 -10.37643
  vertex 18.679749 -1.8849537 -10.37643
 endloop
endfacet
facet normal 0 0 1
 outer loop
  vertex 18.76017 -2.178722 -10.37643
  vertex 23.366251 -2.2268417 -10.37643
  vertex 23.369312 -1.9339457 -10.37643
 endloop
endfacet
facet normal 0 0 1
 outer loop
  vertex 18.76017 -2.178722 -10.37643
  vertex 23.369312 -1.9339457 -10.37643
  vertex 18.679749 -1.8849537 -10.37643
 endloop
endfacet
facet normal 0 0 1
 outer loop
  vertex 23.412212 2.1726406 -10.37643
  vertex 23.457888 6.544624 -10.37643
  vertex 22.368956 6.556 -10.37643
 endloop
endfacet
facet normal -0 0 1
 outer loop
  vertex 23.412212 2.1726406 -10.37643
  vertex 22.368956 6.556 -10.37643
  vertex 22.339214 3.7092662 -10.37643
 endloop
endfacet
facet normal 0 0 1
 outer loop
  vertex 18.722649 2.2216327 -10.37643
  vertex 23.412212 2.1726406 -10.37643
  vertex 22.339214 3.7092662 -10.37643
 endloop
endfacet
facet normal 0 0 1
 outer loop
  vertex 18.722649 2.2216327 -10.37643
  vertex 22.339214 3.7092662 -10.37643
  vertex 14.8397875 3.787613 -10.37643
 endloop
endfacet
facet normal -0 -0 1
 outer loop
  vertex 14.869528 6.634347 -10.37643
  vertex 13.792824 6.645595 -10.37643
  vertex 14.8397875 3.787613 -10.37643
 endloop
endfacet
facet normal 0 0 1
 outer loop
  vertex -1.1066911 18.620348 -10.37643
  vertex -12.493677 18.39429 -10.37643
  vertex -12.523258 15.562796 -10.37643
 endloop
endfacet
facet normal 0 -0 1
 outer loop
  vertex -1.1066911 18.620348 -10.37643
  vertex -12.523258 15.562796 -10.37643
  vertex -5.3664494 14.355107 -10.37643
 endloop
endfacet
facet normal 0 -0 1
 outer loop
  vertex -1.1066911 18.620348 -10.37643
  vertex -5.3664494 14.355107 -10.37643
  vertex 2.9981945 10.915443 -10.37643
 endloop
endfacet
facet normal 0 0 1
 outer loop
  vertex -1.1066911 18.620348 -10.37643
  vertex 2.9981945 10.915443 -10.37643
  vertex 3.0587597 16.71282 -10.37643
 endloop
endfacet
facet normal 0 0 1
 outer loop
  vertex 3.2668056 36.627266 -10.37643
  vertex -9.0756645 34.705936 -10.37643
  vertex -9.110641 31.357948 -10.37643
 endloop
endfacet
facet normal 0 -0 1
 outer loop
  vertex 3.2668056 36.627266 -10.37643
  vertex -9.110641 31.357948 -10.37643
  vertex -0.99186707 29.611422 -10.37643
 endloop
endfacet
facet normal -0 0 1
 outer loop
  vertex 3.0587597 16.71282 -10.37643
  vertex 3.2668056 36.627266 -10.37643
  vertex -0.99186707 29.611422 -10.37643
 endloop
endfacet
facet normal -0 0 1
 outer loop
  vertex 3.0587597 16.71282 -10.37643
  vertex -0.99186707 29.611422 -10.37643
  vertex -1.1066911 18.620348 -10.37643
 endloop
endfacet
facet normal -0 0 1
 outer loop
  vertex 4.0979075 16.701965 -10.37643
  vertex 3.0587597 16.71282 -10.37643
  vertex 2.9981945 10.915443 -10.37643
 endloop
endfacet
facet normal 0 -0 1
 outer loop
  vertex 4.0979075 16.701965 -10.37643
  vertex 2.9981945 10.915443 -10.37643
  vertex 4.037342 10.904588 -10.37643
 endloop
endfacet
facet normal -0 0 -1
 outer loop
  vertex 18.156918 28.283876 -10.37643
  vertex 21.273182 30.30872 -10.37643
  vertex 18.032354 16.360607 -10.37643
 endloop
endfacet
facet normal 0 -0 1
 outer loop
  vertex 21.273182 30.30872 -10.37643
  vertex 4.0979075 16.701965 -10.37643
  vertex 18.032354 16.360607 -10.37643
 endloop
endfacet
facet normal -0 -0 1
 outer loop
  vertex 18.032354 16.360607 -10.37643
  vertex 4.0979075 16.701965 -10.37643
  vertex 14.950841 14.417734 -10.37643
 endloop
endfacet
facet normal 0 0 1
 outer loop
  vertex 13.850756 12.19095 -10.37643
  vertex 14.950841 14.417734 -10.37643
  vertex 4.0979075 16.701965 -10.37643
 endloop
endfacet
facet normal -0 0 1
 outer loop
  vertex 13.850756 12.19095 -10.37643
  vertex 4.0979075 16.701965 -10.37643
  vertex 4.037342 10.904588 -10.37643
 endloop
endfacet
facet normal -0 0 1
 outer loop
  vertex 13.792824 6.645595 -10.37643
  vertex 13.850756 12.19095 -10.37643
  vertex 4.037342 10.904588 -10.37643
 endloop
endfacet
facet normal -0 0 1
 outer loop
  vertex 13.792824 6.645595 -10.37643
  vertex 4.037342 10.904588 -10.37643
  vertex 3.9804251 5.45642 -10.37643
 endloop
endfacet
facet normal -0 0 1
 outer loop
  vertex 14.8397875 3.787613 -10.37643
  vertex 13.792824 6.645595 -10.37643
  vertex 3.9804251 5.45642 -10.37643
 endloop
endfacet
facet normal -0 0 1
 outer loop
  vertex 14.8397875 3.787613 -10.37643
  vertex 3.9804251 5.45642 -10.37643
  vertex 1.7831753 2.5384905 -10.37643
 endloop
endfacet
facet normal -0 -0 1
 outer loop
  vertex 18.722649 2.2216327 -10.37643
  vertex 14.8397875 3.787613 -10.37643
  vertex 18.679749 -1.8849537 -10.37643
 endloop
endfacet
facet normal 0 -0 1
 outer loop
  vertex 14.8397875 3.787613 -10.37643
  vertex 1.7831753 2.5384905 -10.37643
  vertex 2.60571 -4.859877 -10.37643
 endloop
endfacet
facet normal 0 -0 1
 outer loop
  vertex 14.8397875 3.787613 -10.37643
  vertex 2.60571 -4.859877 -10.37643
  vertex 18.679749 -1.8849537 -10.37643
 endloop
endfacet
facet normal -0 0 1
 outer loop
  vertex 12.571664 -11.822798 -10.37643
  vertex 18.679749 -1.8849537 -10.37643
  vertex 2.60571 -4.859877 -10.37643
 endloop
endfacet
facet normal -0 -0 1
 outer loop
  vertex 12.571664 -11.822798 -10.37643
  vertex 2.60571 -4.859877 -10.37643
  vertex 4.5401416 -11.98603 -10.37643
 endloop
endfacet
facet normal -0 0 1
 outer loop
  vertex 4.5401416 -11.98603 -10.37643
  vertex 2.60571 -4.859877 -10.37643
  vertex 2.588481 -6.50906 -10.37643
 endloop
endfacet
facet normal -0 0 1
 outer loop
  vertex 4.5401416 -11.98603 -10.37643
  vertex 2.588481 -6.50906 -10.37643
  vertex 2.5378783 -11.352948 -10.37643
 endloop
endfacet
facet normal 0 0 1
 outer loop
  vertex 2.5378783 -11.352948 -10.37643
  vertex 2.588481 -6.50906 -10.37643
  vertex 1.4664501 -6.4973383 -10.37643
 endloop
endfacet
facet normal -0 0 1
 outer loop
  vertex 2.5378783 -11.352948 -10.37643
  vertex 1.4664501 -6.4973383 -10.37643
  vertex 1.4158468 -11.341227 -10.37643
 endloop
endfacet
facet normal 0 0 1
 outer loop
  vertex -3.4395993 -11.719003 -10.37643
  vertex 1.4158468 -11.341227 -10.37643
  vertex 1.4664501 -6.4973383 -10.37643
 endloop
endfacet
facet normal -0 0 1
 outer loop
  vertex -3.4395993 -11.719003 -10.37643
  vertex 1.4664501 -6.4973383 -10.37643
  vertex -4.5545073 -11.066907 -10.37643
 endloop
endfacet
facet normal -0 0 1
 outer loop
  vertex -4.5545073 -11.066907 -10.37643
  vertex 1.4664501 -6.4973383 -10.37643
  vertex -7.4046807 -11.037131 -10.37643
 endloop
endfacet
facet normal -0 -0 1
 outer loop
  vertex 1.4664501 -6.4973383 -10.37643
  vertex -8.413648 -6.127644 -10.37643
  vertex -7.4046807 -11.037131 -10.37643
 endloop
endfacet
facet normal 0.010446635 0.99994546 0
 outer loop
  vertex 10.257392 33.33799 -10.37643
  vertex 10.257392 33.33799 4.4708934
  vertex 21.303621 33.222588 4.4708934
 endloop
endfacet
facet normal 0.010446635 0.99994546 -0
 outer loop
  vertex 10.257392 33.33799 -10.37643
  vertex 21.303621 33.222588 4.4708934
  vertex 21.303621 33.222588 -10.37643
 endloop
endfacet
facet normal 0 0 0
 outer loop
  vertex 10.226951 30.42412 -10.37643
  vertex 10.226951 30.42412 4.4708934
  vertex 10.226951 30.42412 4.4708934
 endloop
endfacet
endsolid 
