solid 
facet normal 0.9999361 0.011076334 0.00224016
 outer loop
  vertex -20.266954 -50.535767 -9.443464
  vertex -20.367517 -41.43074 -9.574568
  vertex -20.407288 -41.192528 6.999723
 endloop
endfacet
facet normal 0.9999361 0.011076262 0.0022402003
 outer loop
  vertex -20.266954 -50.535767 -9.443464
  vertex -20.407288 -41.192528 6.999723
  vertex -20.30454 -50.408195 6.7027674
 endloop
endfacet
facet normal 0.011042797 -0.9998354 0.014396732
 outer loop
  vertex -20.367517 -41.43074 -9.574568
  vertex -10.484731 -41.32127 -9.552428
  vertex -10.523185 -41.09094 6.473301
 endloop
endfacet
facet normal 0.011043101 -0.99983543 0.014396548
 outer loop
  vertex -20.367517 -41.43074 -9.574568
  vertex -10.523185 -41.09094 6.473301
  vertex -20.407288 -41.192528 6.999723
 endloop
endfacet
facet normal -0.9999361 -0.011078231 -0.0022401402
 outer loop
  vertex -10.484731 -41.32127 -9.552428
  vertex -10.481788 -41.58769 -9.548592
  vertex -10.518133 -41.369987 5.598413
 endloop
endfacet
facet normal -0.99993616 -0.011078406 -0.0022401412
 outer loop
  vertex -10.484731 -41.32127 -9.552428
  vertex -10.518133 -41.369987 5.598413
  vertex -10.523185 -41.09094 6.473301
 endloop
endfacet
facet normal -0.99993616 -0.01107647 -0.0022407596
 outer loop
  vertex -10.422331 -50.1977 6.483698
  vertex -10.523185 -41.09094 6.473301
  vertex -10.518133 -41.369987 5.598413
 endloop
endfacet
facet normal -0.9999361 -0.011076703 -0.0022430753
 outer loop
  vertex -10.422331 -50.1977 6.483698
  vertex -10.518133 -41.369987 5.598413
  vertex -10.464638 -46.213345 5.6681547
 endloop
endfacet
facet normal -0.99993616 -0.011076099 -0.002240129
 outer loop
  vertex -10.399722 -50.333126 -2.9386718
  vertex -10.422331 -50.1977 6.483698
  vertex -10.464638 -46.213345 5.6681547
 endloop
endfacet
facet normal -0.99993616 -0.01107615 -0.0022401041
 outer loop
  vertex -10.399722 -50.333126 -2.9386718
  vertex -10.464638 -46.213345 5.6681547
  vertex -10.4391165 -46.76628 -2.990031
 endloop
endfacet
facet normal -0.99993616 -0.01107524 -0.002240183
 outer loop
  vertex -10.464638 -46.213345 5.6681547
  vertex -10.428292 -46.431046 -9.478852
  vertex -10.423561 -46.85945 -9.472683
 endloop
endfacet
facet normal -0.99993616 -0.011074267 -0.002240225
 outer loop
  vertex -10.464638 -46.213345 5.6681547
  vertex -10.423561 -46.85945 -9.472683
  vertex -10.4391165 -46.76628 -2.990031
 endloop
endfacet
facet normal 0.011042728 -0.9998354 0.014396372
 outer loop
  vertex -27.526508 -26.749184 -3.1397214
  vertex -27.518894 -26.79478 -6.312302
  vertex -18.3107 -26.692783 -6.2916727
 endloop
endfacet
facet normal 0.011042728 -0.9998354 0.014396372
 outer loop
  vertex -27.526508 -26.749184 -3.1397214
  vertex -18.3107 -26.692783 -6.2916727
  vertex -18.318314 -26.647186 -3.119092
 endloop
endfacet
facet normal 0.011042828 -0.9998353 0.014396717
 outer loop
  vertex -2.516704 -4.490071 -10.062667
  vertex 8.529424 -4.367714 -10.037921
  vertex 8.493799 -4.154342 4.8078256
 endloop
endfacet
facet normal 0.011042829 -0.9998353 0.014396714
 outer loop
  vertex -2.516704 -4.490071 -10.062667
  vertex 8.493799 -4.154342 4.8078256
  vertex -2.5523264 -4.276699 4.783079
 endloop
endfacet
facet normal 0.9999361 0.011076604 0.002240168
 outer loop
  vertex -9.359767 -41.57526 -9.546078
  vertex -9.37798 -39.92626 -9.569822
  vertex -9.423529 -39.653442 9.412511
 endloop
endfacet
facet normal 0.99993616 0.011076653 0.0022401635
 outer loop
  vertex -9.359767 -41.57526 -9.546078
  vertex -9.423529 -39.653442 9.412511
  vertex -9.396112 -41.35756 5.6009274
 endloop
endfacet
facet normal 0.9999361 0.011076462 0.0022402487
 outer loop
  vertex -9.396112 -41.35756 5.6009274
  vertex -9.423529 -39.653442 9.412511
  vertex -9.3026905 -50.594063 9.570045
 endloop
endfacet
facet normal 0.99993616 0.011076669 0.0022407293
 outer loop
  vertex -9.396112 -41.35756 5.6009274
  vertex -9.3026905 -50.594063 9.570045
  vertex -9.342617 -46.200916 5.670669
 endloop
endfacet
facet normal 0.99993616 0.011076195 0.0022401973
 outer loop
  vertex -9.342617 -46.200916 5.670669
  vertex -9.3026905 -50.594063 9.570045
  vertex -9.272283 -50.776196 -3.1023319
 endloop
endfacet
facet normal 0.9999362 0.011076183 0.0022402043
 outer loop
  vertex -9.342617 -46.200916 5.670669
  vertex -9.272283 -50.776196 -3.1023319
  vertex -9.314652 -46.939957 -3.1575701
 endloop
endfacet
facet normal 0.9999361 0.011076178 0.0022401204
 outer loop
  vertex -9.314652 -46.939957 -3.1575701
  vertex -9.299512 -47.030647 -9.4675255
  vertex -9.306272 -46.418617 -9.476338
 endloop
endfacet
facet normal 0.9999361 0.011076687 0.0022401623
 outer loop
  vertex -9.314652 -46.939957 -3.1575701
  vertex -9.306272 -46.418617 -9.476338
  vertex -9.342617 -46.200916 5.670669
 endloop
endfacet
facet normal -0.01104272 0.9998354 -0.01439629
 outer loop
  vertex 0.73526347 -46.67238 -9.448596
  vertex 0.72120684 -46.588184 -3.5904512
  vertex 6.808236 -46.52076 -3.5768144
 endloop
endfacet
facet normal -0.011043341 0.9998354 -0.014395646
 outer loop
  vertex 0.73526347 -46.67238 -9.448596
  vertex 6.808236 -46.52076 -3.5768144
  vertex 6.8222966 -46.60495 -9.434959
 endloop
endfacet
facet normal -0.99993616 -0.0110762045 -0.0022401586
 outer loop
  vertex 0.78036237 -50.755703 -9.3898
  vertex 0.76630574 -50.67151 -3.531655
  vertex 0.72120684 -46.588184 -3.5904512
 endloop
endfacet
facet normal -0.99993616 -0.011076203 -0.0022401586
 outer loop
  vertex 0.78036237 -50.755703 -9.3898
  vertex 0.72120684 -46.588184 -3.5904512
  vertex 0.73526347 -46.67238 -9.448596
 endloop
endfacet
facet normal -0.0023992567 0.014371065 0.99989384
 outer loop
  vertex 6.808236 -46.52076 -3.5768144
  vertex 0.72120684 -46.588184 -3.5904512
  vertex 0.76630574 -50.67151 -3.531655
 endloop
endfacet
facet normal -0.00239924 0.014371041 0.9998939
 outer loop
  vertex 6.808236 -46.52076 -3.5768144
  vertex 0.76630574 -50.67151 -3.531655
  vertex 11.459374 -50.553062 -3.5076995
 endloop
endfacet
facet normal -0.0023992313 0.01437105 0.99989384
 outer loop
  vertex 6.808236 -46.52076 -3.5768144
  vertex 11.459374 -50.553062 -3.5076995
  vertex 11.307069 -36.76314 -3.7062616
 endloop
endfacet
facet normal -0.0023992187 0.014371046 0.9998939
 outer loop
  vertex 6.808236 -46.52076 -3.5768144
  vertex 11.307069 -36.76314 -3.7062616
  vertex 6.70103 -36.814163 -3.7165804
 endloop
endfacet
facet normal -0.011043031 0.9998354 -0.014395645
 outer loop
  vertex 6.7150903 -36.898354 -9.574726
  vertex 6.70103 -36.814163 -3.7165804
  vertex 11.307069 -36.76314 -3.7062616
 endloop
endfacet
facet normal -0.011042199 0.9998354 -0.014396295
 outer loop
  vertex 6.7150903 -36.898354 -9.574726
  vertex 11.307069 -36.76314 -3.7062616
  vertex 11.321129 -36.847336 -9.564406
 endloop
endfacet
facet normal -0.99993616 -0.01107625 -0.0022408264
 outer loop
  vertex 6.8222966 -46.60495 -9.434959
  vertex 6.808236 -46.52076 -3.5768144
  vertex 6.70103 -36.814163 -3.7165804
 endloop
endfacet
facet normal -0.9999361 -0.01107625 -0.0022408261
 outer loop
  vertex 6.8222966 -46.60495 -9.434959
  vertex 6.70103 -36.814163 -3.7165804
  vertex 6.7150903 -36.898354 -9.574726
 endloop
endfacet
facet normal 0.0023992385 -0.014371056 -0.99989384
 outer loop
  vertex 0.8337638 -50.595257 1.7119037
  vertex 0.80994314 -48.4385 1.6808484
  vertex 8.9557705 -48.34827 1.6990974
 endloop
endfacet
facet normal 0.0023992383 -0.014371056 -0.99989384
 outer loop
  vertex 0.8337638 -50.595257 1.7119037
  vertex 8.9557705 -48.34827 1.6990974
  vertex 11.446796 -50.4777 1.73568
 endloop
endfacet
facet normal 0.002399252 -0.014371041 -0.9998939
 outer loop
  vertex 11.295045 -36.737915 1.5378399
  vertex 11.446796 -50.4777 1.73568
  vertex 8.9557705 -48.34827 1.6990974
 endloop
endfacet
facet normal 0.002399234 -0.014371037 -0.99989384
 outer loop
  vertex 11.295045 -36.737915 1.5378399
  vertex 8.9557705 -48.34827 1.6990974
  vertex 8.82784 -36.765244 1.5323126
 endloop
endfacet
facet normal -0.011041735 0.9998354 -0.014396549
 outer loop
  vertex -9.272283 -50.776196 -3.1023319
  vertex -9.3026905 -50.594063 9.570045
  vertex -7.2636433 -50.75395 -3.097832
 endloop
endfacet
facet normal -0.011042919 0.99983543 -0.01439674
 outer loop
  vertex -7.2636433 -50.75395 -3.097832
  vertex -9.3026905 -50.594063 9.570045
  vertex 0.81485385 -50.48199 9.592712
 endloop
endfacet
facet normal -0.011043272 0.9998354 -0.014396514
 outer loop
  vertex -7.2636433 -50.75395 -3.097832
  vertex 0.81485385 -50.48199 9.592712
  vertex 0.8337638 -50.595257 1.7119037
 endloop
endfacet
facet normal -0.011042638 0.9998354 -0.014397135
 outer loop
  vertex 0.8337638 -50.595257 1.7119037
  vertex 11.446796 -50.4777 1.73568
  vertex 11.459374 -50.553062 -3.5076995
 endloop
endfacet
facet normal -0.011042849 0.9998354 -0.014397569
 outer loop
  vertex 0.8337638 -50.595257 1.7119037
  vertex 11.459374 -50.553062 -3.5076995
  vertex 0.76630574 -50.67151 -3.531655
 endloop
endfacet
facet normal -0.0110426415 0.9998354 -0.014397572
 outer loop
  vertex 0.8337638 -50.595257 1.7119037
  vertex 0.76630574 -50.67151 -3.531655
  vertex -7.2636433 -50.75395 -3.097832
 endloop
endfacet
facet normal -0.011042597 0.9998354 -0.014396754
 outer loop
  vertex -7.2485027 -50.84464 -9.407787
  vertex -7.2636433 -50.75395 -3.097832
  vertex 0.76630574 -50.67151 -3.531655
 endloop
endfacet
facet normal -0.011042939 0.9998354 -0.014396289
 outer loop
  vertex -7.2485027 -50.84464 -9.407787
  vertex 0.76630574 -50.67151 -3.531655
  vertex 0.78036237 -50.755703 -9.3898
 endloop
endfacet
facet normal -0.011041744 0.9998354 -0.014396751
 outer loop
  vertex -7.290873 -47.0084 -9.463026
  vertex -9.299512 -47.030647 -9.4675255
  vertex -9.314652 -46.939957 -3.1575701
 endloop
endfacet
facet normal -0.011041741 0.9998354 -0.01439675
 outer loop
  vertex -7.290873 -47.0084 -9.463026
  vertex -9.314652 -46.939957 -3.1575701
  vertex -7.3060136 -46.91771 -3.1530702
 endloop
endfacet
facet normal 0.9999362 0.011076307 0.002240119
 outer loop
  vertex -7.2485027 -50.84464 -9.407787
  vertex -7.290873 -47.0084 -9.463026
  vertex -7.3060136 -46.91771 -3.1530702
 endloop
endfacet
facet normal 0.9999362 0.011076306 0.0022401186
 outer loop
  vertex -7.2485027 -50.84464 -9.407787
  vertex -7.3060136 -46.91771 -3.1530702
  vertex -7.2636433 -50.75395 -3.097832
 endloop
endfacet
facet normal -0.002399212 0.014371037 0.99989384
 outer loop
  vertex -9.314652 -46.939957 -3.1575701
  vertex -9.272283 -50.776196 -3.1023319
  vertex -7.2636433 -50.75395 -3.097832
 endloop
endfacet
facet normal -0.0023992124 0.014371037 0.99989384
 outer loop
  vertex -9.314652 -46.939957 -3.1575701
  vertex -7.2636433 -50.75395 -3.097832
  vertex -7.3060136 -46.91771 -3.1530702
 endloop
endfacet
facet normal -0.9999362 -0.011076222 -0.0022408806
 outer loop
  vertex 1.4980482 -22.639147 -9.792185
  vertex 1.559288 -28.183893 -9.712346
  vertex 1.5474886 -28.113241 -4.7963567
 endloop
endfacet
facet normal -0.9999362 -0.0110762175 -0.002240876
 outer loop
  vertex 1.4980482 -22.639147 -9.792185
  vertex 1.5474886 -28.113241 -4.7963567
  vertex 1.4862487 -22.568493 -4.876196
 endloop
endfacet
facet normal -0.0023992283 0.014371045 0.99989384
 outer loop
  vertex 1.4862487 -22.568493 -4.876196
  vertex 1.5474886 -28.113241 -4.7963567
  vertex 11.212462 -28.006182 -4.7747045
 endloop
endfacet
facet normal -0.0023992287 0.014371045 0.9998939
 outer loop
  vertex 1.4862487 -22.568493 -4.876196
  vertex 11.212462 -28.006182 -4.7747045
  vertex 11.151222 -22.461433 -4.8545437
 endloop
endfacet
facet normal 0.011042998 -0.99983543 0.014396021
 outer loop
  vertex 10.13534 -28.088896 -9.693133
  vertex 11.224262 -28.076834 -9.690694
  vertex 11.212462 -28.006182 -4.7747045
 endloop
endfacet
facet normal 0.01104142 -0.99983543 0.014396367
 outer loop
  vertex 10.13534 -28.088896 -9.693133
  vertex 11.212462 -28.006182 -4.7747045
  vertex 10.1282215 -28.046282 -6.72811
 endloop
endfacet
facet normal 0.011042985 -0.99983543 0.014395499
 outer loop
  vertex 10.1282215 -28.046282 -6.72811
  vertex 11.212462 -28.006182 -4.7747045
  vertex 1.5474886 -28.113241 -4.7963567
 endloop
endfacet
facet normal 0.011042975 -0.9998354 0.014395457
 outer loop
  vertex 10.1282215 -28.046282 -6.72811
  vertex 1.5474886 -28.113241 -4.7963567
  vertex 2.6288636 -28.129353 -6.7449102
 endloop
endfacet
facet normal 0.011043991 -0.9998354 0.01439602
 outer loop
  vertex 2.6288636 -28.129353 -6.7449102
  vertex 1.5474886 -28.113241 -4.7963567
  vertex 1.559288 -28.183893 -9.712346
 endloop
endfacet
facet normal 0.011043032 -0.9998354 0.014396367
 outer loop
  vertex 2.6288636 -28.129353 -6.7449102
  vertex 1.559288 -28.183893 -9.712346
  vertex 2.635982 -28.171967 -9.709934
 endloop
endfacet
facet normal -0.011042976 0.9998354 -0.01439649
 outer loop
  vertex 10.049384 -20.306366 -9.805195
  vertex 2.5500267 -20.389437 -9.821995
  vertex 2.5373178 -20.313337 -4.5271482
 endloop
endfacet
facet normal -0.011042973 0.9998354 -0.014396489
 outer loop
  vertex 10.049384 -20.306366 -9.805195
  vertex 2.5373178 -20.313337 -4.5271482
  vertex 10.036675 -20.230267 -4.5103474
 endloop
endfacet
facet normal -0.011042996 0.9998353 -0.0143964095
 outer loop
  vertex 11.151222 -22.461433 -4.8545437
  vertex 11.163022 -22.532087 -9.770533
  vertex 10.0741 -22.54415 -9.772972
 endloop
endfacet
facet normal -0.011043165 0.99983543 -0.014396371
 outer loop
  vertex 11.151222 -22.461433 -4.8545437
  vertex 10.0741 -22.54415 -9.772972
  vertex 10.066981 -22.501535 -6.807949
 endloop
endfacet
facet normal -0.011042983 0.9998354 -0.014396474
 outer loop
  vertex 1.4862487 -22.568493 -4.876196
  vertex 11.151222 -22.461433 -4.8545437
  vertex 10.066981 -22.501535 -6.807949
 endloop
endfacet
facet normal -0.011042976 0.9998354 -0.014396434
 outer loop
  vertex 1.4862487 -22.568493 -4.876196
  vertex 10.066981 -22.501535 -6.807949
  vertex 2.5676236 -22.584606 -6.8247495
 endloop
endfacet
facet normal -0.011042928 0.9998354 -0.014396407
 outer loop
  vertex 1.4980482 -22.639147 -9.792185
  vertex 1.4862487 -22.568493 -4.876196
  vertex 2.5676236 -22.584606 -6.8247495
 endloop
endfacet
facet normal -0.011043032 0.9998354 -0.01439637
 outer loop
  vertex 1.4980482 -22.639147 -9.792185
  vertex 2.5676236 -22.584606 -6.8247495
  vertex 2.574742 -22.62722 -9.789773
 endloop
endfacet
facet normal -0.002399262 0.014371188 0.99989384
 outer loop
  vertex 2.6541307 -30.41707 -6.7119694
  vertex 10.153488 -30.334 -6.6951685
  vertex 10.1282215 -28.046282 -6.72811
 endloop
endfacet
facet normal -0.0023991957 0.01437098 0.99989384
 outer loop
  vertex 2.6541307 -30.41707 -6.7119694
  vertex 10.1282215 -28.046282 -6.72811
  vertex 2.6288636 -28.129353 -6.7449102
 endloop
endfacet
facet normal -0.0023992585 0.014370859 0.9998939
 outer loop
  vertex 10.066981 -22.501535 -6.807949
  vertex 10.049129 -20.885164 -6.831223
  vertex 2.5497713 -20.968235 -6.848024
 endloop
endfacet
facet normal -0.0023991985 0.014371156 0.9998939
 outer loop
  vertex 10.066981 -22.501535 -6.807949
  vertex 2.5497713 -20.968235 -6.848024
  vertex 2.5676236 -22.584606 -6.8247495
 endloop
endfacet
facet normal -0.0023992588 0.014370907 0.99989384
 outer loop
  vertex 2.654711 -30.942287 -4.374101
  vertex 10.154068 -30.859217 -4.3573003
  vertex 10.147898 -30.300514 -4.365345
 endloop
endfacet
facet normal -0.002399259 0.014370905 0.99989384
 outer loop
  vertex 2.654711 -30.942287 -4.374101
  vertex 10.147898 -30.300514 -4.365345
  vertex 2.6485403 -30.383585 -4.382146
 endloop
endfacet
facet normal 0.99993616 0.011075941 0.0022413926
 outer loop
  vertex 10.166777 -30.935316 -9.652147
  vertex 10.13534 -28.088896 -9.693133
  vertex 10.1282215 -28.046282 -6.72811
 endloop
endfacet
facet normal 0.9999361 0.011076044 0.002241289
 outer loop
  vertex 10.166777 -30.935316 -9.652147
  vertex 10.1282215 -28.046282 -6.72811
  vertex 10.153488 -30.334 -6.6951685
 endloop
endfacet
facet normal 0.99993616 0.011075485 0.0022401758
 outer loop
  vertex 10.153488 -30.334 -6.6951685
  vertex 10.147898 -30.300514 -4.365345
  vertex 10.154068 -30.859217 -4.3573003
 endloop
endfacet
facet normal 0.9999361 0.011078349 0.0022408196
 outer loop
  vertex 10.153488 -30.334 -6.6951685
  vertex 10.154068 -30.859217 -4.3573003
  vertex 10.166777 -30.935316 -9.652147
 endloop
endfacet
facet normal -0.9999361 -0.011076169 -0.0022414692
 outer loop
  vertex 2.5500267 -20.389437 -9.821995
  vertex 2.574742 -22.62722 -9.789773
  vertex 2.5676236 -22.584606 -6.8247495
 endloop
endfacet
facet normal -0.99993616 -0.011076254 -0.00224153
 outer loop
  vertex 2.5500267 -20.389437 -9.821995
  vertex 2.5676236 -22.584606 -6.8247495
  vertex 2.5497713 -20.968235 -6.848024
 endloop
endfacet
facet normal -0.9999362 -0.011075939 -0.0022401696
 outer loop
  vertex 2.5497713 -20.968235 -6.848024
  vertex 2.5441809 -20.93475 -4.5182004
  vertex 2.5373178 -20.313337 -4.5271482
 endloop
endfacet
facet normal -0.99993616 -0.011073211 -0.0022409386
 outer loop
  vertex 2.5497713 -20.968235 -6.848024
  vertex 2.5373178 -20.313337 -4.5271482
  vertex 2.5500267 -20.389437 -9.821995
 endloop
endfacet
facet normal -0.0023992618 0.014371191 0.9998939
 outer loop
  vertex 10.043538 -20.851679 -4.5013995
  vertex 10.036675 -20.230267 -4.5103474
  vertex 2.5373178 -20.313337 -4.5271482
 endloop
endfacet
facet normal -0.0023992618 0.014371188 0.99989384
 outer loop
  vertex 10.043538 -20.851679 -4.5013995
  vertex 2.5373178 -20.313337 -4.5271482
  vertex 2.5441809 -20.93475 -4.5182004
 endloop
endfacet
facet normal -0.011042974 0.99983543 -0.014396643
 outer loop
  vertex 2.6485403 -30.383585 -4.382146
  vertex 10.147898 -30.300514 -4.365345
  vertex 10.153488 -30.334 -6.6951685
 endloop
endfacet
facet normal -0.011042973 0.99983543 -0.014396643
 outer loop
  vertex 2.6485403 -30.383585 -4.382146
  vertex 10.153488 -30.334 -6.6951685
  vertex 2.6541307 -30.41707 -6.7119694
 endloop
endfacet
facet normal -0.99993616 -0.011076349 -0.0022408932
 outer loop
  vertex 2.66742 -31.018387 -9.668948
  vertex 2.654711 -30.942287 -4.374101
  vertex 2.6485403 -30.383585 -4.382146
 endloop
endfacet
facet normal -0.9999361 -0.011083253 -0.0022400643
 outer loop
  vertex 2.66742 -31.018387 -9.668948
  vertex 2.6485403 -30.383585 -4.382146
  vertex 2.6541307 -30.41707 -6.7119694
 endloop
endfacet
facet normal -0.99993616 -0.011076276 -0.0022414832
 outer loop
  vertex 2.635982 -28.171967 -9.709934
  vertex 2.66742 -31.018387 -9.668948
  vertex 2.6541307 -30.41707 -6.7119694
 endloop
endfacet
facet normal -0.9999361 -0.011076254 -0.0022414671
 outer loop
  vertex 2.635982 -28.171967 -9.709934
  vertex 2.6541307 -30.41707 -6.7119694
  vertex 2.6288636 -28.129353 -6.7449102
 endloop
endfacet
facet normal 0.011042974 -0.9998354 0.01439649
 outer loop
  vertex 2.66742 -31.018387 -9.668948
  vertex 10.166777 -30.935316 -9.652147
  vertex 10.154068 -30.859217 -4.3573003
 endloop
endfacet
facet normal 0.011042974 -0.9998354 0.014396491
 outer loop
  vertex 2.66742 -31.018387 -9.668948
  vertex 10.154068 -30.859217 -4.3573003
  vertex 2.654711 -30.942287 -4.374101
 endloop
endfacet
facet normal 0.99993616 0.011075181 0.002240865
 outer loop
  vertex 10.049384 -20.306366 -9.805195
  vertex 10.036675 -20.230267 -4.5103474
  vertex 10.043538 -20.851679 -4.5013995
 endloop
endfacet
facet normal 0.9999362 0.011069339 0.0022402643
 outer loop
  vertex 10.049384 -20.306366 -9.805195
  vertex 10.043538 -20.851679 -4.5013995
  vertex 10.049129 -20.885164 -6.831223
 endloop
endfacet
facet normal 0.9999361 0.011076172 0.0022415943
 outer loop
  vertex 10.0741 -22.54415 -9.772972
  vertex 10.049384 -20.306366 -9.805195
  vertex 10.049129 -20.885164 -6.831223
 endloop
endfacet
facet normal 0.99993616 0.011076547 0.0022413842
 outer loop
  vertex 10.0741 -22.54415 -9.772972
  vertex 10.049129 -20.885164 -6.831223
  vertex 10.066981 -22.501535 -6.807949
 endloop
endfacet
facet normal 0.011042974 -0.99983543 0.014396643
 outer loop
  vertex 10.049129 -20.885164 -6.831223
  vertex 10.043538 -20.851679 -4.5013995
  vertex 2.5441809 -20.93475 -4.5182004
 endloop
endfacet
facet normal 0.011042973 -0.99983543 0.014396641
 outer loop
  vertex 10.049129 -20.885164 -6.831223
  vertex 2.5441809 -20.93475 -4.5182004
  vertex 2.5497713 -20.968235 -6.848024
 endloop
endfacet
facet normal 0.9999361 0.01107623 0.0022401973
 outer loop
  vertex -7.8063107 -16.113426 -3.56619
  vertex -7.899867 -7.6427045 -3.6881604
  vertex -7.9116526 -7.5721126 1.2233989
 endloop
endfacet
facet normal 0.9999362 0.011076231 0.0022401991
 outer loop
  vertex -7.8063107 -16.113426 -3.56619
  vertex -7.9116526 -7.5721126 1.2233989
  vertex -7.818096 -16.042835 1.3453695
 endloop
endfacet
facet normal 0.0023994467 -0.014371031 -0.9998939
 outer loop
  vertex -7.8063107 -16.113426 -3.56619
  vertex -8.388176 -16.119871 -3.5674937
  vertex -8.481732 -7.64915 -3.689464
 endloop
endfacet
facet normal 0.0023994583 -0.014371026 -0.9998938
 outer loop
  vertex -7.8063107 -16.113426 -3.56619
  vertex -8.481732 -7.64915 -3.689464
  vertex -7.899867 -7.6427045 -3.6881604
 endloop
endfacet
facet normal -0.011043069 0.9998354 -0.01439674
 outer loop
  vertex -7.899867 -7.6427045 -3.6881604
  vertex -8.481732 -7.64915 -3.689464
  vertex -8.493517 -7.578558 1.2220954
 endloop
endfacet
facet normal -0.0110430885 0.9998354 -0.014396742
 outer loop
  vertex -7.899867 -7.6427045 -3.6881604
  vertex -8.493517 -7.578558 1.2220954
  vertex -7.9116526 -7.5721126 1.2233989
 endloop
endfacet
facet normal -0.0023992574 0.014371042 0.9998939
 outer loop
  vertex -7.9116526 -7.5721126 1.2233989
  vertex -8.493517 -7.578558 1.2220954
  vertex -8.3999605 -16.04928 1.3440659
 endloop
endfacet
facet normal -0.0023992457 0.014371042 0.9998938
 outer loop
  vertex -7.9116526 -7.5721126 1.2233989
  vertex -8.3999605 -16.04928 1.3440659
  vertex -7.818096 -16.042835 1.3453695
 endloop
endfacet
facet normal 0.011042271 -0.9998354 0.0143965455
 outer loop
  vertex -7.8063107 -16.113426 -3.56619
  vertex -7.818096 -16.042835 1.3453695
  vertex -8.3999605 -16.04928 1.3440659
 endloop
endfacet
facet normal 0.011042256 -0.9998354 0.014396544
 outer loop
  vertex -7.8063107 -16.113426 -3.56619
  vertex -8.3999605 -16.04928 1.3440659
  vertex -8.388176 -16.119871 -3.5674937
 endloop
endfacet
facet normal -0.99993616 -0.011076175 -0.0022402627
 outer loop
  vertex -16.919886 -26.106651 -9.786542
  vertex -16.880423 -29.679707 -9.735093
  vertex -16.893238 -29.60295 -4.3944345
 endloop
endfacet
facet normal -0.99993616 -0.011076174 -0.002240262
 outer loop
  vertex -16.919886 -26.106651 -9.786542
  vertex -16.893238 -29.60295 -4.3944345
  vertex -16.932701 -26.029894 -4.445883
 endloop
endfacet
facet normal 0.011042855 -0.99983543 0.014396036
 outer loop
  vertex -24.548607 -27.735868 3.8698554
  vertex -11.062084 -27.58648 3.9000692
  vertex -11.062986 -27.581078 4.2759147
 endloop
endfacet
facet normal 0.011042855 -0.99983543 0.01439604
 outer loop
  vertex -24.548607 -27.735868 3.8698554
  vertex -11.062986 -27.581078 4.2759147
  vertex -24.54951 -27.730467 4.245701
 endloop
endfacet
facet normal -0.0023992427 0.01437095 0.99989384
 outer loop
  vertex -8.238077 -29.507076 -4.3750443
  vertex -8.27754 -25.934021 -4.4264927
  vertex -16.932701 -26.029894 -4.445883
 endloop
endfacet
facet normal -0.0023992425 0.014370951 0.99989384
 outer loop
  vertex -8.238077 -29.507076 -4.3750443
  vertex -16.932701 -26.029894 -4.445883
  vertex -16.893238 -29.60295 -4.3944345
 endloop
endfacet
facet normal 0.011042951 -0.9998354 0.01439641
 outer loop
  vertex -16.893238 -29.60295 -4.3944345
  vertex -16.880423 -29.679707 -9.735093
  vertex -14.642991 -29.654922 -9.730081
 endloop
endfacet
facet normal 0.0110432925 -0.9998354 0.014396555
 outer loop
  vertex -16.893238 -29.60295 -4.3944345
  vertex -14.642991 -29.654922 -9.730081
  vertex -14.652047 -29.60068 -5.9559717
 endloop
endfacet
facet normal 0.011042887 -0.9998354 0.014395971
 outer loop
  vertex -8.238077 -29.507076 -4.3750443
  vertex -16.893238 -29.60295 -4.3944345
  vertex -14.652047 -29.60068 -5.9559717
 endloop
endfacet
facet normal 0.011042875 -0.99983543 0.01439602
 outer loop
  vertex -8.238077 -29.507076 -4.3750443
  vertex -14.652047 -29.60068 -5.9559717
  vertex -10.400829 -29.553589 -5.9464474
 endloop
endfacet
facet normal 0.01104259 -0.9998354 0.014396407
 outer loop
  vertex -8.225263 -29.583834 -9.715703
  vertex -8.238077 -29.507076 -4.3750443
  vertex -10.400829 -29.553589 -5.9464474
 endloop
endfacet
facet normal 0.011042838 -0.9998353 0.01439655
 outer loop
  vertex -8.225263 -29.583834 -9.715703
  vertex -10.400829 -29.553589 -5.9464474
  vertex -10.391773 -29.607832 -9.720557
 endloop
endfacet
facet normal 0.011043144 -0.9998354 0.014396052
 outer loop
  vertex -18.166876 -39.714775 -6.1041684
  vertex -27.37507 -39.816776 -6.1247973
  vertex -27.366695 -39.86692 -9.613839
 endloop
endfacet
facet normal 0.011043148 -0.9998354 0.014396042
 outer loop
  vertex -18.166876 -39.714775 -6.1041684
  vertex -27.366695 -39.86692 -9.613839
  vertex -18.158504 -39.76492 -9.59321
 endloop
endfacet
facet normal 0.99993616 0.011076402 0.0022401826
 outer loop
  vertex -10.359299 -32.548073 -9.67822
  vertex -10.391773 -29.607832 -9.720557
  vertex -10.400829 -29.553589 -5.9464474
 endloop
endfacet
facet normal 0.99993616 0.011076565 0.0022400513
 outer loop
  vertex -10.359299 -32.548073 -9.67822
  vertex -10.400829 -29.553589 -5.9464474
  vertex -10.378557 -31.570074 -5.917412
 endloop
endfacet
facet normal 0.9999361 0.011076326 0.0022401137
 outer loop
  vertex -10.373196 -32.464832 -3.8865247
  vertex -10.359299 -32.548073 -9.67822
  vertex -10.378557 -31.570074 -5.917412
 endloop
endfacet
facet normal 0.99993616 0.011076037 0.0022399866
 outer loop
  vertex -10.373196 -32.464832 -3.8865247
  vertex -10.378557 -31.570074 -5.917412
  vertex -10.383398 -31.541077 -3.8998258
 endloop
endfacet
facet normal -0.00239933 0.014371067 0.9998938
 outer loop
  vertex -10.400829 -29.553589 -5.9464474
  vertex -14.652047 -29.60068 -5.9559717
  vertex -14.629775 -31.617165 -5.926936
 endloop
endfacet
facet normal -0.0023993303 0.014371067 0.9998938
 outer loop
  vertex -10.400829 -29.553589 -5.9464474
  vertex -14.629775 -31.617165 -5.926936
  vertex -10.378557 -31.570074 -5.917412
 endloop
endfacet
facet normal -0.002399276 0.014371234 0.99989384
 outer loop
  vertex -10.383398 -31.541077 -3.8998258
  vertex -14.634616 -31.588167 -3.90935
  vertex -14.6244135 -32.51192 -3.8960485
 endloop
endfacet
facet normal -0.0023992101 0.014370949 0.9998939
 outer loop
  vertex -10.383398 -31.541077 -3.8998258
  vertex -14.6244135 -32.51192 -3.8960485
  vertex -10.373196 -32.464832 -3.8865247
 endloop
endfacet
facet normal -0.011042874 0.9998354 -0.014396463
 outer loop
  vertex -10.378557 -31.570074 -5.917412
  vertex -14.629775 -31.617165 -5.926936
  vertex -14.634616 -31.588167 -3.90935
 endloop
endfacet
facet normal -0.011042873 0.9998354 -0.014396464
 outer loop
  vertex -10.378557 -31.570074 -5.917412
  vertex -14.634616 -31.588167 -3.90935
  vertex -10.383398 -31.541077 -3.8998258
 endloop
endfacet
facet normal -0.9999362 -0.011076062 -0.0022401174
 outer loop
  vertex -14.610517 -32.59516 -9.687744
  vertex -14.6244135 -32.51192 -3.8960485
  vertex -14.634616 -31.588167 -3.90935
 endloop
endfacet
facet normal -0.9999361 -0.0110768825 -0.002239974
 outer loop
  vertex -14.610517 -32.59516 -9.687744
  vertex -14.634616 -31.588167 -3.90935
  vertex -14.629775 -31.617165 -5.926936
 endloop
endfacet
facet normal -0.99993616 -0.011076407 -0.002240098
 outer loop
  vertex -14.642991 -29.654922 -9.730081
  vertex -14.610517 -32.59516 -9.687744
  vertex -14.629775 -31.617165 -5.926936
 endloop
endfacet
facet normal -0.99993616 -0.011076567 -0.002240181
 outer loop
  vertex -14.642991 -29.654922 -9.730081
  vertex -14.629775 -31.617165 -5.926936
  vertex -14.652047 -29.60068 -5.9559717
 endloop
endfacet
facet normal 0.011042427 -0.99983543 0.014396522
 outer loop
  vertex -10.373196 -32.464832 -3.8865247
  vertex -14.6244135 -32.51192 -3.8960485
  vertex -14.610517 -32.59516 -9.687744
 endloop
endfacet
facet normal 0.0110424245 -0.99983543 0.014396522
 outer loop
  vertex -10.373196 -32.464832 -3.8865247
  vertex -14.610517 -32.59516 -9.687744
  vertex -10.359299 -32.548073 -9.67822
 endloop
endfacet
facet normal -0.0023992788 0.0143710645 0.99989384
 outer loop
  vertex -18.32517 -26.026299 -3.1280322
  vertex -27.533365 -26.128296 -3.1486616
  vertex -27.526508 -26.749184 -3.1397214
 endloop
endfacet
facet normal -0.002399279 0.014371065 0.99989384
 outer loop
  vertex -18.32517 -26.026299 -3.1280322
  vertex -27.526508 -26.749184 -3.1397214
  vertex -18.318314 -26.647186 -3.119092
 endloop
endfacet
facet normal 0.9999362 0.011076221 0.0022399877
 outer loop
  vertex -18.3107 -26.692783 -6.2916727
  vertex -18.166876 -39.714775 -6.1041684
  vertex -18.158504 -39.76492 -9.59321
 endloop
endfacet
facet normal 0.99993616 0.011076182 0.0022401405
 outer loop
  vertex -18.3107 -26.692783 -6.2916727
  vertex -18.158504 -39.76492 -9.59321
  vertex -18.309185 -26.122042 -9.789655
 endloop
endfacet
facet normal 0.99993616 0.011075286 0.0022403079
 outer loop
  vertex -18.309185 -26.122042 -9.789655
  vertex -18.32517 -26.026299 -3.1280322
  vertex -18.318314 -26.647186 -3.119092
 endloop
endfacet
facet normal 0.9999361 0.011078981 0.0022405987
 outer loop
  vertex -18.309185 -26.122042 -9.789655
  vertex -18.318314 -26.647186 -3.119092
  vertex -18.3107 -26.692783 -6.2916727
 endloop
endfacet
facet normal -0.0023992783 0.014371052 0.99989384
 outer loop
  vertex -18.3107 -26.692783 -6.2916727
  vertex -27.518894 -26.79478 -6.312302
  vertex -27.37507 -39.816776 -6.1247973
 endloop
endfacet
facet normal -0.0023992325 0.014371021 0.99989384
 outer loop
  vertex -18.3107 -26.692783 -6.2916727
  vertex -27.37507 -39.816776 -6.1247973
  vertex -18.166876 -39.714775 -6.1041684
 endloop
endfacet
facet normal 0.011042853 -0.99983543 0.014397289
 outer loop
  vertex -11.055626 -27.625166 1.2083743
  vertex -24.542149 -27.774555 1.1781604
  vertex -24.541313 -27.779585 0.8282281
 endloop
endfacet
facet normal 0.011042849 -0.99983543 0.014397424
 outer loop
  vertex -11.055626 -27.625166 1.2083743
  vertex -24.541313 -27.779585 0.8282281
  vertex -11.054786 -27.630196 0.8584419
 endloop
endfacet
facet normal -0.99993616 -0.011075629 -0.0022410608
 outer loop
  vertex -24.54951 -27.730467 4.245701
  vertex -24.568737 -25.989443 4.2206316
  vertex -24.567835 -25.994844 3.8447864
 endloop
endfacet
facet normal -0.99993616 -0.011075629 -0.0022410601
 outer loop
  vertex -24.54951 -27.730467 4.245701
  vertex -24.567835 -25.994844 3.8447864
  vertex -24.548607 -27.735868 3.8698554
 endloop
endfacet
facet normal 0.0023992483 -0.014371106 -0.99989384
 outer loop
  vertex -11.081313 -25.845455 3.875
  vertex -11.062084 -27.58648 3.9000692
  vertex -24.548607 -27.735868 3.8698554
 endloop
endfacet
facet normal 0.0023992292 -0.014370971 -0.99989396
 outer loop
  vertex -11.081313 -25.845455 3.875
  vertex -24.548607 -27.735868 3.8698554
  vertex -24.567835 -25.994844 3.8447864
 endloop
endfacet
facet normal 0.99993616 0.011076176 0.002241046
 outer loop
  vertex -11.062084 -27.58648 3.9000692
  vertex -11.081313 -25.845455 3.875
  vertex -11.082215 -25.840054 4.2508464
 endloop
endfacet
facet normal 0.99993616 0.011076175 0.002241054
 outer loop
  vertex -11.062084 -27.58648 3.9000692
  vertex -11.082215 -25.840054 4.2508464
  vertex -11.062986 -27.581078 4.2759147
 endloop
endfacet
facet normal -0.0023992423 0.01437056 0.99989384
 outer loop
  vertex -24.54951 -27.730467 4.245701
  vertex -11.062986 -27.581078 4.2759147
  vertex -11.082215 -25.840054 4.2508464
 endloop
endfacet
facet normal -0.0023993193 0.014371107 0.99989396
 outer loop
  vertex -24.54951 -27.730467 4.245701
  vertex -11.082215 -25.840054 4.2508464
  vertex -24.568737 -25.989443 4.2206316
 endloop
endfacet
facet normal -0.0023992467 0.01437097 0.99989384
 outer loop
  vertex -24.561377 -26.033531 1.1530914
  vertex -24.542149 -27.774555 1.1781604
  vertex -11.055626 -27.625166 1.2083743
 endloop
endfacet
facet normal -0.002399239 0.014371039 0.99989396
 outer loop
  vertex -24.561377 -26.033531 1.1530914
  vertex -11.055626 -27.625166 1.2083743
  vertex -11.074855 -25.884142 1.1833051
 endloop
endfacet
facet normal 0.9999361 0.011076185 0.0022416443
 outer loop
  vertex -11.054786 -27.630196 0.8584419
  vertex -11.074015 -25.889172 0.83337283
  vertex -11.074855 -25.884142 1.1833051
 endloop
endfacet
facet normal 0.9999361 0.011076184 0.0022416452
 outer loop
  vertex -11.054786 -27.630196 0.8584419
  vertex -11.074855 -25.884142 1.1833051
  vertex -11.055626 -27.625166 1.2083743
 endloop
endfacet
facet normal -0.9999361 -0.011075441 -0.0022280293
 outer loop
  vertex -24.542149 -27.774555 1.1781604
  vertex -24.561377 -26.033531 1.1530914
  vertex -24.560541 -26.03856 0.80315906
 endloop
endfacet
facet normal -0.9999361 -0.011075441 -0.002228026
 outer loop
  vertex -24.542149 -27.774555 1.1781604
  vertex -24.560541 -26.03856 0.80315906
  vertex -24.541313 -27.779585 0.8282281
 endloop
endfacet
facet normal 0.002399242 -0.014371006 -0.99989384
 outer loop
  vertex -11.054786 -27.630196 0.8584419
  vertex -24.541313 -27.779585 0.8282281
  vertex -24.560541 -26.03856 0.80315906
 endloop
endfacet
facet normal 0.002399242 -0.014371003 -0.99989384
 outer loop
  vertex -11.054786 -27.630196 0.8584419
  vertex -24.560541 -26.03856 0.80315906
  vertex -11.074015 -25.889172 0.83337283
 endloop
endfacet
facet normal -0.99993616 -0.011076375 -0.0022412098
 outer loop
  vertex 5.580582 -18.330067 -6.306859
  vertex 5.4489064 -6.4081106 -6.4785247
  vertex 5.4573965 -6.4589424 -10.015236
 endloop
endfacet
facet normal -0.99993616 -0.011076207 -0.002240675
 outer loop
  vertex 5.580582 -18.330067 -6.306859
  vertex 5.4573965 -6.4589424 -10.015236
  vertex 5.5890703 -18.380898 -9.843571
 endloop
endfacet
facet normal -0.99993616 -0.011076175 -0.0022400056
 outer loop
  vertex 10.934543 -6.063664 10.789058
  vertex 10.912213 -4.041927 10.759947
  vertex 10.938886 -6.0896797 8.978973
 endloop
endfacet
facet normal -0.9999361 -0.0110760415 -0.0022401586
 outer loop
  vertex 10.938886 -6.0896797 8.978973
  vertex 10.912213 -4.041927 10.759947
  vertex 10.962105 -4.3407674 -10.032471
 endloop
endfacet
facet normal -0.99993616 -0.011073822 -0.0022399547
 outer loop
  vertex 10.938886 -6.0896797 8.978973
  vertex 10.962105 -4.3407674 -10.032471
  vertex 10.976333 -6.346884 -6.4661417
 endloop
endfacet
facet normal -0.9999361 -0.011076295 -0.002241346
 outer loop
  vertex 10.984823 -6.3977156 -10.002852
  vertex 10.976333 -6.346884 -6.4661417
  vertex 10.962105 -4.3407674 -10.032471
 endloop
endfacet
facet normal -0.9999361 -0.011076195 -0.0022399148
 outer loop
  vertex 10.938886 -6.0896797 8.978973
  vertex 10.976333 -6.346884 -6.4661417
  vertex 11.1080065 -18.268839 -6.2944765
 endloop
endfacet
facet normal -0.9999362 -0.011076223 -0.0022398953
 outer loop
  vertex 10.938886 -6.0896797 8.978973
  vertex 11.1080065 -18.268839 -6.2944765
  vertex 11.2761345 -36.62465 9.418649
 endloop
endfacet
facet normal -0.9999361 -0.011076295 -0.0022413484
 outer loop
  vertex 11.1080065 -18.268839 -6.2944765
  vertex 11.116497 -18.31967 -9.831188
  vertex 11.163022 -22.532087 -9.770533
 endloop
endfacet
facet normal -0.9999361 -0.0110766245 -0.002240943
 outer loop
  vertex 11.1080065 -18.268839 -6.2944765
  vertex 11.163022 -22.532087 -9.770533
  vertex 11.151222 -22.461433 -4.8545437
 endloop
endfacet
facet normal -0.99993616 -0.011076296 -0.0022399812
 outer loop
  vertex 11.2761345 -36.62465 9.418649
  vertex 11.1080065 -18.268839 -6.2944765
  vertex 11.151222 -22.461433 -4.8545437
 endloop
endfacet
facet normal -0.99993616 -0.01107627 -0.0022399542
 outer loop
  vertex 11.2761345 -36.62465 9.418649
  vertex 11.151222 -22.461433 -4.8545437
  vertex 11.212462 -28.006182 -4.7747045
 endloop
endfacet
facet normal -0.9999361 -0.011076198 -0.0022409533
 outer loop
  vertex 11.212462 -28.006182 -4.7747045
  vertex 11.224262 -28.076834 -9.690694
  vertex 11.272544 -32.448338 -9.6277485
 endloop
endfacet
facet normal -0.9999362 -0.011077127 -0.0022401034
 outer loop
  vertex 11.212462 -28.006182 -4.7747045
  vertex 11.272544 -32.448338 -9.6277485
  vertex 11.244325 -32.27931 2.1328974
 endloop
endfacet
facet normal -0.99993575 -0.011109773 -0.002260293
 outer loop
  vertex 11.212462 -28.006182 -4.7747045
  vertex 11.244325 -32.27931 2.1328974
  vertex 11.2761345 -36.62465 9.418649
 endloop
endfacet
facet normal -0.99993616 -0.011076025 -0.002240171
 outer loop
  vertex 11.244325 -32.27931 2.1328974
  vertex 11.289675 -36.38544 2.1920218
  vertex 11.2761345 -36.62465 9.418649
 endloop
endfacet
facet normal -0.99993616 -0.011076839 -0.0022401977
 outer loop
  vertex 11.2761345 -36.62465 9.418649
  vertex 11.289675 -36.38544 2.1920218
  vertex 11.295045 -36.737915 1.5378399
 endloop
endfacet
facet normal -0.99993616 -0.011077012 -0.002240105
 outer loop
  vertex 11.295045 -36.737915 1.5378399
  vertex 11.289675 -36.38544 2.1920218
  vertex 11.317894 -36.55447 -9.568624
 endloop
endfacet
facet normal -0.99993646 -0.011044681 -0.002239572
 outer loop
  vertex 11.295045 -36.737915 1.5378399
  vertex 11.317894 -36.55447 -9.568624
  vertex 11.307069 -36.76314 -3.7062616
 endloop
endfacet
facet normal -0.9999361 -0.011077109 -0.0022407253
 outer loop
  vertex 11.321129 -36.847336 -9.564406
  vertex 11.307069 -36.76314 -3.7062616
  vertex 11.317894 -36.55447 -9.568624
 endloop
endfacet
facet normal -0.99993616 -0.011076245 -0.0022394194
 outer loop
  vertex 11.295045 -36.737915 1.5378399
  vertex 11.307069 -36.76314 -3.7062616
  vertex 11.459374 -50.553062 -3.5076995
 endloop
endfacet
facet normal -0.99993616 -0.011076221 -0.0022394846
 outer loop
  vertex 11.295045 -36.737915 1.5378399
  vertex 11.459374 -50.553062 -3.5076995
  vertex 11.446796 -50.4777 1.73568
 endloop
endfacet
facet normal 0.01104302 -0.9998353 0.014396483
 outer loop
  vertex 11.1080065 -18.268839 -6.2944765
  vertex 5.580582 -18.330067 -6.306859
  vertex 5.5890703 -18.380898 -9.843571
 endloop
endfacet
facet normal 0.011043016 -0.99983543 0.0143964905
 outer loop
  vertex 11.1080065 -18.268839 -6.2944765
  vertex 5.5890703 -18.380898 -9.843571
  vertex 11.116497 -18.31967 -9.831188
 endloop
endfacet
facet normal -0.011042841 0.99983543 -0.014396763
 outer loop
  vertex 5.4489064 -6.4081106 -6.4785247
  vertex 10.976333 -6.346884 -6.4661417
  vertex 10.984823 -6.3977156 -10.002852
 endloop
endfacet
facet normal -0.01104284 0.99983543 -0.014396761
 outer loop
  vertex 5.4489064 -6.4081106 -6.4785247
  vertex 10.984823 -6.3977156 -10.002852
  vertex 5.4573965 -6.4589424 -10.015236
 endloop
endfacet
facet normal -0.00239923 0.0143710915 0.99989384
 outer loop
  vertex 10.976333 -6.346884 -6.4661417
  vertex 5.4489064 -6.4081106 -6.4785247
  vertex 5.580582 -18.330067 -6.306859
 endloop
endfacet
facet normal -0.0023991463 0.014371054 0.99989384
 outer loop
  vertex 10.976333 -6.346884 -6.4661417
  vertex 5.580582 -18.330067 -6.306859
  vertex 11.1080065 -18.268839 -6.2944765
 endloop
endfacet
facet normal 0.99993616 0.011076222 0.002240126
 outer loop
  vertex -6.828857 -25.077095 9.060205
  vertex -6.8225393 -25.114937 6.4272876
  vertex -6.9086328 -17.319918 6.3150463
 endloop
endfacet
facet normal 0.99993616 0.011076222 0.0022401258
 outer loop
  vertex -6.828857 -25.077095 9.060205
  vertex -6.9086328 -17.319918 6.3150463
  vertex -6.9149504 -17.282076 8.947965
 endloop
endfacet
facet normal 0.011043441 -0.9998354 0.014396704
 outer loop
  vertex -8.27754 -25.934021 -4.4264927
  vertex -8.310274 -25.737955 9.215181
  vertex -11.074015 -25.889172 0.83337283
 endloop
endfacet
facet normal 0.01104123 -0.9998354 0.014397433
 outer loop
  vertex -11.074855 -25.884142 1.1833051
  vertex -11.074015 -25.889172 0.83337283
  vertex -8.310274 -25.737955 9.215181
 endloop
endfacet
facet normal 0.011043162 -0.9998353 0.014396766
 outer loop
  vertex -11.074855 -25.884142 1.1833051
  vertex -8.310274 -25.737955 9.215181
  vertex -11.081313 -25.845455 3.875
 endloop
endfacet
facet normal 0.0110428855 -0.9998354 0.014396406
 outer loop
  vertex -16.932701 -26.029894 -4.445883
  vertex -8.27754 -25.934021 -4.4264927
  vertex -11.074015 -25.889172 0.83337283
 endloop
endfacet
facet normal 0.011043119 -0.9998354 0.014396138
 outer loop
  vertex -16.932701 -26.029894 -4.445883
  vertex -11.074015 -25.889172 0.83337283
  vertex -18.32517 -26.026299 -3.1280322
 endloop
endfacet
facet normal 0.011042874 -0.9998354 0.014396986
 outer loop
  vertex -11.082215 -25.840054 4.2508464
  vertex -8.310274 -25.737955 9.215181
  vertex -27.562923 -25.951216 9.1720495
 endloop
endfacet
facet normal 0.011042853 -0.9998354 0.014396917
 outer loop
  vertex -11.082215 -25.840054 4.2508464
  vertex -27.562923 -25.951216 9.1720495
  vertex -24.568737 -25.989443 4.2206316
 endloop
endfacet
facet normal 0.011042471 -0.9998354 0.014396684
 outer loop
  vertex -24.568737 -25.989443 4.2206316
  vertex -27.562923 -25.951216 9.1720495
  vertex -27.533365 -26.128296 -3.1486616
 endloop
endfacet
facet normal 0.0110440655 -0.9998354 0.014396066
 outer loop
  vertex -24.568737 -25.989443 4.2206316
  vertex -27.533365 -26.128296 -3.1486616
  vertex -24.567835 -25.994844 3.8447864
 endloop
endfacet
facet normal 0.011043732 -0.9998354 0.014396487
 outer loop
  vertex -18.32517 -26.026299 -3.1280322
  vertex -18.309185 -26.122042 -9.789655
  vertex -16.919886 -26.106651 -9.786542
 endloop
endfacet
facet normal 0.0110433735 -0.9998354 0.01439641
 outer loop
  vertex -18.32517 -26.026299 -3.1280322
  vertex -16.919886 -26.106651 -9.786542
  vertex -16.932701 -26.029894 -4.445883
 endloop
endfacet
facet normal 0.011042851 -0.99983543 0.01439664
 outer loop
  vertex -18.32517 -26.026299 -3.1280322
  vertex -11.074015 -25.889172 0.83337283
  vertex -24.560541 -26.03856 0.80315906
 endloop
endfacet
facet normal 0.011042729 -0.9998354 0.014396446
 outer loop
  vertex -18.32517 -26.026299 -3.1280322
  vertex -24.560541 -26.03856 0.80315906
  vertex -27.533365 -26.128296 -3.1486616
 endloop
endfacet
facet normal 0.011042226 -0.9998354 0.014396821
 outer loop
  vertex -24.567835 -25.994844 3.8447864
  vertex -27.533365 -26.128296 -3.1486616
  vertex -24.560541 -26.03856 0.80315906
 endloop
endfacet
facet normal 0.054290887 -0.9984202 0.014480321
 outer loop
  vertex -24.567835 -25.994844 3.8447864
  vertex -24.560541 -26.03856 0.80315906
  vertex -24.561377 -26.033531 1.1530914
 endloop
endfacet
facet normal 0.011042855 -0.9998354 0.014396767
 outer loop
  vertex -24.567835 -25.994844 3.8447864
  vertex -24.561377 -26.033531 1.1530914
  vertex -11.074855 -25.884142 1.1833051
 endloop
endfacet
facet normal 0.011042855 -0.9998354 0.014396767
 outer loop
  vertex -24.567835 -25.994844 3.8447864
  vertex -11.074855 -25.884142 1.1833051
  vertex -11.081313 -25.845455 3.875
 endloop
endfacet
facet normal 0.01104463 -0.99983525 0.0143960025
 outer loop
  vertex -8.310274 -25.737955 9.215181
  vertex -11.082215 -25.840054 4.2508464
  vertex -11.081313 -25.845455 3.875
 endloop
endfacet
facet normal 0.9999361 0.011075276 0.002239731
 outer loop
  vertex -27.533365 -26.128296 -3.1486616
  vertex -27.562923 -25.951216 9.1720495
  vertex -27.526508 -26.749184 -3.1397214
 endloop
endfacet
facet normal 0.99993616 0.01107613 0.002239676
 outer loop
  vertex -27.526508 -26.749184 -3.1397214
  vertex -27.562923 -25.951216 9.1720495
  vertex -27.409388 -39.852673 9.372217
 endloop
endfacet
facet normal 0.99993616 0.011076384 0.0022399426
 outer loop
  vertex -27.526508 -26.749184 -3.1397214
  vertex -27.409388 -39.852673 9.372217
  vertex -27.37507 -39.816776 -6.1247973
 endloop
endfacet
facet normal 0.99993616 0.011074143 0.0022401535
 outer loop
  vertex -27.409388 -39.852673 9.372217
  vertex -27.36384 -40.125492 -9.610116
  vertex -27.366695 -39.86692 -9.613839
 endloop
endfacet
facet normal 0.9999354 0.011144439 0.0022400988
 outer loop
  vertex -27.409388 -39.852673 9.372217
  vertex -27.366695 -39.86692 -9.613839
  vertex -27.37507 -39.816776 -6.1247973
 endloop
endfacet
facet normal 0.9999361 0.011076227 0.0022406382
 outer loop
  vertex -27.518894 -26.79478 -6.312302
  vertex -27.526508 -26.749184 -3.1397214
  vertex -27.37507 -39.816776 -6.1247973
 endloop
endfacet
facet normal -0.011042971 0.9998354 -0.014396416
 outer loop
  vertex -9.37798 -39.92626 -9.569822
  vertex -27.36384 -40.125492 -9.610116
  vertex -27.409388 -39.852673 9.372217
 endloop
endfacet
facet normal -0.01104297 0.9998354 -0.014396417
 outer loop
  vertex -9.37798 -39.92626 -9.569822
  vertex -27.409388 -39.852673 9.372217
  vertex -9.423529 -39.653442 9.412511
 endloop
endfacet
facet normal -0.99993616 -0.011076205 -0.0022401465
 outer loop
  vertex 0.8337638 -50.595257 1.7119037
  vertex 0.81485385 -50.48199 9.592712
  vertex 0.7910332 -48.325233 9.561657
 endloop
endfacet
facet normal -0.99993616 -0.011076206 -0.0022401465
 outer loop
  vertex 0.8337638 -50.595257 1.7119037
  vertex 0.7910332 -48.325233 9.561657
  vertex 0.80994314 -48.4385 1.6808484
 endloop
endfacet
facet normal -0.0110426415 0.9998353 -0.014396512
 outer loop
  vertex 0.80994314 -48.4385 1.6808484
  vertex 0.7910332 -48.325233 9.561657
  vertex 8.93686 -48.235004 9.5799055
 endloop
endfacet
facet normal -0.011042641 0.9998353 -0.014396515
 outer loop
  vertex 0.80994314 -48.4385 1.6808484
  vertex 8.93686 -48.235004 9.5799055
  vertex 8.9557705 -48.34827 1.6990974
 endloop
endfacet
facet normal -0.99993616 -0.011076216 -0.0022402073
 outer loop
  vertex 8.9557705 -48.34827 1.6990974
  vertex 8.93686 -48.235004 9.5799055
  vertex 8.808929 -36.651978 9.413121
 endloop
endfacet
facet normal -0.99993616 -0.011076216 -0.002240207
 outer loop
  vertex 8.9557705 -48.34827 1.6990974
  vertex 8.808929 -36.651978 9.413121
  vertex 8.82784 -36.765244 1.5323126
 endloop
endfacet
facet normal -0.011042624 0.99983543 -0.014396514
 outer loop
  vertex 8.82784 -36.765244 1.5323126
  vertex 8.808929 -36.651978 9.413121
  vertex 11.2761345 -36.62465 9.418649
 endloop
endfacet
facet normal -0.011042625 0.99983543 -0.014396514
 outer loop
  vertex 8.82784 -36.765244 1.5323126
  vertex 11.2761345 -36.62465 9.418649
  vertex 11.295045 -36.737915 1.5378399
 endloop
endfacet
facet normal 0.011041928 -0.9998354 0.014396702
 outer loop
  vertex -6.828857 -25.077095 9.060205
  vertex -8.317057 -25.093578 9.056871
  vertex -8.310739 -25.13142 6.4239535
 endloop
endfacet
facet normal 0.011041931 -0.9998354 0.014396699
 outer loop
  vertex -6.828857 -25.077095 9.060205
  vertex -8.310739 -25.13142 6.4239535
  vertex -6.8225393 -25.114937 6.4272876
 endloop
endfacet
facet normal 0.0023992583 -0.014371073 -0.9998938
 outer loop
  vertex -6.8225393 -25.114937 6.4272876
  vertex -8.310739 -25.13142 6.4239535
  vertex -8.396832 -17.336401 6.3117123
 endloop
endfacet
facet normal 0.0023992574 -0.014371072 -0.9998938
 outer loop
  vertex -6.8225393 -25.114937 6.4272876
  vertex -8.396832 -17.336401 6.3117123
  vertex -6.9086328 -17.319918 6.3150463
 endloop
endfacet
facet normal -0.011041928 0.9998354 -0.014396699
 outer loop
  vertex -6.9086328 -17.319918 6.3150463
  vertex -8.396832 -17.336401 6.3117123
  vertex -8.403151 -17.29856 8.944631
 endloop
endfacet
facet normal -0.011041924 0.9998354 -0.014396696
 outer loop
  vertex -6.9086328 -17.319918 6.3150463
  vertex -8.403151 -17.29856 8.944631
  vertex -6.9149504 -17.282076 8.947965
 endloop
endfacet
facet normal -0.0023992562 0.014371013 0.9998939
 outer loop
  vertex -6.828857 -25.077095 9.060205
  vertex -6.9149504 -17.282076 8.947965
  vertex -8.403151 -17.29856 8.944631
 endloop
endfacet
facet normal -0.0023992532 0.014371012 0.9998938
 outer loop
  vertex -6.828857 -25.077095 9.060205
  vertex -8.403151 -17.29856 8.944631
  vertex -8.317057 -25.093578 9.056871
 endloop
endfacet
facet normal -0.99993616 -0.011076257 -0.0022401568
 outer loop
  vertex 6.628375 -36.606415 -9.579129
  vertex 6.6001554 -36.437386 2.181516
  vertex 6.5548043 -32.331253 2.1223915
 endloop
endfacet
facet normal -0.9999361 -0.011076256 -0.0022401563
 outer loop
  vertex 6.628375 -36.606415 -9.579129
  vertex 6.5548043 -32.331253 2.1223915
  vertex 6.583024 -32.500282 -9.638254
 endloop
endfacet
facet normal 0.0110426955 -0.99983543 0.014396578
 outer loop
  vertex 11.317894 -36.55447 -9.568624
  vertex 11.289675 -36.38544 2.1920218
  vertex 6.6001554 -36.437386 2.181516
 endloop
endfacet
facet normal 0.011042696 -0.99983543 0.014396578
 outer loop
  vertex 11.317894 -36.55447 -9.568624
  vertex 6.6001554 -36.437386 2.181516
  vertex 6.628375 -36.606415 -9.579129
 endloop
endfacet
facet normal -0.0110426955 0.99983543 -0.014396576
 outer loop
  vertex 11.272544 -32.448338 -9.6277485
  vertex 6.583024 -32.500282 -9.638254
  vertex 6.5548043 -32.331253 2.1223915
 endloop
endfacet
facet normal -0.011042693 0.9998353 -0.014396575
 outer loop
  vertex 11.272544 -32.448338 -9.6277485
  vertex 6.5548043 -32.331253 2.1223915
  vertex 11.244325 -32.27931 2.1328974
 endloop
endfacet
facet normal -0.0023992434 0.0143710375 0.99989384
 outer loop
  vertex 6.6001554 -36.437386 2.181516
  vertex 11.289675 -36.38544 2.1920218
  vertex 11.244325 -32.27931 2.1328974
 endloop
endfacet
facet normal -0.002399243 0.0143710375 0.99989384
 outer loop
  vertex 6.6001554 -36.437386 2.181516
  vertex 11.244325 -32.27931 2.1328974
  vertex 6.5548043 -32.331253 2.1223915
 endloop
endfacet
facet normal 0.0023998732 -0.014371425 -0.99989384
 outer loop
  vertex -10.518133 -41.369987 5.598413
  vertex -9.396112 -41.35756 5.6009274
  vertex -9.342617 -46.200916 5.670669
 endloop
endfacet
facet normal 0.0023998735 -0.014371425 -0.99989384
 outer loop
  vertex -10.518133 -41.369987 5.598413
  vertex -9.342617 -46.200916 5.670669
  vertex -10.464638 -46.213345 5.6681547
 endloop
endfacet
facet normal -0.99993616 -0.011076151 -0.0022401975
 outer loop
  vertex -15.274487 -46.913185 -9.483551
  vertex -15.235092 -50.48003 -9.432192
  vertex -15.250648 -50.38686 -2.9495392
 endloop
endfacet
facet normal -0.99993616 -0.011076152 -0.0022401977
 outer loop
  vertex -15.274487 -46.913185 -9.483551
  vertex -15.250648 -50.38686 -2.9495392
  vertex -15.290042 -46.820015 -3.0008986
 endloop
endfacet
facet normal -0.011042617 0.9998354 -0.01439667
 outer loop
  vertex -9.306272 -46.418617 -9.476338
  vertex -10.428292 -46.431046 -9.478852
  vertex -10.464638 -46.213345 5.6681547
 endloop
endfacet
facet normal -0.011042612 0.9998354 -0.01439667
 outer loop
  vertex -9.306272 -46.418617 -9.476338
  vertex -10.464638 -46.213345 5.6681547
  vertex -9.342617 -46.200916 5.670669
 endloop
endfacet
facet normal 0.011042617 -0.9998354 0.014396672
 outer loop
  vertex -10.481788 -41.58769 -9.548592
  vertex -9.359767 -41.57526 -9.546078
  vertex -9.396112 -41.35756 5.6009274
 endloop
endfacet
facet normal 0.011042613 -0.9998354 0.014396673
 outer loop
  vertex -10.481788 -41.58769 -9.548592
  vertex -9.396112 -41.35756 5.6009274
  vertex -10.518133 -41.369987 5.598413
 endloop
endfacet
facet normal -0.002399215 0.014371022 0.99989384
 outer loop
  vertex -15.250648 -50.38686 -2.9495392
  vertex -10.399722 -50.333126 -2.9386718
  vertex -10.4391165 -46.76628 -2.990031
 endloop
endfacet
facet normal -0.0023992648 0.014371088 0.99989384
 outer loop
  vertex -15.250648 -50.38686 -2.9495392
  vertex -10.4391165 -46.76628 -2.990031
  vertex -15.290042 -46.820015 -3.0008986
 endloop
endfacet
facet normal -0.011042951 0.99983543 -0.01439636
 outer loop
  vertex -15.274487 -46.913185 -9.483551
  vertex -15.290042 -46.820015 -3.0008986
  vertex -10.4391165 -46.76628 -2.990031
 endloop
endfacet
facet normal -0.011042949 0.99983543 -0.014396364
 outer loop
  vertex -15.274487 -46.913185 -9.483551
  vertex -10.4391165 -46.76628 -2.990031
  vertex -10.423561 -46.85945 -9.472683
 endloop
endfacet
facet normal -0.011042701 0.9998354 -0.014396594
 outer loop
  vertex -16.410357 -46.24211 -6.4902315
  vertex -16.403147 -46.2853 -9.495283
  vertex -19.253292 -46.31687 -9.501669
 endloop
endfacet
facet normal -0.011042704 0.9998354 -0.014396593
 outer loop
  vertex -16.410357 -46.24211 -6.4902315
  vertex -19.253292 -46.31687 -9.501669
  vertex -19.260502 -46.27368 -6.496617
 endloop
endfacet
facet normal -0.011042706 0.99983543 -0.014395828
 outer loop
  vertex -16.379593 -49.42355 -4.491771
  vertex -16.374908 -49.451607 -6.444018
  vertex -19.225054 -49.483177 -6.450403
 endloop
endfacet
facet normal -0.011042707 0.99983543 -0.014395829
 outer loop
  vertex -16.379593 -49.42355 -4.491771
  vertex -19.225054 -49.483177 -6.450403
  vertex -19.229738 -49.45512 -4.4981565
 endloop
endfacet
facet normal -0.011056888 0.99990743 -0.00792599
 outer loop
  vertex -19.206825 -50.524025 -9.44109
  vertex -20.266954 -50.535767 -9.443464
  vertex -20.30454 -50.408195 6.7027674
 endloop
endfacet
facet normal -0.10905511 0.99392927 -0.014546574
 outer loop
  vertex -19.206825 -50.524025 -9.44109
  vertex -20.30454 -50.408195 6.7027674
  vertex -19.21872 -50.452778 -4.483791
 endloop
endfacet
facet normal -0.02142955 0.999752 -0.0060644187
 outer loop
  vertex -19.21872 -50.452778 -4.483791
  vertex -20.30454 -50.408195 6.7027674
  vertex -10.422331 -50.1977 6.483698
 endloop
endfacet
facet normal -0.0110427 0.99983543 -0.014397053
 outer loop
  vertex -19.21872 -50.452778 -4.483791
  vertex -10.422331 -50.1977 6.483698
  vertex -16.368574 -50.421207 -4.477406
 endloop
endfacet
facet normal -0.01104295 0.9998354 -0.014396903
 outer loop
  vertex -10.399722 -50.333126 -2.9386718
  vertex -15.250648 -50.38686 -2.9495392
  vertex -10.422331 -50.1977 6.483698
 endloop
endfacet
facet normal -0.011043312 0.9998354 -0.014396714
 outer loop
  vertex -10.422331 -50.1977 6.483698
  vertex -15.250648 -50.38686 -2.9495392
  vertex -16.368574 -50.421207 -4.477406
 endloop
endfacet
facet normal -0.011043796 0.9998354 -0.014396362
 outer loop
  vertex -16.368574 -50.421207 -4.477406
  vertex -15.250648 -50.38686 -2.9495392
  vertex -15.235092 -50.48003 -9.432192
 endloop
endfacet
facet normal -0.011043506 0.9998354 -0.014396295
 outer loop
  vertex -16.368574 -50.421207 -4.477406
  vertex -15.235092 -50.48003 -9.432192
  vertex -16.35668 -50.492455 -9.434704
 endloop
endfacet
facet normal -0.0023991347 0.014371375 0.99989384
 outer loop
  vertex -19.229738 -49.45512 -4.4981565
  vertex -19.21872 -50.452778 -4.483791
  vertex -16.368574 -50.421207 -4.477406
 endloop
endfacet
facet normal -0.0023992967 0.014370895 0.99989384
 outer loop
  vertex -19.229738 -49.45512 -4.4981565
  vertex -16.368574 -50.421207 -4.477406
  vertex -16.379593 -49.42355 -4.491771
 endloop
endfacet
facet normal -0.99993616 -0.011076297 -0.002239872
 outer loop
  vertex -19.225054 -49.483177 -6.450403
  vertex -19.260502 -46.27368 -6.496617
  vertex -19.253292 -46.31687 -9.501669
 endloop
endfacet
facet normal -0.9999361 -0.011076266 -0.0022398406
 outer loop
  vertex -19.225054 -49.483177 -6.450403
  vertex -19.253292 -46.31687 -9.501669
  vertex -19.206825 -50.524025 -9.44109
 endloop
endfacet
facet normal -0.99993616 -0.011076172 -0.0022399945
 outer loop
  vertex -19.206825 -50.524025 -9.44109
  vertex -19.21872 -50.452778 -4.483791
  vertex -19.229738 -49.45512 -4.4981565
 endloop
endfacet
facet normal -0.9999361 -0.011075253 -0.0022401933
 outer loop
  vertex -19.206825 -50.524025 -9.44109
  vertex -19.229738 -49.45512 -4.4981565
  vertex -19.225054 -49.483177 -6.450403
 endloop
endfacet
facet normal -0.0023992981 0.014371004 0.9998939
 outer loop
  vertex -19.260502 -46.27368 -6.496617
  vertex -19.225054 -49.483177 -6.450403
  vertex -16.374908 -49.451607 -6.444018
 endloop
endfacet
facet normal -0.0023992977 0.014371003 0.9998939
 outer loop
  vertex -19.260502 -46.27368 -6.496617
  vertex -16.374908 -49.451607 -6.444018
  vertex -16.410357 -46.24211 -6.4902315
 endloop
endfacet
facet normal 0.9999361 0.011076267 0.0022398727
 outer loop
  vertex -16.35668 -50.492455 -9.434704
  vertex -16.403147 -46.2853 -9.495283
  vertex -16.410357 -46.24211 -6.4902315
 endloop
endfacet
facet normal 0.99993616 0.011076296 0.0022398303
 outer loop
  vertex -16.35668 -50.492455 -9.434704
  vertex -16.410357 -46.24211 -6.4902315
  vertex -16.374908 -49.451607 -6.444018
 endloop
endfacet
facet normal 0.9999361 0.011076173 0.0022401798
 outer loop
  vertex -16.374908 -49.451607 -6.444018
  vertex -16.379593 -49.42355 -4.491771
  vertex -16.368574 -50.421207 -4.477406
 endloop
endfacet
facet normal 0.99993616 0.011075809 0.00224
 outer loop
  vertex -16.374908 -49.451607 -6.444018
  vertex -16.368574 -50.421207 -4.477406
  vertex -16.35668 -50.492455 -9.434704
 endloop
endfacet
facet normal -0.011042716 0.9998353 -0.014396688
 outer loop
  vertex -27.652805 -20.998844 -9.885708
  vertex -27.68989 -20.776714 5.569428
  vertex -17.79825 -20.667147 5.591588
 endloop
endfacet
facet normal -0.011042714 0.9998353 -0.014396688
 outer loop
  vertex -27.652805 -20.998844 -9.885708
  vertex -17.79825 -20.667147 5.591588
  vertex -17.761166 -20.889277 -9.863547
 endloop
endfacet
facet normal 0.011043222 -0.9998354 0.014396615
 outer loop
  vertex -9.388591 -18.35104 -9.879939
  vertex -8.349452 -18.339529 -9.877611
  vertex -8.386178 -18.119549 5.4280415
 endloop
endfacet
facet normal 0.011043222 -0.9998354 0.014396615
 outer loop
  vertex -9.388591 -18.35104 -9.879939
  vertex -8.386178 -18.119549 5.4280415
  vertex -9.425317 -18.13106 5.4257135
 endloop
endfacet
facet normal -0.011043209 0.9998354 -0.014396615
 outer loop
  vertex -8.285429 -24.136267 -9.794143
  vertex -9.324568 -24.147778 -9.796472
  vertex -9.361294 -23.927797 5.509181
 endloop
endfacet
facet normal -0.011043223 0.9998354 -0.014396616
 outer loop
  vertex -8.285429 -24.136267 -9.794143
  vertex -9.361294 -23.927797 5.509181
  vertex -8.322155 -23.916286 5.511509
 endloop
endfacet
facet normal 0.002399193 -0.014371018 -0.99989384
 outer loop
  vertex -8.322155 -23.916286 5.511509
  vertex -9.361294 -23.927797 5.509181
  vertex -9.425317 -18.13106 5.4257135
 endloop
endfacet
facet normal 0.0023991931 -0.014371019 -0.99989384
 outer loop
  vertex -8.322155 -23.916286 5.511509
  vertex -9.425317 -18.13106 5.4257135
  vertex -8.386178 -18.119549 5.4280415
 endloop
endfacet
facet normal -0.01104295 0.9998354 -0.014396689
 outer loop
  vertex -17.716118 -24.967962 -9.804818
  vertex -17.753202 -24.745832 5.650317
  vertex -9.316537 -24.87492 -9.786001
 endloop
endfacet
facet normal -0.011042158 0.99983543 -0.014396618
 outer loop
  vertex -9.361483 -24.605703 8.94538
  vertex -9.316537 -24.87492 -9.786001
  vertex -10.984513 -24.658978 6.490385
 endloop
endfacet
facet normal -0.011042144 0.99983543 -0.0143966265
 outer loop
  vertex -9.361483 -24.605703 8.94538
  vertex -10.984513 -24.658978 6.490385
  vertex -10.988927 -24.632544 8.329589
 endloop
endfacet
facet normal -0.011042827 0.9998354 -0.0143948225
 outer loop
  vertex -27.652704 -24.808313 8.904403
  vertex -9.361483 -24.605703 8.94538
  vertex -10.988927 -24.632544 8.329589
 endloop
endfacet
facet normal -0.011042938 0.9998353 -0.014398041
 outer loop
  vertex -27.652704 -24.808313 8.904403
  vertex -10.988927 -24.632544 8.329589
  vertex -16.350054 -24.691929 8.317578
 endloop
endfacet
facet normal -0.011042848 0.9998354 -0.014396291
 outer loop
  vertex -27.652704 -24.808313 8.904403
  vertex -16.350054 -24.691929 8.317578
  vertex -27.644842 -24.8554 5.628157
 endloop
endfacet
facet normal -0.011042716 0.9998354 -0.014396841
 outer loop
  vertex -17.753202 -24.745832 5.650317
  vertex -27.644842 -24.8554 5.628157
  vertex -16.350054 -24.691929 8.317578
 endloop
endfacet
facet normal -0.011043143 0.99983543 -0.014396617
 outer loop
  vertex -17.753202 -24.745832 5.650317
  vertex -16.350054 -24.691929 8.317578
  vertex -16.345642 -24.718363 6.4783745
 endloop
endfacet
facet normal -0.011043063 0.9998354 -0.014396749
 outer loop
  vertex -9.316537 -24.87492 -9.786001
  vertex -17.753202 -24.745832 5.650317
  vertex -16.345642 -24.718363 6.4783745
 endloop
endfacet
facet normal -0.011042938 0.99983543 -0.014396697
 outer loop
  vertex -9.316537 -24.87492 -9.786001
  vertex -16.345642 -24.718363 6.4783745
  vertex -10.984513 -24.658978 6.490385
 endloop
endfacet
facet normal -0.011042941 0.9998353 -0.014396615
 outer loop
  vertex -16.358961 -23.512442 6.46101
  vertex -16.363373 -23.486008 8.300214
  vertex -11.002246 -23.426622 8.312224
 endloop
endfacet
facet normal -0.0110429395 0.99983543 -0.014396629
 outer loop
  vertex -16.358961 -23.512442 6.46101
  vertex -11.002246 -23.426622 8.312224
  vertex -10.997832 -23.453056 6.4730206
 endloop
endfacet
facet normal -0.99993616 -0.011076222 -0.0022393537
 outer loop
  vertex -16.345642 -24.718363 6.4783745
  vertex -16.350054 -24.691929 8.317578
  vertex -16.363373 -23.486008 8.300214
 endloop
endfacet
facet normal -0.99993616 -0.011076222 -0.0022393537
 outer loop
  vertex -16.345642 -24.718363 6.4783745
  vertex -16.363373 -23.486008 8.300214
  vertex -16.358961 -23.512442 6.46101
 endloop
endfacet
facet normal -0.0023992616 0.014371339 0.9998939
 outer loop
  vertex -11.002246 -23.426622 8.312224
  vertex -16.363373 -23.486008 8.300214
  vertex -16.350054 -24.691929 8.317578
 endloop
endfacet
facet normal -0.0023992616 0.014371339 0.9998939
 outer loop
  vertex -11.002246 -23.426622 8.312224
  vertex -16.350054 -24.691929 8.317578
  vertex -10.988927 -24.632544 8.329589
 endloop
endfacet
facet normal 0.0023992606 -0.014371339 -0.9998939
 outer loop
  vertex -16.345642 -24.718363 6.4783745
  vertex -16.358961 -23.512442 6.46101
  vertex -10.997832 -23.453056 6.4730206
 endloop
endfacet
facet normal 0.0023992609 -0.01437134 -0.9998939
 outer loop
  vertex -16.345642 -24.718363 6.4783745
  vertex -10.997832 -23.453056 6.4730206
  vertex -10.984513 -24.658978 6.490385
 endloop
endfacet
facet normal 0.99993616 0.011076237 0.0022403905
 outer loop
  vertex -10.984513 -24.658978 6.490385
  vertex -10.997832 -23.453056 6.4730206
  vertex -11.002246 -23.426622 8.312224
 endloop
endfacet
facet normal 0.99993616 0.011076237 0.00224039
 outer loop
  vertex -10.984513 -24.658978 6.490385
  vertex -11.002246 -23.426622 8.312224
  vertex -10.988927 -24.632544 8.329589
 endloop
endfacet
facet normal -0.002399228 0.014371015 0.99989384
 outer loop
  vertex -27.68989 -20.776714 5.569428
  vertex -27.644842 -24.8554 5.628157
  vertex -17.753202 -24.745832 5.650317
 endloop
endfacet
facet normal -0.0023992278 0.014371015 0.99989384
 outer loop
  vertex -27.68989 -20.776714 5.569428
  vertex -17.753202 -24.745832 5.650317
  vertex -17.79825 -20.667147 5.591588
 endloop
endfacet
facet normal 0.9999361 0.011076226 0.0022401519
 outer loop
  vertex -17.761166 -20.889277 -9.863547
  vertex -17.79825 -20.667147 5.591588
  vertex -17.753202 -24.745832 5.650317
 endloop
endfacet
facet normal 0.9999361 0.011076226 0.0022401519
 outer loop
  vertex -17.761166 -20.889277 -9.863547
  vertex -17.753202 -24.745832 5.650317
  vertex -17.716118 -24.967962 -9.804818
 endloop
endfacet
facet normal 0.9999361 0.011076076 0.0022399714
 outer loop
  vertex -24.981592 -16.956488 -6.57322
  vertex -24.950323 -19.78767 -6.5324535
  vertex -24.942253 -19.83601 -9.895917
 endloop
endfacet
facet normal 0.9999361 0.011076076 0.00223997
 outer loop
  vertex -24.981592 -16.956488 -6.57322
  vertex -24.942253 -19.83601 -9.895917
  vertex -24.973522 -17.004827 -9.936684
 endloop
endfacet
facet normal -0.0023993137 0.014371155 0.99989384
 outer loop
  vertex -24.981592 -16.956488 -6.57322
  vertex -27.704655 -16.98665 -6.5793204
  vertex -27.673386 -19.817833 -6.5385537
 endloop
endfacet
facet normal -0.0023991368 0.014370988 0.99989384
 outer loop
  vertex -24.981592 -16.956488 -6.57322
  vertex -27.673386 -19.817833 -6.5385537
  vertex -24.950323 -19.78767 -6.5324535
 endloop
endfacet
facet normal 0.011042723 -0.99983543 0.014396172
 outer loop
  vertex -24.942253 -19.83601 -9.895917
  vertex -24.950323 -19.78767 -6.5324535
  vertex -27.673386 -19.817833 -6.5385537
 endloop
endfacet
facet normal 0.011042722 -0.99983543 0.014396171
 outer loop
  vertex -24.942253 -19.83601 -9.895917
  vertex -27.673386 -19.817833 -6.5385537
  vertex -27.665316 -19.866173 -9.902018
 endloop
endfacet
facet normal -0.011042722 0.99983543 -0.014396171
 outer loop
  vertex -27.704655 -16.98665 -6.5793204
  vertex -24.981592 -16.956488 -6.57322
  vertex -24.973522 -17.004827 -9.936684
 endloop
endfacet
facet normal -0.011042727 0.99983543 -0.014396175
 outer loop
  vertex -27.704655 -16.98665 -6.5793204
  vertex -24.973522 -17.004827 -9.936684
  vertex -27.696585 -17.03499 -9.942783
 endloop
endfacet
facet normal 0.9999361 0.0110762585 0.002239927
 outer loop
  vertex -26.90829 -16.588297 -3.4887972
  vertex -26.901098 -16.631382 -6.486632
  vertex -27.022478 -5.6415205 -6.6448755
 endloop
endfacet
facet normal 0.9999361 0.011076258 0.0022399216
 outer loop
  vertex -26.90829 -16.588297 -3.4887972
  vertex -27.022478 -5.6415205 -6.6448755
  vertex -27.02967 -5.598434 -3.647041
 endloop
endfacet
facet normal 0.9999362 0.011076176 0.0022402033
 outer loop
  vertex -13.723737 -5.4942117 -6.6150823
  vertex -13.602358 -16.484074 -6.4568386
  vertex -13.594057 -16.533792 -9.916148
 endloop
endfacet
facet normal 0.9999362 0.0110761775 0.0022401991
 outer loop
  vertex -13.723737 -5.4942117 -6.6150823
  vertex -13.594057 -16.533792 -9.916148
  vertex -13.715436 -5.543931 -10.074392
 endloop
endfacet
facet normal -0.011042824 0.99983543 -0.0143967485
 outer loop
  vertex -27.022478 -5.6415205 -6.6448755
  vertex -13.723737 -5.4942117 -6.6150823
  vertex -13.715436 -5.543931 -10.074392
 endloop
endfacet
facet normal -0.011042842 0.9998354 -0.014396818
 outer loop
  vertex -27.022478 -5.6415205 -6.6448755
  vertex -13.715436 -5.543931 -10.074392
  vertex -27.821775 -5.700186 -10.105994
 endloop
endfacet
facet normal -0.011043146 0.9998354 -0.014396718
 outer loop
  vertex -27.821775 -5.700186 -10.105994
  vertex -27.837269 -5.60738 -3.6488502
  vertex -27.02967 -5.598434 -3.647041
 endloop
endfacet
facet normal -0.011043449 0.9998354 -0.0143966805
 outer loop
  vertex -27.821775 -5.700186 -10.105994
  vertex -27.02967 -5.598434 -3.647041
  vertex -27.022478 -5.6415205 -6.6448755
 endloop
endfacet
facet normal -0.0023992558 0.014371029 0.99989384
 outer loop
  vertex -13.602358 -16.484074 -6.4568386
  vertex -13.723737 -5.4942117 -6.6150823
  vertex -27.022478 -5.6415205 -6.6448755
 endloop
endfacet
facet normal -0.0023992555 0.014371032 0.99989384
 outer loop
  vertex -13.602358 -16.484074 -6.4568386
  vertex -27.022478 -5.6415205 -6.6448755
  vertex -26.901098 -16.631382 -6.486632
 endloop
endfacet
facet normal -0.0023990779 0.014371053 0.99989384
 outer loop
  vertex -26.90829 -16.588297 -3.4887972
  vertex -27.02967 -5.598434 -3.647041
  vertex -27.837269 -5.60738 -3.6488502
 endloop
endfacet
facet normal -0.0023993677 0.014371028 0.99989384
 outer loop
  vertex -26.90829 -16.588297 -3.4887972
  vertex -27.837269 -5.60738 -3.6488502
  vertex -27.715889 -16.597242 -3.4906065
 endloop
endfacet
facet normal 0.011042553 -0.9998355 0.014396202
 outer loop
  vertex -26.901098 -16.631382 -6.486632
  vertex -26.90829 -16.588297 -3.4887972
  vertex -27.715889 -16.597242 -3.4906065
 endloop
endfacet
facet normal 0.0110433735 -0.99983543 0.014396424
 outer loop
  vertex -26.901098 -16.631382 -6.486632
  vertex -27.715889 -16.597242 -3.4906065
  vertex -27.700396 -16.690046 -9.94775
 endloop
endfacet
facet normal 0.0110427765 -0.9998354 0.014396563
 outer loop
  vertex -26.901098 -16.631382 -6.486632
  vertex -27.700396 -16.690046 -9.94775
  vertex -13.594057 -16.533792 -9.916148
 endloop
endfacet
facet normal 0.01104279 -0.99983543 0.014396613
 outer loop
  vertex -26.901098 -16.631382 -6.486632
  vertex -13.594057 -16.533792 -9.916148
  vertex -13.602358 -16.484074 -6.4568386
 endloop
endfacet
facet normal 0.011042941 -0.99983543 0.014396748
 outer loop
  vertex -27.837431 -5.388072 -4.660538
  vertex -27.824356 -5.466386 -10.109361
  vertex -24.427568 -5.4287596 -10.101751
 endloop
endfacet
facet normal 0.0110429395 -0.99983543 0.014396749
 outer loop
  vertex -27.837431 -5.388072 -4.660538
  vertex -24.427568 -5.4287596 -10.101751
  vertex -24.440643 -5.3504457 -4.6529284
 endloop
endfacet
facet normal -0.0023992565 0.014371014 0.9998939
 outer loop
  vertex -27.912811 1.4369153 -4.7588115
  vertex -27.837431 -5.388072 -4.660538
  vertex -24.440643 -5.3504457 -4.6529284
 endloop
endfacet
facet normal -0.0023991144 0.014371085 0.9998938
 outer loop
  vertex -27.912811 1.4369153 -4.7588115
  vertex -24.440643 -5.3504457 -4.6529284
  vertex -24.516024 1.4745413 -4.751202
 endloop
endfacet
facet normal 0.99993616 0.011076528 0.0022400767
 outer loop
  vertex -24.48833 -0.6055397 -6.827084
  vertex -24.480309 -0.6535933 -10.170509
  vertex -24.502949 1.3962277 -10.200025
 endloop
endfacet
facet normal 0.99993616 0.011076775 0.002240223
 outer loop
  vertex -24.48833 -0.6055397 -6.827084
  vertex -24.502949 1.3962277 -10.200025
  vertex -24.516024 1.4745413 -4.751202
 endloop
endfacet
facet normal 0.99993616 0.011076316 0.002240682
 outer loop
  vertex -24.48833 -0.6055397 -6.827084
  vertex -24.516024 1.4745413 -4.751202
  vertex -24.440643 -5.3504457 -4.6529284
 endloop
endfacet
facet normal 0.99993616 0.011075815 0.0022395896
 outer loop
  vertex -24.48833 -0.6055397 -6.827084
  vertex -24.440643 -5.3504457 -4.6529284
  vertex -24.451359 -3.9531615 -6.7788815
 endloop
endfacet
facet normal 0.99993616 0.011076779 0.0022402224
 outer loop
  vertex -24.451359 -3.9531615 -6.7788815
  vertex -24.440643 -5.3504457 -4.6529284
  vertex -24.427568 -5.4287596 -10.101751
 endloop
endfacet
facet normal 0.99993616 0.011077125 0.0022400692
 outer loop
  vertex -24.451359 -3.9531615 -6.7788815
  vertex -24.427568 -5.4287596 -10.101751
  vertex -24.443336 -4.001215 -10.122306
 endloop
endfacet
facet normal -0.0023992897 0.014371006 0.99989384
 outer loop
  vertex -22.519123 -0.58372694 -6.8226724
  vertex -24.48833 -0.6055397 -6.827084
  vertex -24.451359 -3.9531615 -6.7788815
 endloop
endfacet
facet normal -0.0023992895 0.014371006 0.99989384
 outer loop
  vertex -22.519123 -0.58372694 -6.8226724
  vertex -24.451359 -3.9531615 -6.7788815
  vertex -22.482151 -3.9313488 -6.77447
 endloop
endfacet
facet normal -0.0023991729 0.014371007 0.99989384
 outer loop
  vertex -21.921118 -0.5394005 -4.2029433
  vertex -22.525406 -0.5460942 -4.204297
  vertex -22.488434 -3.893716 -4.1560946
 endloop
endfacet
facet normal -0.002399177 0.014371007 0.99989384
 outer loop
  vertex -21.921118 -0.5394005 -4.2029433
  vertex -22.488434 -3.893716 -4.1560946
  vertex -21.884146 -3.8870223 -4.154741
 endloop
endfacet
facet normal -0.011042861 0.9998354 -0.0143967
 outer loop
  vertex -22.525406 -0.5460942 -4.204297
  vertex -21.921118 -0.5394005 -4.2029433
  vertex -21.906813 -0.6250869 -10.164743
 endloop
endfacet
facet normal -0.011042793 0.99983543 -0.014396694
 outer loop
  vertex -22.525406 -0.5460942 -4.204297
  vertex -21.906813 -0.6250869 -10.164743
  vertex -22.519123 -0.58372694 -6.8226724
 endloop
endfacet
facet normal -0.011042838 0.99983543 -0.014396701
 outer loop
  vertex -22.519123 -0.58372694 -6.8226724
  vertex -21.906813 -0.6250869 -10.164743
  vertex -24.480309 -0.6535933 -10.170509
 endloop
endfacet
facet normal -0.011042834 0.99983543 -0.014396704
 outer loop
  vertex -22.519123 -0.58372694 -6.8226724
  vertex -24.480309 -0.6535933 -10.170509
  vertex -24.48833 -0.6055397 -6.827084
 endloop
endfacet
facet normal -0.99993616 -0.011075823 -0.0022401644
 outer loop
  vertex -22.525406 -0.5460942 -4.204297
  vertex -22.519123 -0.58372694 -6.8226724
  vertex -22.482151 -3.9313488 -6.77447
 endloop
endfacet
facet normal -0.99993616 -0.011075824 -0.0022401647
 outer loop
  vertex -22.525406 -0.5460942 -4.204297
  vertex -22.482151 -3.9313488 -6.77447
  vertex -22.488434 -3.893716 -4.1560946
 endloop
endfacet
facet normal 0.011043157 -0.9998354 0.01439667
 outer loop
  vertex -21.86984 -3.9727085 -10.116541
  vertex -21.884146 -3.8870223 -4.154741
  vertex -22.488434 -3.893716 -4.1560946
 endloop
endfacet
facet normal 0.01104317 -0.99983543 0.014396671
 outer loop
  vertex -21.86984 -3.9727085 -10.116541
  vertex -22.488434 -3.893716 -4.1560946
  vertex -22.482151 -3.9313488 -6.77447
 endloop
endfacet
facet normal 0.01104289 -0.99983543 0.014396621
 outer loop
  vertex -24.443336 -4.001215 -10.122306
  vertex -21.86984 -3.9727085 -10.116541
  vertex -22.482151 -3.9313488 -6.77447
 endloop
endfacet
facet normal 0.011042803 -0.99983543 0.014396672
 outer loop
  vertex -24.443336 -4.001215 -10.122306
  vertex -22.482151 -3.9313488 -6.77447
  vertex -24.451359 -3.9531615 -6.7788815
 endloop
endfacet
facet normal 0.9999361 0.011075822 0.002240121
 outer loop
  vertex -21.906813 -0.6250869 -10.164743
  vertex -21.921118 -0.5394005 -4.2029433
  vertex -21.884146 -3.8870223 -4.154741
 endloop
endfacet
facet normal 0.9999361 0.011075822 0.0022401211
 outer loop
  vertex -21.906813 -0.6250869 -10.164743
  vertex -21.884146 -3.8870223 -4.154741
  vertex -21.86984 -3.9727085 -10.116541
 endloop
endfacet
facet normal 0.01104286 -0.9998354 0.014396668
 outer loop
  vertex -23.589882 2.6597183 2.8211465
  vertex -23.573984 2.5644975 -3.804045
  vertex -14.263984 2.6676238 -3.7831879
 endloop
endfacet
facet normal 0.011042859 -0.9998354 0.014396667
 outer loop
  vertex -23.589882 2.6597183 2.8211465
  vertex -14.263984 2.6676238 -3.7831879
  vertex -14.279881 2.7628446 2.8420036
 endloop
endfacet
facet normal 0.011042839 -0.9998354 0.014396695
 outer loop
  vertex -14.252214 1.6020612 -3.7678447
  vertex -9.608516 1.5612123 -10.1666565
  vertex -9.653461 1.8304303 8.564725
 endloop
endfacet
facet normal 0.011042862 -0.9998354 0.014396687
 outer loop
  vertex -14.252214 1.6020612 -3.7678447
  vertex -9.653461 1.8304303 8.564725
  vertex -14.268111 1.6972821 2.8573468
 endloop
endfacet
facet normal 0.011042855 -0.9998354 0.014396691
 outer loop
  vertex -14.268111 1.6972821 2.8573468
  vertex -9.653461 1.8304303 8.564725
  vertex -27.944683 1.6278197 8.523747
 endloop
endfacet
facet normal 0.0110428585 -0.9998354 0.0143967
 outer loop
  vertex -14.268111 1.6972821 2.8573468
  vertex -27.944683 1.6278197 8.523747
  vertex -23.578114 1.5941558 2.8364897
 endloop
endfacet
facet normal 0.011042853 -0.9998354 0.014396706
 outer loop
  vertex -9.608516 1.5612123 -10.1666565
  vertex -14.252214 1.6020612 -3.7678447
  vertex -24.502949 1.3962277 -10.200025
 endloop
endfacet
facet normal 0.01104286 -0.9998354 0.014396695
 outer loop
  vertex -24.502949 1.3962277 -10.200025
  vertex -14.252214 1.6020612 -3.7678447
  vertex -23.562216 1.4989349 -3.7887018
 endloop
endfacet
facet normal 0.011042801 -0.9998354 0.014396703
 outer loop
  vertex -24.502949 1.3962277 -10.200025
  vertex -23.562216 1.4989349 -3.7887018
  vertex -24.516024 1.4745413 -4.751202
 endloop
endfacet
facet normal 0.01104285 -0.99983543 0.014396694
 outer loop
  vertex -27.944683 1.6278197 8.523747
  vertex -27.912811 1.4369153 -4.7588115
  vertex -23.578114 1.5941558 2.8364897
 endloop
endfacet
facet normal 0.011042871 -0.9998354 0.014396681
 outer loop
  vertex -23.578114 1.5941558 2.8364897
  vertex -27.912811 1.4369153 -4.7588115
  vertex -24.516024 1.4745413 -4.751202
 endloop
endfacet
facet normal 0.011042819 -0.9998353 0.014396684
 outer loop
  vertex -23.578114 1.5941558 2.8364897
  vertex -24.516024 1.4745413 -4.751202
  vertex -23.562216 1.4989349 -3.7887018
 endloop
endfacet
facet normal -0.0023992392 0.014371117 0.9998938
 outer loop
  vertex -23.573984 2.5644975 -3.804045
  vertex -23.562216 1.4989349 -3.7887018
  vertex -14.252214 1.6020612 -3.7678447
 endloop
endfacet
facet normal -0.0023992395 0.014371115 0.9998938
 outer loop
  vertex -23.573984 2.5644975 -3.804045
  vertex -14.252214 1.6020612 -3.7678447
  vertex -14.263984 2.6676238 -3.7831879
 endloop
endfacet
facet normal -0.9999361 -0.011076696 -0.002240094
 outer loop
  vertex -14.279881 2.7628446 2.8420036
  vertex -14.263984 2.6676238 -3.7831879
  vertex -14.252214 1.6020612 -3.7678447
 endloop
endfacet
facet normal -0.9999361 -0.011076699 -0.0022400937
 outer loop
  vertex -14.279881 2.7628446 2.8420036
  vertex -14.252214 1.6020612 -3.7678447
  vertex -14.268111 1.6972821 2.8573468
 endloop
endfacet
facet normal 0.0023992388 -0.014371117 -0.9998938
 outer loop
  vertex -14.279881 2.7628446 2.8420036
  vertex -14.268111 1.6972821 2.8573468
  vertex -23.578114 1.5941558 2.8364897
 endloop
endfacet
facet normal 0.0023992392 -0.014371118 -0.9998938
 outer loop
  vertex -14.279881 2.7628446 2.8420036
  vertex -23.578114 1.5941558 2.8364897
  vertex -23.589882 2.6597183 2.8211465
 endloop
endfacet
facet normal 0.9999361 0.011075804 0.0022402501
 outer loop
  vertex -23.562216 1.4989349 -3.7887018
  vertex -23.573984 2.5644975 -3.804045
  vertex -23.589882 2.6597183 2.8211465
 endloop
endfacet
facet normal 0.9999361 0.011075804 0.00224025
 outer loop
  vertex -23.562216 1.4989349 -3.7887018
  vertex -23.589882 2.6597183 2.8211465
  vertex -23.578114 1.5941558 2.8364897
 endloop
endfacet
facet normal -0.9999361 -0.01107621 -0.0022402739
 outer loop
  vertex -10.105229 -14.852901 -3.8010592
  vertex -10.11791 -14.776948 1.4835266
  vertex -10.217714 -5.7405496 1.3534108
 endloop
endfacet
facet normal -0.9999361 -0.011076208 -0.0022402753
 outer loop
  vertex -10.105229 -14.852901 -3.8010592
  vertex -10.217714 -5.7405496 1.3534108
  vertex -10.205033 -5.8165026 -3.931175
 endloop
endfacet
facet normal -0.0023992662 0.014371046 0.9998938
 outer loop
  vertex -10.11791 -14.776948 1.4835266
  vertex -9.453723 -14.769589 1.4850146
  vertex -9.553527 -5.7331924 1.3548988
 endloop
endfacet
facet normal -0.0023992353 0.014371044 0.9998938
 outer loop
  vertex -10.11791 -14.776948 1.4835266
  vertex -9.553527 -5.7331924 1.3548988
  vertex -10.217714 -5.7405496 1.3534108
 endloop
endfacet
facet normal -0.011042798 0.9998354 -0.014396688
 outer loop
  vertex -10.205033 -5.8165026 -3.931175
  vertex -10.217714 -5.7405496 1.3534108
  vertex -9.553527 -5.7331924 1.3548988
 endloop
endfacet
facet normal -0.011042799 0.9998354 -0.014396688
 outer loop
  vertex -10.205033 -5.8165026 -3.931175
  vertex -9.553527 -5.7331924 1.3548988
  vertex -9.540846 -5.8091455 -3.929687
 endloop
endfacet
facet normal 0.0023992353 -0.014371044 -0.9998938
 outer loop
  vertex -10.205033 -5.8165026 -3.931175
  vertex -9.540846 -5.8091455 -3.929687
  vertex -9.441042 -14.845544 -3.7995713
 endloop
endfacet
facet normal 0.0023992453 -0.014371043 -0.9998938
 outer loop
  vertex -10.205033 -5.8165026 -3.931175
  vertex -9.441042 -14.845544 -3.7995713
  vertex -10.105229 -14.852901 -3.8010592
 endloop
endfacet
facet normal 0.01104495 -0.9998354 0.014396784
 outer loop
  vertex -9.453723 -14.769589 1.4850146
  vertex -10.11791 -14.776948 1.4835266
  vertex -10.105229 -14.852901 -3.8010592
 endloop
endfacet
facet normal 0.011043514 -0.9998353 0.014396961
 outer loop
  vertex -9.453723 -14.769589 1.4850146
  vertex -10.105229 -14.852901 -3.8010592
  vertex -9.441042 -14.845544 -3.7995713
 endloop
endfacet
facet normal 0.9999361 0.011076398 0.0022401568
 outer loop
  vertex -8.386178 -18.119549 5.4280415
  vertex -8.349452 -18.339529 -9.877611
  vertex -8.388176 -16.119871 -3.5674937
 endloop
endfacet
facet normal 0.99993616 0.01107575 0.0022400122
 outer loop
  vertex -8.386178 -18.119549 5.4280415
  vertex -8.388176 -16.119871 -3.5674937
  vertex -8.3999605 -16.04928 1.3440659
 endloop
endfacet
facet normal 0.9999361 0.011076205 0.002240225
 outer loop
  vertex -8.388176 -16.119871 -3.5674937
  vertex -8.349452 -18.339529 -9.877611
  vertex -8.501682 -4.556366 -10.076076
 endloop
endfacet
facet normal 0.99993616 0.011076233 0.0022402734
 outer loop
  vertex -8.388176 -16.119871 -3.5674937
  vertex -8.501682 -4.556366 -10.076076
  vertex -8.481732 -7.64915 -3.689464
 endloop
endfacet
facet normal 0.99993616 0.011075998 0.0022401593
 outer loop
  vertex -8.481732 -7.64915 -3.689464
  vertex -8.501682 -4.556366 -10.076076
  vertex -8.551574 -4.2575254 10.716342
 endloop
endfacet
facet normal 0.99993616 0.011076693 0.0022399973
 outer loop
  vertex -8.481732 -7.64915 -3.689464
  vertex -8.551574 -4.2575254 10.716342
  vertex -8.493517 -7.578558 1.2220954
 endloop
endfacet
facet normal 0.99993616 0.011076174 0.0022400066
 outer loop
  vertex -8.529244 -6.2792625 10.745453
  vertex -8.524901 -6.3052783 8.935369
  vertex -8.551574 -4.2575254 10.716342
 endloop
endfacet
facet normal 0.9999361 0.011075963 0.0022402508
 outer loop
  vertex -8.551574 -4.2575254 10.716342
  vertex -8.524901 -6.3052783 8.935369
  vertex -8.493517 -7.578558 1.2220954
 endloop
endfacet
facet normal 0.9999361 0.011076203 0.0022396669
 outer loop
  vertex -8.403151 -17.29856 8.944631
  vertex -8.524901 -6.3052783 8.935369
  vertex -8.310274 -25.737955 9.215181
 endloop
endfacet
facet normal 0.99993616 0.011076338 0.0022439258
 outer loop
  vertex -8.403151 -17.29856 8.944631
  vertex -8.310274 -25.737955 9.215181
  vertex -8.317057 -25.093578 9.056871
 endloop
endfacet
facet normal 0.9999361 0.011075421 0.0022402173
 outer loop
  vertex -8.310274 -25.737955 9.215181
  vertex -8.27754 -25.934021 -4.4264927
  vertex -8.317057 -25.093578 9.056871
 endloop
endfacet
facet normal 0.9999362 0.011073314 0.002240349
 outer loop
  vertex -8.310739 -25.13142 6.4239535
  vertex -8.317057 -25.093578 9.056871
  vertex -8.27754 -25.934021 -4.4264927
 endloop
endfacet
facet normal 0.99993616 0.011076702 0.0022400985
 outer loop
  vertex -8.310739 -25.13142 6.4239535
  vertex -8.27754 -25.934021 -4.4264927
  vertex -8.322155 -23.916286 5.511509
 endloop
endfacet
facet normal 0.9999361 0.011076203 0.002240211
 outer loop
  vertex -8.493517 -7.578558 1.2220954
  vertex -8.524901 -6.3052783 8.935369
  vertex -8.403151 -17.29856 8.944631
 endloop
endfacet
facet normal 0.9999362 0.011076231 0.0022402464
 outer loop
  vertex -8.493517 -7.578558 1.2220954
  vertex -8.403151 -17.29856 8.944631
  vertex -8.3999605 -16.04928 1.3440659
 endloop
endfacet
facet normal 0.99993616 0.011076566 0.0022403018
 outer loop
  vertex -8.3999605 -16.04928 1.3440659
  vertex -8.403151 -17.29856 8.944631
  vertex -8.396832 -17.336401 6.3117123
 endloop
endfacet
facet normal 0.99993616 0.011076064 0.0022401714
 outer loop
  vertex -8.3999605 -16.04928 1.3440659
  vertex -8.396832 -17.336401 6.3117123
  vertex -8.386178 -18.119549 5.4280415
 endloop
endfacet
facet normal 0.9999361 0.011076213 0.002240039
 outer loop
  vertex -8.322155 -23.916286 5.511509
  vertex -8.386178 -18.119549 5.4280415
  vertex -8.396832 -17.336401 6.3117123
 endloop
endfacet
facet normal 0.99993616 0.011076274 0.0022395332
 outer loop
  vertex -8.322155 -23.916286 5.511509
  vertex -8.396832 -17.336401 6.3117123
  vertex -8.310739 -25.13142 6.4239535
 endloop
endfacet
facet normal 0.9999361 0.011076412 0.0022401568
 outer loop
  vertex -8.322155 -23.916286 5.511509
  vertex -8.27754 -25.934021 -4.4264927
  vertex -8.285429 -24.136267 -9.794143
 endloop
endfacet
facet normal 0.99993616 0.01107618 0.002240079
 outer loop
  vertex -8.225263 -29.583834 -9.715703
  vertex -8.285429 -24.136267 -9.794143
  vertex -8.27754 -25.934021 -4.4264927
 endloop
endfacet
facet normal 0.99993616 0.011076171 0.002240084
 outer loop
  vertex -8.225263 -29.583834 -9.715703
  vertex -8.27754 -25.934021 -4.4264927
  vertex -8.238077 -29.507076 -4.3750443
 endloop
endfacet
facet normal -0.011042831 0.99983543 -0.014396807
 outer loop
  vertex -8.529244 -6.2792625 10.745453
  vertex 10.934543 -6.063664 10.789058
  vertex 10.938886 -6.0896797 8.978973
 endloop
endfacet
facet normal -0.011042831 0.99983543 -0.014396809
 outer loop
  vertex -8.529244 -6.2792625 10.745453
  vertex 10.938886 -6.0896797 8.978973
  vertex -8.524901 -6.3052783 8.935369
 endloop
endfacet
facet normal 0.0023992541 -0.014370932 -0.99989384
 outer loop
  vertex -8.529244 -6.2792625 10.745453
  vertex -8.551574 -4.2575254 10.716342
  vertex 10.912213 -4.041927 10.759947
 endloop
endfacet
facet normal 0.0023992544 -0.014370932 -0.99989384
 outer loop
  vertex -8.529244 -6.2792625 10.745453
  vertex 10.912213 -4.041927 10.759947
  vertex 10.934543 -6.063664 10.789058
 endloop
endfacet
facet normal 0.0023992558 -0.014371061 -0.99989384
 outer loop
  vertex -8.310274 -25.737955 9.215181
  vertex -8.524901 -6.3052783 8.935369
  vertex 10.938886 -6.0896797 8.978973
 endloop
endfacet
facet normal 0.0023992427 -0.014371048 -0.99989384
 outer loop
  vertex -8.310274 -25.737955 9.215181
  vertex 10.938886 -6.0896797 8.978973
  vertex 11.2761345 -36.62465 9.418649
 endloop
endfacet
facet normal 0.0023993321 -0.0143708885 -0.99989384
 outer loop
  vertex 11.2761345 -36.62465 9.418649
  vertex 8.808929 -36.651978 9.413121
  vertex -8.310274 -25.737955 9.215181
 endloop
endfacet
facet normal 0.0023991796 -0.014370999 -0.99989384
 outer loop
  vertex 8.93686 -48.235004 9.5799055
  vertex 0.7910332 -48.325233 9.561657
  vertex 8.808929 -36.651978 9.413121
 endloop
endfacet
facet normal 0.0023993098 -0.014371113 -0.99989384
 outer loop
  vertex 0.7910332 -48.325233 9.561657
  vertex 0.81485385 -50.48199 9.592712
  vertex -9.3026905 -50.594063 9.570045
 endloop
endfacet
facet normal 0.002399291 -0.014371026 -0.9998938
 outer loop
  vertex 0.7910332 -48.325233 9.561657
  vertex -9.3026905 -50.594063 9.570045
  vertex -9.423529 -39.653442 9.412511
 endloop
endfacet
facet normal 0.0023992653 -0.014371056 -0.9998939
 outer loop
  vertex 8.808929 -36.651978 9.413121
  vertex 0.7910332 -48.325233 9.561657
  vertex -9.423529 -39.653442 9.412511
 endloop
endfacet
facet normal 0.0023992574 -0.014371006 -0.99989384
 outer loop
  vertex 8.808929 -36.651978 9.413121
  vertex -9.423529 -39.653442 9.412511
  vertex -8.310274 -25.737955 9.215181
 endloop
endfacet
facet normal 0.0023992553 -0.014371008 -0.99989384
 outer loop
  vertex -27.562923 -25.951216 9.1720495
  vertex -8.310274 -25.737955 9.215181
  vertex -9.423529 -39.653442 9.412511
 endloop
endfacet
facet normal 0.002399249 -0.014371014 -0.99989384
 outer loop
  vertex -27.562923 -25.951216 9.1720495
  vertex -9.423529 -39.653442 9.412511
  vertex -27.409388 -39.852673 9.372217
 endloop
endfacet
facet normal -0.99993616 -0.01107679 -0.00224016
 outer loop
  vertex 8.46162 -1.2407992 4.7658734
  vertex 8.497243 -1.4541706 -10.079873
  vertex 8.529424 -4.367714 -10.037921
 endloop
endfacet
facet normal -0.99993616 -0.01107614 -0.0022402976
 outer loop
  vertex 8.46162 -1.2407992 4.7658734
  vertex 8.529424 -4.367714 -10.037921
  vertex 8.493799 -4.154342 4.8078256
 endloop
endfacet
facet normal 0.99993616 0.011076219 0.0022401523
 outer loop
  vertex -2.516704 -4.490071 -10.062667
  vertex -2.5488832 -1.5765278 -10.10462
  vertex -2.5845056 -1.3631564 4.741127
 endloop
endfacet
facet normal 0.99993616 0.011076221 0.0022401526
 outer loop
  vertex -2.516704 -4.490071 -10.062667
  vertex -2.5845056 -1.3631564 4.741127
  vertex -2.5523264 -4.276699 4.783079
 endloop
endfacet
facet normal 0.0023992285 -0.014370984 -0.99989384
 outer loop
  vertex 8.493799 -4.154342 4.8078256
  vertex -2.5523264 -4.276699 4.783079
  vertex -2.5845056 -1.3631564 4.741127
 endloop
endfacet
facet normal 0.002399229 -0.014370981 -0.99989384
 outer loop
  vertex 8.493799 -4.154342 4.8078256
  vertex -2.5845056 -1.3631564 4.741127
  vertex 8.46162 -1.2407992 4.7658734
 endloop
endfacet
facet normal -0.9999361 -0.011076345 -0.002241248
 outer loop
  vertex 10.815245 4.8394356 10.121538
  vertex 10.863934 4.547931 -10.160455
  vertex 10.929928 -1.4272238 -10.074418
 endloop
endfacet
facet normal -0.9999361 -0.011076345 -0.0022412483
 outer loop
  vertex 10.815245 4.8394356 10.121538
  vertex 10.929928 -1.4272238 -10.074418
  vertex 10.881239 -1.1357199 10.207575
 endloop
endfacet
facet normal -0.011042867 0.99983543 -0.014396691
 outer loop
  vertex 10.881239 -1.1357199 10.207575
  vertex 10.929928 -1.4272238 -10.074418
  vertex 8.497243 -1.4541706 -10.079873
 endloop
endfacet
facet normal -0.011042854 0.9998354 -0.014396691
 outer loop
  vertex 10.881239 -1.1357199 10.207575
  vertex 8.497243 -1.4541706 -10.079873
  vertex 8.46162 -1.2407992 4.7658734
 endloop
endfacet
facet normal -0.011042858 0.9998353 -0.014396689
 outer loop
  vertex -7.5068574 -1.3394036 10.16638
  vertex 10.881239 -1.1357199 10.207575
  vertex 8.46162 -1.2407992 4.7658734
 endloop
endfacet
facet normal -0.011042861 0.9998354 -0.014396702
 outer loop
  vertex -7.5068574 -1.3394036 10.16638
  vertex 8.46162 -1.2407992 4.7658734
  vertex -2.5845056 -1.3631564 4.741127
 endloop
endfacet
facet normal -0.011042845 0.9998354 -0.014396687
 outer loop
  vertex -7.4581857 -1.6309078 -10.115621
  vertex -7.5068574 -1.3394036 10.16638
  vertex -2.5845056 -1.3631564 4.741127
 endloop
endfacet
facet normal -0.011042833 0.9998354 -0.01439669
 outer loop
  vertex -7.4581857 -1.6309078 -10.115621
  vertex -2.5845056 -1.3631564 4.741127
  vertex -2.5488832 -1.5765278 -10.10462
 endloop
endfacet
facet normal 0.002399253 -0.014371043 -0.99989384
 outer loop
  vertex -7.5728507 4.6357517 10.080343
  vertex 10.815245 4.8394356 10.121538
  vertex 10.881239 -1.1357199 10.207575
 endloop
endfacet
facet normal 0.002399253 -0.014371044 -0.99989384
 outer loop
  vertex -7.5728507 4.6357517 10.080343
  vertex 10.881239 -1.1357199 10.207575
  vertex -7.5068574 -1.3394036 10.16638
 endloop
endfacet
facet normal -0.0023996653 0.014371038 0.99989384
 outer loop
  vertex 10.929928 -1.4272238 -10.074418
  vertex 10.863934 4.547931 -10.160455
  vertex -7.524179 4.3442473 -10.201657
 endloop
endfacet
facet normal -0.0024012767 0.014365885 0.99989396
 outer loop
  vertex 10.929928 -1.4272238 -10.074418
  vertex -7.524179 4.3442473 -10.201657
  vertex 8.497243 -1.4541706 -10.079873
 endloop
endfacet
facet normal -0.0023997219 0.014371039 0.99989384
 outer loop
  vertex -7.524179 4.3442473 -10.201657
  vertex -7.4581857 -1.6309078 -10.115621
  vertex -2.5488832 -1.5765278 -10.10462
 endloop
endfacet
facet normal -0.0023992767 0.014371412 0.9998939
 outer loop
  vertex -7.524179 4.3442473 -10.201657
  vertex -2.5488832 -1.5765278 -10.10462
  vertex 8.497243 -1.4541706 -10.079873
 endloop
endfacet
facet normal 0.002399272 -0.01437098 -0.99989384
 outer loop
  vertex -2.5488832 -1.5765278 -10.10462
  vertex 8.497243 -1.4541706 -10.079873
  vertex 8.529424 -4.367714 -10.037921
 endloop
endfacet
facet normal 0.0023991882 -0.014371309 -0.99989384
 outer loop
  vertex -2.5488832 -1.5765278 -10.10462
  vertex 8.529424 -4.367714 -10.037921
  vertex -2.516704 -4.490071 -10.062667
 endloop
endfacet
facet normal 0.011042849 -0.9998354 0.014396699
 outer loop
  vertex -7.5728507 4.6357517 10.080343
  vertex -7.524179 4.3442473 -10.201657
  vertex 10.863934 4.547931 -10.160455
 endloop
endfacet
facet normal 0.011042864 -0.9998354 0.014396714
 outer loop
  vertex -7.5728507 4.6357517 10.080343
  vertex 10.863934 4.547931 -10.160455
  vertex 10.815245 4.8394356 10.121538
 endloop
endfacet
facet normal 0.9999361 0.011076174 0.002240403
 outer loop
  vertex -7.4581857 -1.6309078 -10.115621
  vertex -7.524179 4.3442473 -10.201657
  vertex -7.5728507 4.6357517 10.080343
 endloop
endfacet
facet normal 0.9999361 0.011076173 0.0022404033
 outer loop
  vertex -7.4581857 -1.6309078 -10.115621
  vertex -7.5728507 4.6357517 10.080343
  vertex -7.5068574 -1.3394036 10.16638
 endloop
endfacet
facet normal 0.00239923 -0.014371027 -0.99989384
 outer loop
  vertex -9.361483 -24.605703 8.94538
  vertex -27.652704 -24.808313 8.904403
  vertex -27.944683 1.6278197 8.523747
 endloop
endfacet
facet normal 0.0023992301 -0.014371025 -0.99989384
 outer loop
  vertex -9.361483 -24.605703 8.94538
  vertex -27.944683 1.6278197 8.523747
  vertex -9.653461 1.8304303 8.564725
 endloop
endfacet
facet normal -0.02213308 -0.0013865092 -0.9997541
 outer loop
  vertex -10.523185 -41.09094 6.473301
  vertex -10.422331 -50.1977 6.483698
  vertex -20.30454 -50.408195 6.7027674
 endloop
endfacet
facet normal -0.053481083 0.03156444 -0.9980698
 outer loop
  vertex -10.523185 -41.09094 6.473301
  vertex -20.30454 -50.408195 6.7027674
  vertex -20.407288 -41.192528 6.999723
 endloop
endfacet
facet normal -0.9999361 -0.011076007 -0.0022401626
 outer loop
  vertex -9.361294 -23.927797 5.509181
  vertex -9.324568 -24.147778 -9.796472
  vertex -9.316537 -24.87492 -9.786001
 endloop
endfacet
facet normal -0.99993616 -0.011076386 -0.0022401393
 outer loop
  vertex -9.361294 -23.927797 5.509181
  vertex -9.316537 -24.87492 -9.786001
  vertex -9.361483 -24.605703 8.94538
 endloop
endfacet
facet normal -0.99993616 -0.011076238 -0.00224011
 outer loop
  vertex -9.361294 -23.927797 5.509181
  vertex -9.361483 -24.605703 8.94538
  vertex -9.653461 1.8304303 8.564725
 endloop
endfacet
facet normal -0.99993616 -0.011076215 -0.0022402678
 outer loop
  vertex -9.361294 -23.927797 5.509181
  vertex -9.653461 1.8304303 8.564725
  vertex -9.425317 -18.13106 5.4257135
 endloop
endfacet
facet normal -0.99993616 -0.011076221 -0.002240253
 outer loop
  vertex -9.425317 -18.13106 5.4257135
  vertex -9.653461 1.8304303 8.564725
  vertex -9.553527 -5.7331924 1.3548988
 endloop
endfacet
facet normal -0.9999361 -0.011076211 -0.002240219
 outer loop
  vertex -9.425317 -18.13106 5.4257135
  vertex -9.553527 -5.7331924 1.3548988
  vertex -9.453723 -14.769589 1.4850146
 endloop
endfacet
facet normal -0.9999361 -0.011076329 -0.002240139
 outer loop
  vertex -9.553527 -5.7331924 1.3548988
  vertex -9.653461 1.8304303 8.564725
  vertex -9.608516 1.5612123 -10.1666565
 endloop
endfacet
facet normal -0.99993616 -0.01107654 -0.0022402715
 outer loop
  vertex -9.553527 -5.7331924 1.3548988
  vertex -9.608516 1.5612123 -10.1666565
  vertex -9.540846 -5.8091455 -3.929687
 endloop
endfacet
facet normal -0.9999361 -0.011076251 -0.002239931
 outer loop
  vertex -9.540846 -5.8091455 -3.929687
  vertex -9.608516 1.5612123 -10.1666565
  vertex -9.388591 -18.35104 -9.879939
 endloop
endfacet
facet normal -0.9999361 -0.0110762045 -0.002240027
 outer loop
  vertex -9.540846 -5.8091455 -3.929687
  vertex -9.388591 -18.35104 -9.879939
  vertex -9.441042 -14.845544 -3.7995713
 endloop
endfacet
facet normal -0.9999362 -0.011075971 -0.0022401633
 outer loop
  vertex -9.441042 -14.845544 -3.7995713
  vertex -9.388591 -18.35104 -9.879939
  vertex -9.425317 -18.13106 5.4257135
 endloop
endfacet
facet normal -0.9999361 -0.011076273 -0.0022402715
 outer loop
  vertex -9.441042 -14.845544 -3.7995713
  vertex -9.425317 -18.13106 5.4257135
  vertex -9.453723 -14.769589 1.4850146
 endloop
endfacet
facet normal 0.9999361 0.011079376 0.002239924
 outer loop
  vertex -27.704655 -16.98665 -6.5793204
  vertex -27.696585 -17.03499 -9.942783
  vertex -27.700396 -16.690046 -9.94775
 endloop
endfacet
facet normal 0.9999361 0.011080407 0.0022400147
 outer loop
  vertex -27.704655 -16.98665 -6.5793204
  vertex -27.700396 -16.690046 -9.94775
  vertex -27.715889 -16.597242 -3.4906065
 endloop
endfacet
facet normal 0.9999362 0.011069377 0.0022401703
 outer loop
  vertex -27.837269 -5.60738 -3.6488502
  vertex -27.821775 -5.700186 -10.105994
  vertex -27.824356 -5.466386 -10.109361
 endloop
endfacet
facet normal 0.9999362 0.0110737635 0.002240266
 outer loop
  vertex -27.837269 -5.60738 -3.6488502
  vertex -27.824356 -5.466386 -10.109361
  vertex -27.837431 -5.388072 -4.660538
 endloop
endfacet
facet normal 0.99993616 0.011076307 0.002240174
 outer loop
  vertex -27.837431 -5.388072 -4.660538
  vertex -27.912811 1.4369153 -4.7588115
  vertex -27.944683 1.6278197 8.523747
 endloop
endfacet
facet normal 0.99993616 0.011075446 0.002240633
 outer loop
  vertex -27.837431 -5.388072 -4.660538
  vertex -27.944683 1.6278197 8.523747
  vertex -27.837269 -5.60738 -3.6488502
 endloop
endfacet
facet normal 0.99993616 0.011076239 0.0022401614
 outer loop
  vertex -27.837269 -5.60738 -3.6488502
  vertex -27.944683 1.6278197 8.523747
  vertex -27.652704 -24.808313 8.904403
 endloop
endfacet
facet normal 0.99993616 0.011076966 0.0022412713
 outer loop
  vertex -27.837269 -5.60738 -3.6488502
  vertex -27.652704 -24.808313 8.904403
  vertex -27.68989 -20.776714 5.569428
 endloop
endfacet
facet normal 0.99993616 0.01107623 0.0022403835
 outer loop
  vertex -27.644842 -24.8554 5.628157
  vertex -27.68989 -20.776714 5.569428
  vertex -27.652704 -24.808313 8.904403
 endloop
endfacet
facet normal 0.99993616 0.011076262 0.0022401144
 outer loop
  vertex -27.837269 -5.60738 -3.6488502
  vertex -27.68989 -20.776714 5.569428
  vertex -27.715889 -16.597242 -3.4906065
 endloop
endfacet
facet normal 0.99993616 0.011076503 0.0022401481
 outer loop
  vertex -27.68989 -20.776714 5.569428
  vertex -27.652805 -20.998844 -9.885708
  vertex -27.665316 -19.866173 -9.902018
 endloop
endfacet
facet normal 0.99993616 0.011074 0.0022400005
 outer loop
  vertex -27.68989 -20.776714 5.569428
  vertex -27.665316 -19.866173 -9.902018
  vertex -27.673386 -19.817833 -6.5385537
 endloop
endfacet
facet normal 0.9999361 0.011076084 0.0022405596
 outer loop
  vertex -27.673386 -19.817833 -6.5385537
  vertex -27.704655 -16.98665 -6.5793204
  vertex -27.715889 -16.597242 -3.4906065
 endloop
endfacet
facet normal 0.9999361 0.011076431 0.0022401928
 outer loop
  vertex -27.673386 -19.817833 -6.5385537
  vertex -27.715889 -16.597242 -3.4906065
  vertex -27.68989 -20.776714 5.569428
 endloop
endfacet
facet normal 0.011042813 -0.9998354 0.014396703
 outer loop
  vertex 8.529424 -4.367714 -10.037921
  vertex 10.962105 -4.3407674 -10.032471
  vertex 10.912213 -4.041927 10.759947
 endloop
endfacet
facet normal 0.011042686 -0.9998354 0.014396717
 outer loop
  vertex 8.529424 -4.367714 -10.037921
  vertex 10.912213 -4.041927 10.759947
  vertex 8.493799 -4.154342 4.8078256
 endloop
endfacet
facet normal 0.011042832 -0.99983543 0.01439666
 outer loop
  vertex 8.493799 -4.154342 4.8078256
  vertex 10.912213 -4.041927 10.759947
  vertex -8.551574 -4.2575254 10.716342
 endloop
endfacet
facet normal 0.01104283 -0.9998353 0.014396654
 outer loop
  vertex 8.493799 -4.154342 4.8078256
  vertex -8.551574 -4.2575254 10.716342
  vertex -2.5523264 -4.276699 4.783079
 endloop
endfacet
facet normal 0.01104288 -0.99983543 0.014396704
 outer loop
  vertex -2.5523264 -4.276699 4.783079
  vertex -8.551574 -4.2575254 10.716342
  vertex -8.501682 -4.556366 -10.076076
 endloop
endfacet
facet normal 0.011042846 -0.99983543 0.014396717
 outer loop
  vertex -2.5523264 -4.276699 4.783079
  vertex -8.501682 -4.556366 -10.076076
  vertex -2.516704 -4.490071 -10.062667
 endloop
endfacet
facet normal -0.0023989954 0.014370953 0.99989384
 outer loop
  vertex 2.574742 -22.62722 -9.789773
  vertex 2.5500267 -20.389437 -9.821995
  vertex 1.4980482 -22.639147 -9.792185
 endloop
endfacet
facet normal -0.002399242 0.0143713765 0.99989384
 outer loop
  vertex 10.049384 -20.306366 -9.805195
  vertex 10.0741 -22.54415 -9.772972
  vertex 11.163022 -22.532087 -9.770533
 endloop
endfacet
facet normal -0.0023995873 0.014371205 0.9998939
 outer loop
  vertex 10.049384 -20.306366 -9.805195
  vertex 11.163022 -22.532087 -9.770533
  vertex 11.116497 -18.31967 -9.831188
 endloop
endfacet
facet normal -0.0023991447 0.014370968 0.99989384
 outer loop
  vertex 10.049384 -20.306366 -9.805195
  vertex 11.116497 -18.31967 -9.831188
  vertex 5.5890703 -18.380898 -9.843571
 endloop
endfacet
facet normal -0.0023991328 0.014370995 0.9998939
 outer loop
  vertex 10.049384 -20.306366 -9.805195
  vertex 5.5890703 -18.380898 -9.843571
  vertex 2.5500267 -20.389437 -9.821995
 endloop
endfacet
facet normal -0.002399316 0.014371102 0.9998939
 outer loop
  vertex 5.4573965 -6.4589424 -10.015236
  vertex 10.984823 -6.3977156 -10.002852
  vertex 10.962105 -4.3407674 -10.032471
 endloop
endfacet
facet normal -0.0023993799 0.0143712675 0.99989384
 outer loop
  vertex 5.4573965 -6.4589424 -10.015236
  vertex 10.962105 -4.3407674 -10.032471
  vertex 8.529424 -4.367714 -10.037921
 endloop
endfacet
facet normal -0.0023993347 0.014371017 0.99989384
 outer loop
  vertex -2.516704 -4.490071 -10.062667
  vertex -8.501682 -4.556366 -10.076076
  vertex -8.349452 -18.339529 -9.877611
 endloop
endfacet
facet normal -0.0023991826 0.014370952 0.9998938
 outer loop
  vertex -2.516704 -4.490071 -10.062667
  vertex -8.349452 -18.339529 -9.877611
  vertex 8.529424 -4.367714 -10.037921
 endloop
endfacet
facet normal -0.0023992555 0.014370922 0.9998939
 outer loop
  vertex -9.608516 1.5612123 -10.1666565
  vertex -24.502949 1.3962277 -10.200025
  vertex -24.480309 -0.6535933 -10.170509
 endloop
endfacet
facet normal -0.002399462 0.014372307 0.9998938
 outer loop
  vertex -9.608516 1.5612123 -10.1666565
  vertex -24.480309 -0.6535933 -10.170509
  vertex -21.906813 -0.6250869 -10.164743
 endloop
endfacet
facet normal -0.0023990723 0.014370502 0.99989384
 outer loop
  vertex -21.86984 -3.9727085 -10.116541
  vertex -24.443336 -4.001215 -10.122306
  vertex -24.427568 -5.4287596 -10.101751
 endloop
endfacet
facet normal -0.0023992423 0.0143708 0.99989384
 outer loop
  vertex -21.86984 -3.9727085 -10.116541
  vertex -24.427568 -5.4287596 -10.101751
  vertex -13.715436 -5.543931 -10.074392
 endloop
endfacet
facet normal -0.002399115 0.014370927 0.99989384
 outer loop
  vertex -24.427568 -5.4287596 -10.101751
  vertex -27.824356 -5.466386 -10.109361
  vertex -27.821775 -5.700186 -10.105994
 endloop
endfacet
facet normal -0.0023992257 0.014372312 0.99989384
 outer loop
  vertex -24.427568 -5.4287596 -10.101751
  vertex -27.821775 -5.700186 -10.105994
  vertex -13.715436 -5.543931 -10.074392
 endloop
endfacet
facet normal -0.0023992064 0.01437064 0.9998939
 outer loop
  vertex -13.594057 -16.533792 -9.916148
  vertex -27.700396 -16.690046 -9.94775
  vertex -27.696585 -17.03499 -9.942783
 endloop
endfacet
facet normal -0.0023988455 0.014360478 0.99989396
 outer loop
  vertex -13.594057 -16.533792 -9.916148
  vertex -27.696585 -17.03499 -9.942783
  vertex -24.973522 -17.004827 -9.936684
 endloop
endfacet
facet normal -0.0023993156 0.014371327 0.9998938
 outer loop
  vertex -24.942253 -19.83601 -9.895917
  vertex -27.665316 -19.866173 -9.902018
  vertex -27.652805 -20.998844 -9.885708
 endloop
endfacet
facet normal -0.0023992788 0.0143712405 0.9998939
 outer loop
  vertex -24.942253 -19.83601 -9.895917
  vertex -27.652805 -20.998844 -9.885708
  vertex -17.761166 -20.889277 -9.863547
 endloop
endfacet
facet normal -0.002399175 0.014371017 0.9998939
 outer loop
  vertex -17.761166 -20.889277 -9.863547
  vertex -17.716118 -24.967962 -9.804818
  vertex -9.316537 -24.87492 -9.786001
 endloop
endfacet
facet normal -0.0023990204 0.014371344 0.99989384
 outer loop
  vertex -17.761166 -20.889277 -9.863547
  vertex -9.316537 -24.87492 -9.786001
  vertex -9.324568 -24.147778 -9.796472
 endloop
endfacet
facet normal -0.002399515 0.014371271 0.9998939
 outer loop
  vertex -10.391773 -29.607832 -9.720557
  vertex -10.359299 -32.548073 -9.67822
  vertex -8.225263 -29.583834 -9.715703
 endloop
endfacet
facet normal -0.002399247 0.014370959 0.99989384
 outer loop
  vertex -14.610517 -32.59516 -9.687744
  vertex -14.642991 -29.654922 -9.730081
  vertex -16.880423 -29.679707 -9.735093
 endloop
endfacet
facet normal -0.0023992371 0.014370968 0.99989384
 outer loop
  vertex -14.610517 -32.59516 -9.687744
  vertex -16.880423 -29.679707 -9.735093
  vertex -18.158504 -39.76492 -9.59321
 endloop
endfacet
facet normal -0.002399511 0.014371081 0.9998939
 outer loop
  vertex -16.880423 -29.679707 -9.735093
  vertex -16.919886 -26.106651 -9.786542
  vertex -18.309185 -26.122042 -9.789655
 endloop
endfacet
facet normal -0.002399664 0.014371021 0.99989384
 outer loop
  vertex -16.880423 -29.679707 -9.735093
  vertex -18.309185 -26.122042 -9.789655
  vertex -18.158504 -39.76492 -9.59321
 endloop
endfacet
facet normal -0.0023992313 0.014370867 0.9998938
 outer loop
  vertex -18.158504 -39.76492 -9.59321
  vertex -27.366695 -39.86692 -9.613839
  vertex -27.36384 -40.125492 -9.610116
 endloop
endfacet
facet normal -0.0023992537 0.014371427 0.9998939
 outer loop
  vertex -18.158504 -39.76492 -9.59321
  vertex -27.36384 -40.125492 -9.610116
  vertex -9.37798 -39.92626 -9.569822
 endloop
endfacet
facet normal -0.0023992616 0.01437098 0.99989384
 outer loop
  vertex -14.610517 -32.59516 -9.687744
  vertex -18.158504 -39.76492 -9.59321
  vertex -9.37798 -39.92626 -9.569822
 endloop
endfacet
facet normal -0.0023993216 0.014370935 0.99989384
 outer loop
  vertex -14.610517 -32.59516 -9.687744
  vertex -9.37798 -39.92626 -9.569822
  vertex -10.359299 -32.548073 -9.67822
 endloop
endfacet
facet normal -0.0023991803 0.01437274 0.9998938
 outer loop
  vertex -10.481788 -41.58769 -9.548592
  vertex -10.484731 -41.32127 -9.552428
  vertex -20.367517 -41.43074 -9.574568
 endloop
endfacet
facet normal -0.0023988925 0.014371002 0.9998938
 outer loop
  vertex -20.367517 -41.43074 -9.574568
  vertex -20.266954 -50.535767 -9.443464
  vertex -19.206825 -50.524025 -9.44109
 endloop
endfacet
facet normal -0.0023980956 0.014371103 0.99989384
 outer loop
  vertex -20.367517 -41.43074 -9.574568
  vertex -19.206825 -50.524025 -9.44109
  vertex -19.253292 -46.31687 -9.501669
 endloop
endfacet
facet normal -0.0023986215 0.014371098 0.99989384
 outer loop
  vertex -16.403147 -46.2853 -9.495283
  vertex -16.35668 -50.492455 -9.434704
  vertex -15.235092 -50.48003 -9.432192
 endloop
endfacet
facet normal -0.0023988793 0.014371025 0.99989384
 outer loop
  vertex -16.403147 -46.2853 -9.495283
  vertex -15.235092 -50.48003 -9.432192
  vertex -15.274487 -46.913185 -9.483551
 endloop
endfacet
facet normal -0.00239938 0.014372618 0.9998939
 outer loop
  vertex -10.423561 -46.85945 -9.472683
  vertex -10.428292 -46.431046 -9.478852
  vertex -15.274487 -46.913185 -9.483551
 endloop
endfacet
facet normal -0.0023989796 0.01437144 0.99989384
 outer loop
  vertex -9.299512 -47.030647 -9.4675255
  vertex -7.290873 -47.0084 -9.463026
  vertex -9.306272 -46.418617 -9.476338
 endloop
endfacet
facet normal -0.0023992748 0.014371159 0.99989384
 outer loop
  vertex -7.290873 -47.0084 -9.463026
  vertex -7.2485027 -50.84464 -9.407787
  vertex 0.78036237 -50.755703 -9.3898
 endloop
endfacet
facet normal -0.0023993463 0.014371004 0.9998938
 outer loop
  vertex -7.290873 -47.0084 -9.463026
  vertex 0.78036237 -50.755703 -9.3898
  vertex 0.73526347 -46.67238 -9.448596
 endloop
endfacet
facet normal -0.0023992257 0.014371119 0.9998939
 outer loop
  vertex 0.73526347 -46.67238 -9.448596
  vertex 6.8222966 -46.60495 -9.434959
  vertex 6.7150903 -36.898354 -9.574726
 endloop
endfacet
facet normal -0.0023958732 0.014369069 0.9998939
 outer loop
  vertex 0.73526347 -46.67238 -9.448596
  vertex 6.7150903 -36.898354 -9.574726
  vertex 6.628375 -36.606415 -9.579129
 endloop
endfacet
facet normal -0.00239942 0.014371564 0.9998939
 outer loop
  vertex 6.7150903 -36.898354 -9.574726
  vertex 11.321129 -36.847336 -9.564406
  vertex 11.317894 -36.55447 -9.568624
 endloop
endfacet
facet normal -0.0023991603 0.014368091 0.99989384
 outer loop
  vertex 6.7150903 -36.898354 -9.574726
  vertex 11.317894 -36.55447 -9.568624
  vertex 6.628375 -36.606415 -9.579129
 endloop
endfacet
facet normal -0.0023992376 0.01437099 0.99989384
 outer loop
  vertex 11.272544 -32.448338 -9.6277485
  vertex 11.224262 -28.076834 -9.690694
  vertex 10.13534 -28.088896 -9.693133
 endloop
endfacet
facet normal -0.0023986686 0.01437114 0.99989384
 outer loop
  vertex 11.272544 -32.448338 -9.6277485
  vertex 10.13534 -28.088896 -9.693133
  vertex 10.166777 -30.935316 -9.652147
 endloop
endfacet
facet normal -0.0023991894 0.01437076 0.99989384
 outer loop
  vertex 6.583024 -32.500282 -9.638254
  vertex 11.272544 -32.448338 -9.6277485
  vertex 10.166777 -30.935316 -9.652147
 endloop
endfacet
facet normal -0.0023992592 0.01437092 0.9998939
 outer loop
  vertex 6.583024 -32.500282 -9.638254
  vertex 10.166777 -30.935316 -9.652147
  vertex 2.66742 -31.018387 -9.668948
 endloop
endfacet
facet normal -0.0023989973 0.014371136 0.99989384
 outer loop
  vertex 2.635982 -28.171967 -9.709934
  vertex 1.559288 -28.183893 -9.712346
  vertex 2.66742 -31.018387 -9.668948
 endloop
endfacet
facet normal -0.0023992874 0.014371157 0.99989384
 outer loop
  vertex -13.594057 -16.533792 -9.916148
  vertex -24.973522 -17.004827 -9.936684
  vertex -24.942253 -19.83601 -9.895917
 endloop
endfacet
facet normal -0.00239929 0.014371164 0.9998938
 outer loop
  vertex -13.594057 -16.533792 -9.916148
  vertex -24.942253 -19.83601 -9.895917
  vertex -17.761166 -20.889277 -9.863547
 endloop
endfacet
facet normal -0.0023991435 0.014371023 0.9998938
 outer loop
  vertex -13.594057 -16.533792 -9.916148
  vertex -17.761166 -20.889277 -9.863547
  vertex -9.324568 -24.147778 -9.796472
 endloop
endfacet
facet normal -0.0023991566 0.014371018 0.9998938
 outer loop
  vertex -13.594057 -16.533792 -9.916148
  vertex -9.324568 -24.147778 -9.796472
  vertex -9.388591 -18.35104 -9.879939
 endloop
endfacet
facet normal -0.0023992308 0.014371008 0.99989384
 outer loop
  vertex -9.608516 1.5612123 -10.1666565
  vertex -21.906813 -0.6250869 -10.164743
  vertex -21.86984 -3.9727085 -10.116541
 endloop
endfacet
facet normal -0.0023992106 0.014370963 0.99989384
 outer loop
  vertex -9.608516 1.5612123 -10.1666565
  vertex -21.86984 -3.9727085 -10.116541
  vertex -13.715436 -5.543931 -10.074392
 endloop
endfacet
facet normal -0.0023993067 0.014371016 0.99989384
 outer loop
  vertex -9.388591 -18.35104 -9.879939
  vertex -9.608516 1.5612123 -10.1666565
  vertex -13.715436 -5.543931 -10.074392
 endloop
endfacet
facet normal -0.0023991277 0.014371075 0.99989384
 outer loop
  vertex -9.388591 -18.35104 -9.879939
  vertex -13.715436 -5.543931 -10.074392
  vertex -13.594057 -16.533792 -9.916148
 endloop
endfacet
facet normal -0.002399193 0.014371018 0.99989384
 outer loop
  vertex -8.349452 -18.339529 -9.877611
  vertex -9.388591 -18.35104 -9.879939
  vertex -9.324568 -24.147778 -9.796472
 endloop
endfacet
facet normal -0.0024001123 0.0143711725 0.99989384
 outer loop
  vertex -8.349452 -18.339529 -9.877611
  vertex -9.324568 -24.147778 -9.796472
  vertex -8.285429 -24.136267 -9.794143
 endloop
endfacet
facet normal 0.0023992339 -0.014371052 -0.99989384
 outer loop
  vertex 5.4573965 -6.4589424 -10.015236
  vertex 8.529424 -4.367714 -10.037921
  vertex 5.5890703 -18.380898 -9.843571
 endloop
endfacet
facet normal -0.0023992737 0.014371062 0.9998939
 outer loop
  vertex 8.529424 -4.367714 -10.037921
  vertex -8.349452 -18.339529 -9.877611
  vertex 5.5890703 -18.380898 -9.843571
 endloop
endfacet
facet normal -0.0023992732 0.014371208 0.99989384
 outer loop
  vertex 5.5890703 -18.380898 -9.843571
  vertex -8.349452 -18.339529 -9.877611
  vertex 2.5500267 -20.389437 -9.821995
 endloop
endfacet
facet normal -0.0023992944 0.014371092 0.99989384
 outer loop
  vertex 1.4980482 -22.639147 -9.792185
  vertex 2.5500267 -20.389437 -9.821995
  vertex -8.349452 -18.339529 -9.877611
 endloop
endfacet
facet normal -0.0023992562 0.014371182 0.99989384
 outer loop
  vertex 1.4980482 -22.639147 -9.792185
  vertex -8.349452 -18.339529 -9.877611
  vertex -8.285429 -24.136267 -9.794143
 endloop
endfacet
facet normal -0.002399223 0.014370963 0.99989384
 outer loop
  vertex 1.559288 -28.183893 -9.712346
  vertex 1.4980482 -22.639147 -9.792185
  vertex -8.285429 -24.136267 -9.794143
 endloop
endfacet
facet normal -0.0023992038 0.014371008 0.99989384
 outer loop
  vertex 1.559288 -28.183893 -9.712346
  vertex -8.285429 -24.136267 -9.794143
  vertex -8.225263 -29.583834 -9.715703
 endloop
endfacet
facet normal -0.0023992101 0.014371051 0.99989384
 outer loop
  vertex 2.66742 -31.018387 -9.668948
  vertex 1.559288 -28.183893 -9.712346
  vertex -8.225263 -29.583834 -9.715703
 endloop
endfacet
facet normal -0.00239921 0.014371051 0.99989384
 outer loop
  vertex 2.66742 -31.018387 -9.668948
  vertex -8.225263 -29.583834 -9.715703
  vertex -10.359299 -32.548073 -9.67822
 endloop
endfacet
facet normal -0.0023991708 0.014371155 0.99989384
 outer loop
  vertex 6.583024 -32.500282 -9.638254
  vertex 2.66742 -31.018387 -9.668948
  vertex 6.628375 -36.606415 -9.579129
 endloop
endfacet
facet normal -0.0023991987 0.014370953 0.99989384
 outer loop
  vertex 2.66742 -31.018387 -9.668948
  vertex -10.359299 -32.548073 -9.67822
  vertex -9.37798 -39.92626 -9.569822
 endloop
endfacet
facet normal -0.0023992872 0.014371072 0.99989384
 outer loop
  vertex 2.66742 -31.018387 -9.668948
  vertex -9.37798 -39.92626 -9.569822
  vertex 6.628375 -36.606415 -9.579129
 endloop
endfacet
facet normal -0.0023992856 0.014371064 0.99989384
 outer loop
  vertex 0.73526347 -46.67238 -9.448596
  vertex 6.628375 -36.606415 -9.579129
  vertex -9.37798 -39.92626 -9.569822
 endloop
endfacet
facet normal -0.0023993454 0.014370976 0.9998939
 outer loop
  vertex 0.73526347 -46.67238 -9.448596
  vertex -9.37798 -39.92626 -9.569822
  vertex -7.290873 -47.0084 -9.463026
 endloop
endfacet
facet normal -0.002397959 0.014371385 0.99989384
 outer loop
  vertex -7.290873 -47.0084 -9.463026
  vertex -9.37798 -39.92626 -9.569822
  vertex -9.359767 -41.57526 -9.546078
 endloop
endfacet
facet normal -0.0023991251 0.01437094 0.99989384
 outer loop
  vertex -7.290873 -47.0084 -9.463026
  vertex -9.359767 -41.57526 -9.546078
  vertex -9.306272 -46.418617 -9.476338
 endloop
endfacet
facet normal -0.002399443 0.014370937 0.99989384
 outer loop
  vertex -9.306272 -46.418617 -9.476338
  vertex -9.359767 -41.57526 -9.546078
  vertex -10.481788 -41.58769 -9.548592
 endloop
endfacet
facet normal -0.0023994383 0.014370938 0.99989384
 outer loop
  vertex -9.306272 -46.418617 -9.476338
  vertex -10.481788 -41.58769 -9.548592
  vertex -10.428292 -46.431046 -9.478852
 endloop
endfacet
facet normal -0.0023992131 0.01437094 0.99989384
 outer loop
  vertex -15.274487 -46.913185 -9.483551
  vertex -10.428292 -46.431046 -9.478852
  vertex -10.481788 -41.58769 -9.548592
 endloop
endfacet
facet normal -0.0023990218 0.01437077 0.99989384
 outer loop
  vertex -15.274487 -46.913185 -9.483551
  vertex -10.481788 -41.58769 -9.548592
  vertex -16.403147 -46.2853 -9.495283
 endloop
endfacet
facet normal -0.0023994683 0.014371329 0.9998939
 outer loop
  vertex -16.403147 -46.2853 -9.495283
  vertex -10.481788 -41.58769 -9.548592
  vertex -19.253292 -46.31687 -9.501669
 endloop
endfacet
facet normal -0.0023992104 0.014370852 0.9998939
 outer loop
  vertex -10.481788 -41.58769 -9.548592
  vertex -20.367517 -41.43074 -9.574568
  vertex -19.253292 -46.31687 -9.501669
 endloop
endfacet
facet normal -0.011042862 0.9998353 -0.014396692
 outer loop
  vertex -2.5488832 -1.5765278 -10.10462
  vertex -2.5845056 -1.3631564 4.741127
  vertex 8.46162 -1.2407992 4.7658734
 endloop
endfacet
facet normal -0.01104286 0.9998353 -0.014396692
 outer loop
  vertex -2.5488832 -1.5765278 -10.10462
  vertex 8.46162 -1.2407992 4.7658734
  vertex 8.497243 -1.4541706 -10.079873
 endloop
endfacet
facet normal 0 0 0
 outer loop
  vertex -2.516704 -4.490071 -10.062667
  vertex -2.5523264 -4.276699 4.783079
  vertex -2.5523264 -4.276699 4.783079
 endloop
endfacet
endsolid 
