solid 
facet normal 0.99967563 0.025472088 0
 outer loop
  vertex -17.46261 -16.6249 -10.37643
  vertex -17.694572 -7.5213304 -10.37643
  vertex -17.694572 -7.5213304 6.1996217
 endloop
endfacet
facet normal 0.9996756 0.025472008 4.4872774e-08
 outer loop
  vertex -17.46261 -16.6249 -10.37643
  vertex -17.694572 -7.5213304 6.1996217
  vertex -17.45995 -16.729353 5.770012
 endloop
endfacet
facet normal 0.02547205 -0.9996756 0
 outer loop
  vertex -17.694572 -7.5213304 -10.37643
  vertex -7.81436 -7.2695794 -10.37643
  vertex -7.81436 -7.2695794 5.651001
 endloop
endfacet
facet normal 0.02547205 -0.9996755 0
 outer loop
  vertex -17.694572 -7.5213304 -10.37643
  vertex -7.81436 -7.2695794 5.651001
  vertex -17.694572 -7.5213304 6.1996217
 endloop
endfacet
facet normal -0.9996755 -0.025471924 -0
 outer loop
  vertex -7.81436 -7.2695794 -10.37643
  vertex -7.807573 -7.535955 -10.37643
  vertex -7.807573 -7.535955 4.7721834
 endloop
endfacet
facet normal -0.9996755 -0.025471924 0
 outer loop
  vertex -7.81436 -7.2695794 -10.37643
  vertex -7.807573 -7.535955 4.7721834
  vertex -7.81436 -7.2695794 5.651001
 endloop
endfacet
facet normal -0.9996755 -0.025472142 6.496398e-08
 outer loop
  vertex -7.5823975 -16.37315 5.530281
  vertex -7.81436 -7.2695794 5.651001
  vertex -7.807573 -7.535955 4.7721834
 endloop
endfacet
facet normal -0.9996756 -0.025472282 -1.5581539e-06
 outer loop
  vertex -7.5823975 -16.37315 5.530281
  vertex -7.807573 -7.535955 4.7721834
  vertex -7.684181 -12.378536 4.7721853
 endloop
endfacet
facet normal -0.9996755 -0.025471983 -0
 outer loop
  vertex -7.5823975 -16.37315 -3.893089
  vertex -7.5823975 -16.37315 5.530281
  vertex -7.684181 -12.378536 4.7721853
 endloop
endfacet
facet normal -0.9996756 -0.025472067 4.0250235e-08
 outer loop
  vertex -7.5823975 -16.37315 -3.893089
  vertex -7.684181 -12.378536 4.7721853
  vertex -7.6732674 -12.806874 -3.893089
 endloop
endfacet
facet normal -0.9996756 -0.025471257 0
 outer loop
  vertex -7.684181 -12.378536 4.7721853
  vertex -7.684181 -12.378536 -10.37643
  vertex -7.6732674 -12.806874 -10.37643
 endloop
endfacet
facet normal -0.9996756 -0.025471257 -0
 outer loop
  vertex -7.684181 -12.378536 4.7721853
  vertex -7.6732674 -12.806874 -10.37643
  vertex -7.6732674 -12.806874 -3.893089
 endloop
endfacet
facet normal 0.025472011 -0.9996756 0
 outer loop
  vertex -25.047369 6.9616385 -3.7141004
  vertex -25.047369 6.9616385 -6.8870177
  vertex -15.841575 7.1962047 -6.8870177
 endloop
endfacet
facet normal 0.025472013 -0.9996756 0
 outer loop
  vertex -25.047369 6.9616385 -3.7141004
  vertex -15.841575 7.1962047 -6.8870177
  vertex -15.841575 7.1962047 -3.7141
 endloop
endfacet
facet normal 0.025472043 -0.9996755 3.2722443e-09
 outer loop
  vertex -0.37871027 29.676306 -10.37643
  vertex 10.664539 29.957691 -10.37643
  vertex 10.664537 29.957691 4.4708934
 endloop
endfacet
facet normal 0.025472049 -0.9996755 0
 outer loop
  vertex -0.37871027 29.676306 -10.37643
  vertex 10.664537 29.957691 4.4708934
  vertex -0.37871027 29.676306 4.4708934
 endloop
endfacet
facet normal 0.9996756 0.025472015 2.5591615e-09
 outer loop
  vertex -6.6858444 -7.5073733 -10.37643
  vertex -6.7278547 -5.8586354 -10.37643
  vertex -6.7278547 -5.8586373 8.60792
 endloop
endfacet
facet normal 0.9996756 0.025472043 0
 outer loop
  vertex -6.6858444 -7.5073733 -10.37643
  vertex -6.7278547 -5.8586373 8.60792
  vertex -6.6858444 -7.5073733 4.7721844
 endloop
endfacet
facet normal 0.9996755 0.02547219 -6.17742e-08
 outer loop
  vertex -6.6858444 -7.5073733 4.7721844
  vertex -6.7278547 -5.8586373 8.60792
  vertex -6.449127 -16.797512 8.60792
 endloop
endfacet
facet normal 0.9996755 0.025472382 4.1060486e-07
 outer loop
  vertex -6.6858444 -7.5073733 4.7721844
  vertex -6.449127 -16.797512 8.60792
  vertex -6.5624523 -12.349954 4.7721863
 endloop
endfacet
facet normal 0.9996755 0.025472032 -0
 outer loop
  vertex -6.5624523 -12.349954 4.7721863
  vertex -6.449127 -16.797512 8.60792
  vertex -6.449127 -16.797512 -4.065804
 endloop
endfacet
facet normal 0.9996756 0.025472062 -1.406175e-08
 outer loop
  vertex -6.5624523 -12.349954 4.7721863
  vertex -6.449127 -16.797512 -4.065804
  vertex -6.54686 -12.961885 -4.065804
 endloop
endfacet
facet normal 0.9996755 0.025471857 -0
 outer loop
  vertex -6.54686 -12.961885 -4.065804
  vertex -6.54686 -12.961885 -10.37643
  vertex -6.5624523 -12.349954 -10.37643
 endloop
endfacet
facet normal 0.9996755 0.025471857 0
 outer loop
  vertex -6.54686 -12.961885 -4.065804
  vertex -6.5624523 -12.349954 -10.37643
  vertex -6.5624523 -12.349954 4.7721863
 endloop
endfacet
facet normal -0.02547202 0.9996755 0
 outer loop
  vertex 3.481733 -12.459149 -10.37643
  vertex 3.481733 -12.459149 -4.517662
  vertex 9.567177 -12.3040905 -4.517662
 endloop
endfacet
facet normal -0.025472004 0.9996755 -1.6585055e-08
 outer loop
  vertex 3.481733 -12.459149 -10.37643
  vertex 9.567177 -12.3040905 -4.517662
  vertex 9.567181 -12.3040905 -10.37643
 endloop
endfacet
facet normal -0.9996756 -0.025472049 -0
 outer loop
  vertex 3.5857608 -16.54182 -10.37643
  vertex 3.5857608 -16.54182 -4.517662
  vertex 3.481733 -12.459149 -4.517662
 endloop
endfacet
facet normal -0.9996756 -0.025472049 0
 outer loop
  vertex 3.5857608 -16.54182 -10.37643
  vertex 3.481733 -12.459149 -4.517662
  vertex 3.481733 -12.459149 -10.37643
 endloop
endfacet
facet normal 0 -0 1
 outer loop
  vertex 9.567177 -12.3040905 -4.517662
  vertex 3.481733 -12.459149 -4.517662
  vertex 3.5857608 -16.54182 -4.517662
 endloop
endfacet
facet normal 0 -0 1
 outer loop
  vertex 9.567177 -12.3040905 -4.517662
  vertex 3.5857608 -16.54182 -4.517662
  vertex 14.276043 -16.269428 -4.517662
 endloop
endfacet
facet normal 0 0 1
 outer loop
  vertex 9.567177 -12.3040905 -4.517662
  vertex 14.276043 -16.269428 -4.517662
  vertex 13.924727 -2.481711 -4.517662
 endloop
endfacet
facet normal -0 0 1
 outer loop
  vertex 9.567177 -12.3040905 -4.517662
  vertex 13.924727 -2.481711 -4.517662
  vertex 9.319889 -2.5990436 -4.517662
 endloop
endfacet
facet normal -0.025472041 0.9996755 2.409604e-08
 outer loop
  vertex 9.319893 -2.5990434 -10.37643
  vertex 9.319889 -2.5990436 -4.517662
  vertex 13.924727 -2.481711 -4.517662
 endloop
endfacet
facet normal -0.025472037 0.9996755 2.409604e-08
 outer loop
  vertex 9.319893 -2.5990434 -10.37643
  vertex 13.924727 -2.481711 -4.517662
  vertex 13.924731 -2.4817107 -10.37643
 endloop
endfacet
facet normal -0.9996755 -0.025472058 -6.508979e-07
 outer loop
  vertex 9.567181 -12.3040905 -10.37643
  vertex 9.567177 -12.3040905 -4.517662
  vertex 9.319889 -2.5990436 -4.517662
 endloop
endfacet
facet normal -0.9996755 -0.02547206 -6.519345e-07
 outer loop
  vertex 9.567181 -12.3040905 -10.37643
  vertex 9.319889 -2.5990436 -4.517662
  vertex 9.319893 -2.5990434 -10.37643
 endloop
endfacet
facet normal 0 -0 -1
 outer loop
  vertex 3.6657794 -16.539782 0.7262741
  vertex 3.6108334 -14.38337 0.7262741
  vertex 11.754539 -14.175866 0.7262741
 endloop
endfacet
facet normal -0 0 -1
 outer loop
  vertex 3.6657794 -16.539782 0.7262741
  vertex 11.754539 -14.175866 0.7262741
  vertex 14.276047 -16.269428 0.7262741
 endloop
endfacet
facet normal 0 0 -1
 outer loop
  vertex 13.926008 -2.531838 0.7262741
  vertex 14.276047 -16.269428 0.7262741
  vertex 11.754539 -14.175866 0.7262741
 endloop
endfacet
facet normal 0 0 -1
 outer loop
  vertex 13.926008 -2.531838 0.7262741
  vertex 11.754539 -14.175866 0.7262741
  vertex 11.459446 -2.5946867 0.7262741
 endloop
endfacet
facet normal -0.025471605 0.9996755 0
 outer loop
  vertex -6.449127 -16.797512 -4.065804
  vertex -6.449127 -16.797512 8.60792
  vertex -4.4410114 -16.746346 -4.065804
 endloop
endfacet
facet normal -0.025471995 0.9996755 -6.2284194e-08
 outer loop
  vertex -4.4410114 -16.746346 -4.065804
  vertex -6.449127 -16.797512 8.60792
  vertex 3.6657794 -16.539782 8.60792
 endloop
endfacet
facet normal -0.025472095 0.9996756 0
 outer loop
  vertex -4.4410114 -16.746346 -4.065804
  vertex 3.6657794 -16.539782 8.60792
  vertex 3.6657794 -16.539782 0.7262741
 endloop
endfacet
facet normal -0.025472082 0.9996755 1.8529645e-08
 outer loop
  vertex 3.6657794 -16.539782 0.7262741
  vertex 14.276047 -16.269428 0.7262741
  vertex 14.276043 -16.269428 -4.517662
 endloop
endfacet
facet normal -0.025472097 0.9996755 -1.2754806e-08
 outer loop
  vertex 3.6657794 -16.539782 0.7262741
  vertex 14.276043 -16.269428 -4.517662
  vertex 3.5857608 -16.54182 -4.517662
 endloop
endfacet
facet normal -0.025472088 0.9996756 -1.0607895e-08
 outer loop
  vertex 3.6657794 -16.539782 0.7262741
  vertex 3.5857608 -16.54182 -4.517662
  vertex -4.4410114 -16.746346 -4.065804
 endloop
endfacet
facet normal -0.025472084 0.9996755 0
 outer loop
  vertex -4.4410114 -16.746346 -10.37643
  vertex -4.4410114 -16.746346 -4.065804
  vertex 3.5857608 -16.54182 -4.517662
 endloop
endfacet
facet normal -0.025472086 0.9996756 0
 outer loop
  vertex -4.4410114 -16.746346 -10.37643
  vertex 3.5857608 -16.54182 -4.517662
  vertex 3.5857608 -16.54182 -10.37643
 endloop
endfacet
facet normal -0.025472082 0.9996755 0
 outer loop
  vertex -4.5387444 -12.910718 -10.37643
  vertex -6.54686 -12.961885 -10.37643
  vertex -6.54686 -12.961885 -4.065804
 endloop
endfacet
facet normal -0.025472082 0.9996755 0
 outer loop
  vertex -4.5387444 -12.910718 -10.37643
  vertex -6.54686 -12.961885 -4.065804
  vertex -4.5387444 -12.910718 -4.065804
 endloop
endfacet
facet normal 0.99967563 0.025472054 0
 outer loop
  vertex -4.4410114 -16.746346 -10.37643
  vertex -4.5387444 -12.910718 -10.37643
  vertex -4.5387444 -12.910718 -4.065804
 endloop
endfacet
facet normal 0.99967563 0.025472054 0
 outer loop
  vertex -4.4410114 -16.746346 -10.37643
  vertex -4.5387444 -12.910718 -4.065804
  vertex -4.4410114 -16.746346 -4.065804
 endloop
endfacet
facet normal 0 0 1
 outer loop
  vertex -6.54686 -12.961885 -4.065804
  vertex -6.449127 -16.797512 -4.065804
  vertex -4.4410114 -16.746346 -4.065804
 endloop
endfacet
facet normal 0 0 1
 outer loop
  vertex -6.54686 -12.961885 -4.065804
  vertex -4.4410114 -16.746346 -4.065804
  vertex -4.5387444 -12.910718 -4.065804
 endloop
endfacet
facet normal -0.99967545 -0.025472034 -7.805842e-07
 outer loop
  vertex 3.8975773 11.585043 -10.37643
  vertex 4.0388365 6.0411844 -10.37643
  vertex 4.0388327 6.0411835 -5.459918
 endloop
endfacet
facet normal -0.9996756 -0.025472032 -7.760653e-07
 outer loop
  vertex 3.8975773 11.585043 -10.37643
  vertex 4.0388327 6.0411835 -5.459918
  vertex 3.8975735 11.585043 -5.459918
 endloop
endfacet
facet normal 0 0 1
 outer loop
  vertex 3.8975735 11.585043 -5.459918
  vertex 4.0388327 6.0411835 -5.459918
  vertex 13.701288 6.2873855 -5.459918
 endloop
endfacet
facet normal 0 0 1
 outer loop
  vertex 3.8975735 11.585043 -5.459918
  vertex 13.701288 6.2873855 -5.459918
  vertex 13.560029 11.831245 -5.459918
 endloop
endfacet
facet normal 0.025471773 -0.9996756 -1.7414743e-07
 outer loop
  vertex 12.612653 6.259648 -10.37643
  vertex 13.701292 6.2873864 -10.37643
  vertex 13.701288 6.2873855 -5.459918
 endloop
endfacet
facet normal 0.02547084 -0.9996756 3.287796e-08
 outer loop
  vertex 12.612653 6.259648 -10.37643
  vertex 13.701288 6.2873855 -5.459918
  vertex 12.612649 6.259648 -7.4110913
 endloop
endfacet
facet normal 0.025472006 -0.9996756 -6.178778e-07
 outer loop
  vertex 12.612649 6.259648 -7.4110913
  vertex 13.701288 6.2873855 -5.459918
  vertex 4.0388327 6.0411835 -5.459918
 endloop
endfacet
facet normal 0.025472052 -0.9996756 -4.0324377e-07
 outer loop
  vertex 12.612649 6.259648 -7.4110913
  vertex 4.0388327 6.0411835 -5.459918
  vertex 5.1152463 6.0686116 -7.4110913
 endloop
endfacet
facet normal 0.025472466 -0.99967545 -1.7414688e-07
 outer loop
  vertex 5.1152463 6.0686116 -7.4110913
  vertex 4.0388327 6.0411835 -5.459918
  vertex 4.0388365 6.0411844 -10.37643
 endloop
endfacet
facet normal 0.02547191 -0.9996756 2.8584594e-08
 outer loop
  vertex 5.1152463 6.0686116 -7.4110913
  vertex 4.0388365 6.0411844 -10.37643
  vertex 5.1152496 6.0686116 -10.37643
 endloop
endfacet
facet normal -0.02547205 0.9996755 -1.605582e-08
 outer loop
  vertex 12.414383 14.040934 -10.37643
  vertex 4.91698 13.849897 -10.37643
  vertex 4.9169765 13.849897 -5.08102
 endloop
endfacet
facet normal -0.02547205 0.9996755 -1.8009846e-08
 outer loop
  vertex 12.414383 14.040934 -10.37643
  vertex 4.9169765 13.849897 -5.08102
  vertex 12.414379 14.040934 -5.08102
 endloop
endfacet
facet normal -0.02547265 0.9996756 -1.9764103e-08
 outer loop
  vertex 13.560029 11.831245 -5.459918
  vertex 13.560033 11.831245 -10.37643
  vertex 12.471394 11.803506 -10.37643
 endloop
endfacet
facet normal -0.025472589 0.9996755 -3.276868e-08
 outer loop
  vertex 13.560029 11.831245 -5.459918
  vertex 12.471394 11.803506 -10.37643
  vertex 12.47139 11.803506 -7.4110913
 endloop
endfacet
facet normal -0.025472056 0.9996756 -3.3185253e-07
 outer loop
  vertex 3.8975735 11.585043 -5.459918
  vertex 13.560029 11.831245 -5.459918
  vertex 12.47139 11.803506 -7.4110913
 endloop
endfacet
facet normal -0.025472054 0.9996756 -3.3399994e-07
 outer loop
  vertex 3.8975735 11.585043 -5.459918
  vertex 12.47139 11.803506 -7.4110913
  vertex 4.973987 11.61247 -7.4110913
 endloop
endfacet
facet normal -0.025471492 0.9996756 -1.9763206e-08
 outer loop
  vertex 3.8975773 11.585043 -10.37643
  vertex 3.8975735 11.585043 -5.459918
  vertex 4.973987 11.61247 -7.4110913
 endloop
endfacet
facet normal -0.025472354 0.9996756 2.928306e-07
 outer loop
  vertex 3.8975773 11.585043 -10.37643
  vertex 4.973987 11.61247 -7.4110913
  vertex 4.9739904 11.612471 -10.37643
 endloop
endfacet
facet normal 0 0 1
 outer loop
  vertex 5.1735287 3.78126 -7.4110913
  vertex 12.670931 3.972296 -7.4110913
  vertex 12.612649 6.259648 -7.4110913
 endloop
endfacet
facet normal -0 0 1
 outer loop
  vertex 5.1735287 3.78126 -7.4110913
  vertex 12.612649 6.259648 -7.4110913
  vertex 5.1152463 6.0686116 -7.4110913
 endloop
endfacet
facet normal -0 0 1
 outer loop
  vertex 12.47139 11.803506 -7.4110913
  vertex 12.43021 13.4196205 -7.4110913
  vertex 4.932808 13.228584 -7.4110913
 endloop
endfacet
facet normal -0 -0 1
 outer loop
  vertex 12.47139 11.803506 -7.4110913
  vertex 4.932808 13.228584 -7.4110913
  vertex 4.973987 11.61247 -7.4110913
 endloop
endfacet
facet normal 0 0 1
 outer loop
  vertex 5.1877623 3.2226465 -5.08102
  vertex 12.685165 3.4136825 -5.08102
  vertex 12.670931 3.972296 -5.08102
 endloop
endfacet
facet normal -0 0 1
 outer loop
  vertex 5.1877623 3.2226465 -5.08102
  vertex 12.670931 3.972296 -5.08102
  vertex 5.1735287 3.78126 -5.08102
 endloop
endfacet
facet normal 0.9996756 0.025472173 1.2860118e-06
 outer loop
  vertex 12.685169 3.4136827 -10.37643
  vertex 12.612653 6.259648 -10.37643
  vertex 12.612649 6.259648 -7.4110913
 endloop
endfacet
facet normal 0.9996755 0.025471808 1.633973e-06
 outer loop
  vertex 12.685169 3.4136827 -10.37643
  vertex 12.612649 6.259648 -7.4110913
  vertex 12.670931 3.972296 -7.4110913
 endloop
endfacet
facet normal 0.9996755 0.025473645 0
 outer loop
  vertex 12.670931 3.972296 -7.4110913
  vertex 12.670931 3.972296 -5.08102
  vertex 12.685165 3.4136825 -5.08102
 endloop
endfacet
facet normal 0.99967545 0.025476653 7.2129137e-07
 outer loop
  vertex 12.670931 3.972296 -7.4110913
  vertex 12.685165 3.4136825 -5.08102
  vertex 12.685169 3.4136827 -10.37643
 endloop
endfacet
facet normal -0.9996755 -0.025472188 -1.1334523e-06
 outer loop
  vertex 4.91698 13.849897 -10.37643
  vertex 4.9739904 11.612471 -10.37643
  vertex 4.973987 11.61247 -7.4110913
 endloop
endfacet
facet normal -0.9996755 -0.025472092 -1.0615086e-06
 outer loop
  vertex 4.91698 13.849897 -10.37643
  vertex 4.973987 11.61247 -7.4110913
  vertex 4.932808 13.228584 -7.4110913
 endloop
endfacet
facet normal -0.9996756 -0.025472397 -0
 outer loop
  vertex 4.932808 13.228584 -7.4110913
  vertex 4.932808 13.228584 -5.08102
  vertex 4.9169765 13.849897 -5.08102
 endloop
endfacet
facet normal -0.99967563 -0.025470033 -6.3012635e-07
 outer loop
  vertex 4.932808 13.228584 -7.4110913
  vertex 4.9169765 13.849897 -5.08102
  vertex 4.91698 13.849897 -10.37643
 endloop
endfacet
facet normal -0 0 1
 outer loop
  vertex 12.43021 13.4196205 -5.08102
  vertex 12.414379 14.040934 -5.08102
  vertex 4.9169765 13.849897 -5.08102
 endloop
endfacet
facet normal -0 -0 1
 outer loop
  vertex 12.43021 13.4196205 -5.08102
  vertex 4.9169765 13.849897 -5.08102
  vertex 4.932808 13.228584 -5.08102
 endloop
endfacet
facet normal -0.025472023 0.9996755 0
 outer loop
  vertex 5.1735287 3.78126 -5.08102
  vertex 12.670931 3.972296 -5.08102
  vertex 12.670931 3.972296 -7.4110913
 endloop
endfacet
facet normal -0.025472023 0.9996755 0
 outer loop
  vertex 5.1735287 3.78126 -5.08102
  vertex 12.670931 3.972296 -7.4110913
  vertex 5.1735287 3.78126 -7.4110913
 endloop
endfacet
facet normal -0.9996755 -0.025471942 -6.3012635e-07
 outer loop
  vertex 5.1877656 3.2226465 -10.37643
  vertex 5.1877623 3.2226465 -5.08102
  vertex 5.1735287 3.78126 -5.08102
 endloop
endfacet
facet normal -0.99967545 -0.02547791 0
 outer loop
  vertex 5.1877656 3.2226465 -10.37643
  vertex 5.1735287 3.78126 -5.08102
  vertex 5.1735287 3.78126 -7.4110913
 endloop
endfacet
facet normal -0.9996756 -0.025472006 -1.1133524e-06
 outer loop
  vertex 5.1152496 6.0686116 -10.37643
  vertex 5.1877656 3.2226465 -10.37643
  vertex 5.1735287 3.78126 -7.4110913
 endloop
endfacet
facet normal -0.9996755 -0.02547202 -1.1244547e-06
 outer loop
  vertex 5.1152496 6.0686116 -10.37643
  vertex 5.1735287 3.78126 -7.4110913
  vertex 5.1152463 6.0686116 -7.4110913
 endloop
endfacet
facet normal 0.025472049 -0.9996755 -2.6659515e-08
 outer loop
  vertex 5.1877656 3.2226465 -10.37643
  vertex 12.685169 3.4136827 -10.37643
  vertex 12.685165 3.4136825 -5.08102
 endloop
endfacet
facet normal 0.02547202 -0.9996755 1.5008204e-08
 outer loop
  vertex 5.1877656 3.2226465 -10.37643
  vertex 12.685165 3.4136825 -5.08102
  vertex 5.1877623 3.2226465 -5.08102
 endloop
endfacet
facet normal 0.9996755 0.025471628 7.201443e-07
 outer loop
  vertex 12.414383 14.040934 -10.37643
  vertex 12.414379 14.040934 -5.08102
  vertex 12.43021 13.4196205 -5.08102
 endloop
endfacet
facet normal 0.99967575 0.025465498 -0
 outer loop
  vertex 12.414383 14.040934 -10.37643
  vertex 12.43021 13.4196205 -5.08102
  vertex 12.43021 13.4196205 -7.4110913
 endloop
endfacet
facet normal 0.9996755 0.025472177 1.4004464e-06
 outer loop
  vertex 12.471394 11.803506 -10.37643
  vertex 12.414383 14.040934 -10.37643
  vertex 12.43021 13.4196205 -7.4110913
 endloop
endfacet
facet normal 0.9996755 0.025472386 1.2868654e-06
 outer loop
  vertex 12.471394 11.803506 -10.37643
  vertex 12.43021 13.4196205 -7.4110913
  vertex 12.47139 11.803506 -7.4110913
 endloop
endfacet
facet normal 0.025472054 -0.9996755 0
 outer loop
  vertex 12.43021 13.4196205 -7.4110913
  vertex 12.43021 13.4196205 -5.08102
  vertex 4.932808 13.228584 -5.08102
 endloop
endfacet
facet normal 0.025472054 -0.9996755 0
 outer loop
  vertex 12.43021 13.4196205 -7.4110913
  vertex 4.932808 13.228584 -5.08102
  vertex 4.932808 13.228584 -7.4110913
 endloop
endfacet
facet normal 0.9996755 0.025472054 0
 outer loop
  vertex -5.4834995 17.885895 -4.0349903
  vertex -5.6993017 26.35526 -4.0349903
  vertex -5.6993017 26.35526 0.87709075
 endloop
endfacet
facet normal 0.9996755 0.025472054 0
 outer loop
  vertex -5.4834995 17.885895 -4.0349903
  vertex -5.6993017 26.35526 0.87709075
  vertex -5.4834995 17.885895 0.87709075
 endloop
endfacet
facet normal 0 0 -1
 outer loop
  vertex -5.4834995 17.885895 -4.0349903
  vertex -6.0652122 17.87107 -4.0349903
  vertex -6.2810144 26.340439 -4.0349903
 endloop
endfacet
facet normal 0 -0 -1
 outer loop
  vertex -5.4834995 17.885895 -4.0349903
  vertex -6.2810144 26.340439 -4.0349903
  vertex -5.6993017 26.35526 -4.0349903
 endloop
endfacet
facet normal -0.025471674 0.9996755 0
 outer loop
  vertex -5.6993017 26.35526 -4.0349903
  vertex -6.2810144 26.340439 -4.0349903
  vertex -6.2810144 26.340439 0.87709075
 endloop
endfacet
facet normal -0.025471674 0.9996755 0
 outer loop
  vertex -5.6993017 26.35526 -4.0349903
  vertex -6.2810144 26.340439 0.87709075
  vertex -5.6993017 26.35526 0.87709075
 endloop
endfacet
facet normal 0 -0 1
 outer loop
  vertex -5.6993017 26.35526 0.87709075
  vertex -6.2810144 26.340439 0.87709075
  vertex -6.0652122 17.87107 0.87709075
 endloop
endfacet
facet normal 0 -0 1
 outer loop
  vertex -5.6993017 26.35526 0.87709075
  vertex -6.0652122 17.87107 0.87709075
  vertex -5.4834995 17.885895 0.87709075
 endloop
endfacet
facet normal 0.025474949 -0.99967545 0
 outer loop
  vertex -5.4834995 17.885895 -4.0349903
  vertex -5.4834995 17.885895 0.87709075
  vertex -6.0652122 17.87107 0.87709075
 endloop
endfacet
facet normal 0.025474949 -0.99967545 0
 outer loop
  vertex -5.4834995 17.885895 -4.0349903
  vertex -6.0652122 17.87107 0.87709075
  vertex -6.0652122 17.87107 -4.0349903
 endloop
endfacet
facet normal -0.9996755 -0.0254721 -3.5698352e-07
 outer loop
  vertex -14.468454 7.852382 -10.37643
  vertex -14.377426 4.279898 -10.37643
  vertex -14.377428 4.279898 -5.0352035
 endloop
endfacet
facet normal -0.9996755 -0.0254721 -3.5598586e-07
 outer loop
  vertex -14.468454 7.852382 -10.37643
  vertex -14.377428 4.279898 -5.0352035
  vertex -14.468456 7.852382 -5.0352035
 endloop
endfacet
facet normal 0.025472041 -0.9996755 0
 outer loop
  vertex -22.037315 5.917651 3.2734084
  vertex -8.554309 6.2612023 3.2734084
  vertex -8.554309 6.2612023 3.6492937
 endloop
endfacet
facet normal 0.025472041 -0.9996755 0
 outer loop
  vertex -22.037315 5.917651 3.2734084
  vertex -8.554309 6.2612023 3.6492937
  vertex -22.037315 5.917651 3.6492937
 endloop
endfacet
facet normal -0 0 1
 outer loop
  vertex -5.724523 4.5003767 -5.0352035
  vertex -5.815551 8.072861 -5.0352035
  vertex -14.468456 7.852382 -5.0352035
 endloop
endfacet
facet normal -0 -0 1
 outer loop
  vertex -5.724523 4.5003767 -5.0352035
  vertex -14.468456 7.852382 -5.0352035
  vertex -14.377428 4.279898 -5.0352035
 endloop
endfacet
facet normal 0.02547196 -0.9996756 9.096021e-09
 outer loop
  vertex -14.377428 4.279898 -5.0352035
  vertex -14.377426 4.279898 -10.37643
  vertex -12.140578 4.3368936 -10.37643
 endloop
endfacet
facet normal 0.02547195 -0.99967545 6.4357866e-09
 outer loop
  vertex -14.377428 4.279898 -5.0352035
  vertex -12.140578 4.3368936 -10.37643
  vertex -12.140579 4.3368936 -6.601919
 endloop
endfacet
facet normal 0.025472024 -0.9996755 1.07684485e-07
 outer loop
  vertex -5.724523 4.5003767 -5.0352035
  vertex -14.377428 4.279898 -5.0352035
  vertex -12.140579 4.3368936 -6.601919
 endloop
endfacet
facet normal 0.025472011 -0.9996756 1.6107244e-07
 outer loop
  vertex -5.724523 4.5003767 -5.0352035
  vertex -12.140579 4.3368936 -6.601919
  vertex -7.890468 4.4451876 -6.601919
 endloop
endfacet
facet normal 0.025472127 -0.9996756 0
 outer loop
  vertex -5.724523 4.5003767 -10.37643
  vertex -5.724523 4.5003767 -5.0352035
  vertex -7.890468 4.4451876 -6.601919
 endloop
endfacet
facet normal 0.025472127 -0.99967545 0
 outer loop
  vertex -5.724523 4.5003767 -10.37643
  vertex -7.890468 4.4451876 -6.601919
  vertex -7.890468 4.4451876 -10.37643
 endloop
endfacet
facet normal 0.025472017 -0.9996756 1.3923268e-08
 outer loop
  vertex -15.509824 -5.823706 -6.8870177
  vertex -24.715616 -6.0582724 -6.8870177
  vertex -24.715614 -6.0582724 -10.37643
 endloop
endfacet
facet normal 0.025472023 -0.9996756 0
 outer loop
  vertex -15.509824 -5.823706 -6.8870177
  vertex -24.715614 -6.0582724 -10.37643
  vertex -15.509824 -5.823706 -10.37643
 endloop
endfacet
facet normal 0.9996755 0.025472084 0
 outer loop
  vertex -7.815562 1.5054189 -10.37643
  vertex -7.890468 4.4451876 -10.37643
  vertex -7.890468 4.4451876 -6.601919
 endloop
endfacet
facet normal 0.9996755 0.025472112 -1.9574628e-08
 outer loop
  vertex -7.815562 1.5054189 -10.37643
  vertex -7.890468 4.4451876 -6.601919
  vertex -7.8390956 2.4290273 -6.601919
 endloop
endfacet
facet normal 0.9996756 0.025472034 -0
 outer loop
  vertex -7.815562 1.5054189 -4.584119
  vertex -7.815562 1.5054189 -10.37643
  vertex -7.8390956 2.4290273 -6.601919
 endloop
endfacet
facet normal 0.9996756 0.025472034 0
 outer loop
  vertex -7.815562 1.5054189 -4.584119
  vertex -7.8390956 2.4290273 -6.601919
  vertex -7.8390956 2.4290273 -4.584119
 endloop
endfacet
facet normal 0 -0 1
 outer loop
  vertex -7.890468 4.4451876 -6.601919
  vertex -12.140579 4.3368936 -6.601919
  vertex -12.089207 2.320733 -6.601919
 endloop
endfacet
facet normal 0 -0 1
 outer loop
  vertex -7.890468 4.4451876 -6.601919
  vertex -12.089207 2.320733 -6.601919
  vertex -7.8390956 2.4290273 -6.601919
 endloop
endfacet
facet normal 0 -0 1
 outer loop
  vertex -7.8390956 2.4290273 -4.584119
  vertex -12.089207 2.320733 -4.584119
  vertex -12.065673 1.3971248 -4.584119
 endloop
endfacet
facet normal 0 -0 1
 outer loop
  vertex -7.8390956 2.4290273 -4.584119
  vertex -12.065673 1.3971248 -4.584119
  vertex -7.815562 1.5054189 -4.584119
 endloop
endfacet
facet normal -0.025472065 0.9996755 0
 outer loop
  vertex -7.8390956 2.4290273 -6.601919
  vertex -12.089207 2.320733 -6.601919
  vertex -12.089207 2.320733 -4.584119
 endloop
endfacet
facet normal -0.025472065 0.9996755 0
 outer loop
  vertex -7.8390956 2.4290273 -6.601919
  vertex -12.089207 2.320733 -4.584119
  vertex -7.8390956 2.4290273 -4.584119
 endloop
endfacet
facet normal -0.9996756 -0.025472037 -1.6459147e-07
 outer loop
  vertex -12.065672 1.3971248 -10.37643
  vertex -12.065673 1.3971248 -4.584119
  vertex -12.089207 2.320733 -4.584119
 endloop
endfacet
facet normal -0.99967545 -0.02547307 0
 outer loop
  vertex -12.065672 1.3971248 -10.37643
  vertex -12.089207 2.320733 -4.584119
  vertex -12.089207 2.320733 -6.601919
 endloop
endfacet
facet normal -0.9996755 -0.025472084 -2.409738e-07
 outer loop
  vertex -12.140578 4.3368936 -10.37643
  vertex -12.065672 1.3971248 -10.37643
  vertex -12.089207 2.320733 -6.601919
 endloop
endfacet
facet normal -0.9996755 -0.025472108 -2.5251265e-07
 outer loop
  vertex -12.140578 4.3368936 -10.37643
  vertex -12.089207 2.320733 -6.601919
  vertex -12.140579 4.3368936 -6.601919
 endloop
endfacet
facet normal 0.02547204 -0.9996756 4.193841e-09
 outer loop
  vertex -7.815562 1.5054189 -4.584119
  vertex -12.065673 1.3971248 -4.584119
  vertex -12.065672 1.3971248 -10.37643
 endloop
endfacet
facet normal 0.025472043 -0.99967545 0
 outer loop
  vertex -7.815562 1.5054189 -4.584119
  vertex -12.065672 1.3971248 -10.37643
  vertex -7.815562 1.5054189 -10.37643
 endloop
endfacet
facet normal -5.17639e-08 -1.3189441e-09 1
 outer loop
  vertex -15.857393 7.8169913 -3.7141
  vertex -25.063187 7.582425 -3.7141004
  vertex -25.047369 6.9616385 -3.7141004
 endloop
endfacet
facet normal -5.1763895e-08 -1.3190233e-09 1
 outer loop
  vertex -15.857393 7.8169913 -3.7141
  vertex -25.047369 6.9616385 -3.7141004
  vertex -15.841575 7.1962047 -3.7141
 endloop
endfacet
facet normal 0.9996756 0.025472006 -0
 outer loop
  vertex -15.841575 7.1962047 -6.8870177
  vertex -15.509824 -5.823706 -6.8870177
  vertex -15.509824 -5.823706 -10.37643
 endloop
endfacet
facet normal 0.9996755 0.025472062 -2.1030986e-07
 outer loop
  vertex -15.841575 7.1962047 -6.8870177
  vertex -15.509824 -5.823706 -10.37643
  vertex -15.857393 7.8169913 -10.37643
 endloop
endfacet
facet normal 0.9996756 0.025473267 0
 outer loop
  vertex -15.857393 7.8169913 -10.37643
  vertex -15.857393 7.8169913 -3.7141
  vertex -15.841575 7.1962047 -3.7141
 endloop
endfacet
facet normal 0.9996755 0.025473265 -0
 outer loop
  vertex -15.857393 7.8169913 -10.37643
  vertex -15.841575 7.1962047 -3.7141
  vertex -15.841575 7.1962047 -6.8870177
 endloop
endfacet
facet normal 0 -0 1
 outer loop
  vertex -15.841575 7.1962047 -6.8870177
  vertex -25.047369 6.9616385 -6.8870177
  vertex -24.715616 -6.0582724 -6.8870177
 endloop
endfacet
facet normal 0 -0 1
 outer loop
  vertex -15.841575 7.1962047 -6.8870177
  vertex -24.715616 -6.0582724 -6.8870177
  vertex -15.509824 -5.823706 -6.8870177
 endloop
endfacet
facet normal 0.025472041 -0.9996755 -2.7764744e-07
 outer loop
  vertex -8.554309 6.2612023 0.5814276
  vertex -22.037315 5.917651 0.5814276
  vertex -22.03732 5.917651 0.23145813
 endloop
endfacet
facet normal 0.025472032 -0.9996755 0
 outer loop
  vertex -8.554309 6.2612023 0.5814276
  vertex -22.03732 5.917651 0.23145813
  vertex -8.554309 6.2612023 0.23145813
 endloop
endfacet
facet normal -0.9996755 -0.025472447 0
 outer loop
  vertex -22.037315 5.917651 3.6492937
  vertex -22.08167 7.658395 3.6492937
  vertex -22.08167 7.658395 3.2734084
 endloop
endfacet
facet normal -0.9996755 -0.025472447 0
 outer loop
  vertex -22.037315 5.917651 3.6492937
  vertex -22.08167 7.658395 3.2734084
  vertex -22.037315 5.917651 3.2734084
 endloop
endfacet
facet normal 0 0 -1
 outer loop
  vertex -8.598664 8.001946 3.2734084
  vertex -8.554309 6.2612023 3.2734084
  vertex -22.037315 5.917651 3.2734084
 endloop
endfacet
facet normal 0 0 -1
 outer loop
  vertex -8.598664 8.001946 3.2734084
  vertex -22.037315 5.917651 3.2734084
  vertex -22.08167 7.658395 3.2734084
 endloop
endfacet
facet normal 0.9996755 0.02547244 0
 outer loop
  vertex -8.554309 6.2612023 3.2734084
  vertex -8.598664 8.001946 3.2734084
  vertex -8.598664 8.001946 3.6492946
 endloop
endfacet
facet normal 0.9996755 0.02547244 0
 outer loop
  vertex -8.554309 6.2612023 3.2734084
  vertex -8.598664 8.001946 3.6492946
  vertex -8.554309 6.2612023 3.6492937
 endloop
endfacet
facet normal 1.3950442e-08 -5.474989e-07 1
 outer loop
  vertex -22.037315 5.917651 3.6492937
  vertex -8.554309 6.2612023 3.6492937
  vertex -8.598664 8.001946 3.6492946
 endloop
endfacet
facet normal -7.068569e-08 -1.8011219e-09 1
 outer loop
  vertex -22.037315 5.917651 3.6492937
  vertex -8.598664 8.001946 3.6492946
  vertex -22.08167 7.658395 3.6492937
 endloop
endfacet
facet normal 0 0 1
 outer loop
  vertex -22.08167 7.658395 0.5814276
  vertex -22.037315 5.917651 0.5814276
  vertex -8.554309 6.2612023 0.5814276
 endloop
endfacet
facet normal 0 0 1
 outer loop
  vertex -22.08167 7.658395 0.5814276
  vertex -8.554309 6.2612023 0.5814276
  vertex -8.598664 8.001946 0.5814276
 endloop
endfacet
facet normal 0.9996756 0.025472442 0
 outer loop
  vertex -8.554309 6.2612023 0.23145813
  vertex -8.598664 8.001946 0.23145813
  vertex -8.598664 8.001946 0.5814276
 endloop
endfacet
facet normal 0.9996756 0.025472442 0
 outer loop
  vertex -8.554309 6.2612023 0.23145813
  vertex -8.598664 8.001946 0.5814276
  vertex -8.554309 6.2612023 0.5814276
 endloop
endfacet
facet normal -0.99967545 -0.025472445 1.0896549e-05
 outer loop
  vertex -22.037315 5.917651 0.5814276
  vertex -22.08167 7.658395 0.5814276
  vertex -22.081675 7.658395 0.23145813
 endloop
endfacet
facet normal -0.99967545 -0.025472445 1.0905587e-05
 outer loop
  vertex -22.037315 5.917651 0.5814276
  vertex -22.081675 7.658395 0.23145813
  vertex -22.03732 5.917651 0.23145813
 endloop
endfacet
facet normal 0 0 -1
 outer loop
  vertex -8.554309 6.2612023 0.23145813
  vertex -22.03732 5.917651 0.23145813
  vertex -22.081675 7.658395 0.23145813
 endloop
endfacet
facet normal 0 -0 -1
 outer loop
  vertex -8.554309 6.2612023 0.23145813
  vertex -22.081675 7.658395 0.23145813
  vertex -8.598664 8.001946 0.23145813
 endloop
endfacet
facet normal -0.9996756 -0.02547221 -1.0781357e-06
 outer loop
  vertex 7.926728 15.902186 -6.839342
  vertex 7.622999 27.822237 -6.8393426
  vertex 7.623003 27.822237 -10.37643
 endloop
endfacet
facet normal -0.99967545 -0.025472049 -5.426833e-07
 outer loop
  vertex 7.926728 15.902186 -6.839342
  vertex 7.623003 27.822237 -10.37643
  vertex 7.9267297 15.902186 -10.37643
 endloop
endfacet
facet normal -0.9996755 -0.025471939 0
 outer loop
  vertex 13.148092 27.998247 10.418196
  vertex 13.096586 30.01966 10.418196
  vertex 13.148092 27.998247 8.60792
 endloop
endfacet
facet normal -0.9996756 -0.02547194 0
 outer loop
  vertex 13.148092 27.998247 8.60792
  vertex 13.096586 30.01966 10.418196
  vertex 13.096586 30.01966 -10.37643
 endloop
endfacet
facet normal -0.99967563 -0.025469884 2.1928574e-07
 outer loop
  vertex 13.148092 27.998247 8.60792
  vertex 13.096586 30.01966 -10.37643
  vertex 13.148986 27.963041 -6.8393426
 endloop
endfacet
facet normal -0.9996756 -0.025472112 -1.0781357e-06
 outer loop
  vertex 13.14899 27.963041 -10.37643
  vertex 13.148986 27.963041 -6.8393426
  vertex 13.096586 30.01966 -10.37643
 endloop
endfacet
facet normal -0.9996755 -0.025472008 2.2402779e-07
 outer loop
  vertex 13.148092 27.998247 8.60792
  vertex 13.148986 27.963041 -6.8393426
  vertex 13.452712 16.04299 -6.8393426
 endloop
endfacet
facet normal -0.9996755 -0.02547204 2.4965863e-07
 outer loop
  vertex 13.148092 27.998247 8.60792
  vertex 13.452712 16.04299 -6.8393426
  vertex 13.926008 -2.531838 8.60792
 endloop
endfacet
facet normal -0.9996755 -0.025472144 -1.0781357e-06
 outer loop
  vertex 13.452712 16.04299 -6.8393426
  vertex 13.452716 16.04299 -10.37643
  vertex 13.560033 11.831245 -10.37643
 endloop
endfacet
facet normal -0.9996755 -0.025472395 -7.756433e-07
 outer loop
  vertex 13.452712 16.04299 -6.8393426
  vertex 13.560033 11.831245 -10.37643
  vertex 13.560029 11.831245 -5.459918
 endloop
endfacet
facet normal -0.9996756 -0.025472077 2.1152398e-07
 outer loop
  vertex 13.926008 -2.531838 8.60792
  vertex 13.452712 16.04299 -6.8393426
  vertex 13.560029 11.831245 -5.459918
 endloop
endfacet
facet normal -0.9996755 -0.02547203 2.5365162e-07
 outer loop
  vertex 13.926008 -2.531838 8.60792
  vertex 13.560029 11.831245 -5.459918
  vertex 13.701288 6.2873855 -5.459918
 endloop
endfacet
facet normal -0.9996755 -0.025471978 -7.805843e-07
 outer loop
  vertex 13.701288 6.2873855 -5.459918
  vertex 13.701292 6.2873864 -10.37643
  vertex 13.812661 1.9165838 -10.37643
 endloop
endfacet
facet normal -0.99967545 -0.025472855 -0
 outer loop
  vertex 13.701288 6.2873855 -5.459918
  vertex 13.812661 1.9165838 -10.37643
  vertex 13.812661 1.9165838 1.3854648
 endloop
endfacet
facet normal -0.999675 -0.025495661 -1.4592547e-05
 outer loop
  vertex 13.701288 6.2873855 -5.459918
  vertex 13.812661 1.9165838 1.3854648
  vertex 13.926008 -2.531838 8.60792
 endloop
endfacet
facet normal -0.9996755 -0.025472201 -1.12658284e-07
 outer loop
  vertex 13.812661 1.9165838 1.3854648
  vertex 13.917271 -2.1888938 1.3854648
  vertex 13.926008 -2.531838 8.60792
 endloop
endfacet
facet normal -0.9996756 -0.025469832 0
 outer loop
  vertex 13.926008 -2.531838 8.60792
  vertex 13.917271 -2.1888938 1.3854648
  vertex 13.926008 -2.531838 0.7262741
 endloop
endfacet
facet normal -0.99967563 -0.025469832 0
 outer loop
  vertex 13.926008 -2.531838 0.7262741
  vertex 13.917271 -2.1888938 1.3854648
  vertex 13.917271 -2.1888938 -10.37643
 endloop
endfacet
facet normal -0.9996764 -0.025437286 1.0059315e-06
 outer loop
  vertex 13.926008 -2.531838 0.7262741
  vertex 13.917271 -2.1888938 -10.37643
  vertex 13.924727 -2.481711 -4.517662
 endloop
endfacet
facet normal -0.9996756 -0.025470436 -6.5193444e-07
 outer loop
  vertex 13.924731 -2.4817107 -10.37643
  vertex 13.924727 -2.481711 -4.517662
  vertex 13.917271 -2.1888938 -10.37643
 endloop
endfacet
facet normal -0.9996755 -0.025472054 6.732529e-07
 outer loop
  vertex 13.926008 -2.531838 0.7262741
  vertex 13.924727 -2.481711 -4.517662
  vertex 14.276043 -16.269428 -4.517662
 endloop
endfacet
facet normal -0.9996755 -0.025472075 7.272132e-07
 outer loop
  vertex 13.926008 -2.531838 0.7262741
  vertex 14.276043 -16.269428 -4.517662
  vertex 14.276047 -16.269428 0.7262741
 endloop
endfacet
facet normal 0.025471961 -0.9996756 1.3735569e-08
 outer loop
  vertex 13.452712 16.04299 -6.8393426
  vertex 7.926728 15.902186 -6.839342
  vertex 7.9267297 15.902186 -10.37643
 endloop
endfacet
facet normal 0.02547195 -0.9996756 2.7436338e-08
 outer loop
  vertex 13.452712 16.04299 -6.8393426
  vertex 7.9267297 15.902186 -10.37643
  vertex 13.452716 16.04299 -10.37643
 endloop
endfacet
facet normal -0.025472123 0.9996756 -2.7471318e-08
 outer loop
  vertex 7.622999 27.822237 -6.8393426
  vertex 13.148986 27.963041 -6.8393426
  vertex 13.14899 27.963041 -10.37643
 endloop
endfacet
facet normal -0.025472123 0.9996756 -2.7436338e-08
 outer loop
  vertex 7.622999 27.822237 -6.8393426
  vertex 13.14899 27.963041 -10.37643
  vertex 7.623003 27.822237 -10.37643
 endloop
endfacet
facet normal -1.0186294e-09 3.9976996e-08 1
 outer loop
  vertex 13.148986 27.963041 -6.8393426
  vertex 7.622999 27.822237 -6.8393426
  vertex 7.926728 15.902186 -6.839342
 endloop
endfacet
facet normal 8.623401e-08 2.1972664e-09 1
 outer loop
  vertex 13.148986 27.963041 -6.8393426
  vertex 7.926728 15.902186 -6.839342
  vertex 13.452712 16.04299 -6.8393426
 endloop
endfacet
facet normal 0.9996756 0.025472056 -0
 outer loop
  vertex -4.34421 8.757184 8.458903
  vertex -4.34421 8.757184 5.8257055
  vertex -4.542798 16.550959 5.8257055
 endloop
endfacet
facet normal 0.9996756 0.025472056 0
 outer loop
  vertex -4.34421 8.757184 8.458903
  vertex -4.542798 16.550959 5.8257055
  vertex -4.542798 16.550959 8.458903
 endloop
endfacet
facet normal 0.025471928 -0.99967563 0
 outer loop
  vertex -5.815551 8.072861 -5.0352035
  vertex -5.815551 8.072861 8.60792
  vertex -8.598664 8.001946 0.23145813
 endloop
endfacet
facet normal 0.025471928 -0.9996756 0
 outer loop
  vertex -8.598664 8.001946 0.5814276
  vertex -8.598664 8.001946 0.23145813
  vertex -5.815551 8.072861 8.60792
 endloop
endfacet
facet normal 0.025471926 -0.9996756 0
 outer loop
  vertex -8.598664 8.001946 0.5814276
  vertex -5.815551 8.072861 8.60792
  vertex -8.598664 8.001946 3.2734084
 endloop
endfacet
facet normal 0.02547202 -0.9996755 5.0992508e-08
 outer loop
  vertex -14.468456 7.852382 -5.0352035
  vertex -5.815551 8.072861 -5.0352035
  vertex -8.598664 8.001946 0.23145813
 endloop
endfacet
facet normal 0.025472164 -0.9996755 -1.0280373e-07
 outer loop
  vertex -14.468456 7.852382 -5.0352035
  vertex -8.598664 8.001946 0.23145813
  vertex -15.857393 7.8169913 -3.7141
 endloop
endfacet
facet normal 0.025472037 -0.9996756 -6.2431035e-08
 outer loop
  vertex -8.598664 8.001946 3.6492946
  vertex -5.815551 8.072861 8.60792
  vertex -25.063185 7.582425 8.60792
 endloop
endfacet
facet normal 0.02547208 -0.9996756 6.238629e-08
 outer loop
  vertex -8.598664 8.001946 3.6492946
  vertex -25.063185 7.582425 8.60792
  vertex -22.08167 7.658395 3.6492937
 endloop
endfacet
facet normal 0.025471969 -0.9996755 -3.942854e-09
 outer loop
  vertex -22.08167 7.658395 3.6492937
  vertex -25.063185 7.582425 8.60792
  vertex -25.063187 7.582425 -3.7141004
 endloop
endfacet
facet normal 0.025471972 -0.9996756 0
 outer loop
  vertex -22.08167 7.658395 3.6492937
  vertex -25.063187 7.582425 -3.7141004
  vertex -22.08167 7.658395 3.2734084
 endloop
endfacet
facet normal 0.025472231 -0.9996756 0
 outer loop
  vertex -15.857393 7.8169913 -3.7141
  vertex -15.857393 7.8169913 -10.37643
  vertex -14.468454 7.852382 -10.37643
 endloop
endfacet
facet normal 0.025472274 -0.9996755 9.096134e-09
 outer loop
  vertex -15.857393 7.8169913 -3.7141
  vertex -14.468454 7.852382 -10.37643
  vertex -14.468456 7.852382 -5.0352035
 endloop
endfacet
facet normal 0.02547207 -0.9996756 6.7204e-08
 outer loop
  vertex -15.857393 7.8169913 -3.7141
  vertex -8.598664 8.001946 0.23145813
  vertex -22.081675 7.658395 0.23145813
 endloop
endfacet
facet normal 0.025472013 -0.99967545 -1.8045219e-08
 outer loop
  vertex -15.857393 7.8169913 -3.7141
  vertex -22.081675 7.658395 0.23145813
  vertex -25.063187 7.582425 -3.7141004
 endloop
endfacet
facet normal 0.025472032 -0.9996755 -3.2848927e-08
 outer loop
  vertex -22.08167 7.658395 3.2734084
  vertex -25.063187 7.582425 -3.7141004
  vertex -22.081675 7.658395 0.23145813
 endloop
endfacet
facet normal -0 -1 0
 outer loop
  vertex -22.08167 7.658395 3.2734084
  vertex -22.081675 7.658395 0.23145813
  vertex -22.08167 7.658395 0.5814276
 endloop
endfacet
facet normal 0.025472078 -0.9996756 0
 outer loop
  vertex -22.08167 7.658395 3.2734084
  vertex -22.08167 7.658395 0.5814276
  vertex -8.598664 8.001946 0.5814276
 endloop
endfacet
facet normal 0.025472078 -0.9996756 0
 outer loop
  vertex -22.08167 7.658395 3.2734084
  vertex -8.598664 8.001946 0.5814276
  vertex -8.598664 8.001946 3.2734084
 endloop
endfacet
facet normal 0.025471926 -0.9996756 0
 outer loop
  vertex -5.815551 8.072861 8.60792
  vertex -8.598664 8.001946 3.6492946
  vertex -8.598664 8.001946 3.2734084
 endloop
endfacet
facet normal 0.9996756 0.02547173 -1.5474167e-07
 outer loop
  vertex -25.063187 7.582425 -3.7141004
  vertex -25.063185 7.582425 8.60792
  vertex -25.047369 6.9616385 -3.7141004
 endloop
endfacet
facet normal 0.9996755 0.025472032 -1.7004089e-07
 outer loop
  vertex -25.047369 6.9616385 -3.7141004
  vertex -25.063185 7.582425 8.60792
  vertex -24.709028 -6.316803 8.60792
 endloop
endfacet
facet normal 0.9996755 0.025472159 -3.3019113e-08
 outer loop
  vertex -25.047369 6.9616385 -3.7141004
  vertex -24.709028 -6.316803 8.60792
  vertex -24.715616 -6.0582724 -6.8870177
 endloop
endfacet
facet normal 0.9996757 0.025466954 2.558653e-09
 outer loop
  vertex -24.709028 -6.316803 8.60792
  vertex -24.709028 -6.316801 -10.37643
  vertex -24.715614 -6.0582724 -10.37643
 endloop
endfacet
facet normal 0.9996746 0.025506865 5.464325e-07
 outer loop
  vertex -24.709028 -6.316803 8.60792
  vertex -24.715614 -6.0582724 -10.37643
  vertex -24.715616 -6.0582724 -6.8870177
 endloop
endfacet
facet normal 0.9996755 0.025472151 0
 outer loop
  vertex -25.047369 6.9616385 -6.8870177
  vertex -25.047369 6.9616385 -3.7141004
  vertex -24.715616 -6.0582724 -6.8870177
 endloop
endfacet
facet normal -0.025472028 0.9996755 1.00436935e-07
 outer loop
  vertex -6.7278547 -5.8586354 -10.37643
  vertex -24.709028 -6.316801 -10.37643
  vertex -24.709028 -6.316803 8.60792
 endloop
endfacet
facet normal -0.025472028 0.9996755 1.0054209e-07
 outer loop
  vertex -6.7278547 -5.8586354 -10.37643
  vertex -24.709028 -6.316803 8.60792
  vertex -6.7278547 -5.8586373 8.60792
 endloop
endfacet
facet normal -0.9996756 -0.025472008 -0
 outer loop
  vertex 3.6657794 -16.539782 0.7262741
  vertex 3.6657794 -16.539782 8.60792
  vertex 3.6108334 -14.38337 8.60792
 endloop
endfacet
facet normal -0.9996756 -0.025472008 0
 outer loop
  vertex 3.6657794 -16.539782 0.7262741
  vertex 3.6108334 -14.38337 8.60792
  vertex 3.6108334 -14.38337 0.7262741
 endloop
endfacet
facet normal -0.025472058 0.9996755 0
 outer loop
  vertex 3.6108334 -14.38337 0.7262741
  vertex 3.6108334 -14.38337 8.60792
  vertex 11.754539 -14.175866 8.60792
 endloop
endfacet
facet normal -0.025472058 0.9996755 0
 outer loop
  vertex 3.6108334 -14.38337 0.7262741
  vertex 11.754539 -14.175866 8.60792
  vertex 11.754539 -14.175866 0.7262741
 endloop
endfacet
facet normal -0.9996756 -0.02547209 -0
 outer loop
  vertex 11.754539 -14.175866 0.7262741
  vertex 11.754539 -14.175866 8.60792
  vertex 11.459446 -2.5946867 8.60792
 endloop
endfacet
facet normal -0.9996756 -0.02547209 0
 outer loop
  vertex 11.754539 -14.175866 0.7262741
  vertex 11.459446 -2.5946867 8.60792
  vertex 11.459446 -2.5946867 0.7262741
 endloop
endfacet
facet normal -0.025472058 0.9996756 0
 outer loop
  vertex 11.459446 -2.5946867 0.7262741
  vertex 11.459446 -2.5946867 8.60792
  vertex 13.926008 -2.531838 8.60792
 endloop
endfacet
facet normal -0.025472058 0.9996756 0
 outer loop
  vertex 11.459446 -2.5946867 0.7262741
  vertex 13.926008 -2.531838 8.60792
  vertex 13.926008 -2.531838 0.7262741
 endloop
endfacet
facet normal 0.025471779 -0.9996756 0
 outer loop
  vertex -4.34421 8.757184 8.458903
  vertex -5.8320217 8.7192745 8.458903
  vertex -5.8320217 8.7192745 5.8257055
 endloop
endfacet
facet normal 0.025471779 -0.9996756 0
 outer loop
  vertex -4.34421 8.757184 8.458903
  vertex -5.8320217 8.7192745 5.8257055
  vertex -4.34421 8.757184 5.8257055
 endloop
endfacet
facet normal 0 0 -1
 outer loop
  vertex -4.34421 8.757184 5.8257055
  vertex -5.8320217 8.7192745 5.8257055
  vertex -6.0306096 16.51305 5.8257055
 endloop
endfacet
facet normal 0 -0 -1
 outer loop
  vertex -4.34421 8.757184 5.8257055
  vertex -6.0306096 16.51305 5.8257055
  vertex -4.542798 16.550959 5.8257055
 endloop
endfacet
facet normal -0.025471138 0.9996756 0
 outer loop
  vertex -4.542798 16.550959 5.8257055
  vertex -6.0306096 16.51305 5.8257055
  vertex -6.0306096 16.51305 8.458903
 endloop
endfacet
facet normal -0.025471138 0.9996756 0
 outer loop
  vertex -4.542798 16.550959 5.8257055
  vertex -6.0306096 16.51305 8.458903
  vertex -4.542798 16.550959 8.458903
 endloop
endfacet
facet normal -0 0 1
 outer loop
  vertex -4.34421 8.757184 8.458903
  vertex -4.542798 16.550959 8.458903
  vertex -6.0306096 16.51305 8.458903
 endloop
endfacet
facet normal -0 -0 1
 outer loop
  vertex -4.34421 8.757184 8.458903
  vertex -6.0306096 16.51305 8.458903
  vertex -5.8320217 8.7192745 8.458903
 endloop
endfacet
facet normal -0.9996755 -0.0254722 -0
 outer loop
  vertex 9.228972 -2.3083532 -10.37643
  vertex 9.228972 -2.3083532 1.3854648
  vertex 9.124363 1.7971246 1.3854648
 endloop
endfacet
facet normal -0.9996755 -0.0254722 0
 outer loop
  vertex 9.228972 -2.3083532 -10.37643
  vertex 9.124363 1.7971246 1.3854648
  vertex 9.124363 1.7971246 -10.37643
 endloop
endfacet
facet normal 0.025472064 -0.9996755 0
 outer loop
  vertex 13.917271 -2.1888938 -10.37643
  vertex 13.917271 -2.1888938 1.3854648
  vertex 9.228972 -2.3083532 1.3854648
 endloop
endfacet
facet normal 0.025472064 -0.9996755 0
 outer loop
  vertex 13.917271 -2.1888938 -10.37643
  vertex 9.228972 -2.3083532 1.3854648
  vertex 9.228972 -2.3083532 -10.37643
 endloop
endfacet
facet normal -0.025472011 0.9996755 0
 outer loop
  vertex 13.812661 1.9165838 -10.37643
  vertex 9.124363 1.7971246 -10.37643
  vertex 9.124363 1.7971246 1.3854648
 endloop
endfacet
facet normal -0.025472011 0.9996755 0
 outer loop
  vertex 13.812661 1.9165838 -10.37643
  vertex 9.124363 1.7971246 1.3854648
  vertex 13.812661 1.9165838 1.3854648
 endloop
endfacet
facet normal 0 0 1
 outer loop
  vertex 9.228972 -2.3083532 1.3854648
  vertex 13.917271 -2.1888938 1.3854648
  vertex 13.812661 1.9165838 1.3854648
 endloop
endfacet
facet normal -0 0 1
 outer loop
  vertex 9.228972 -2.3083532 1.3854648
  vertex 13.812661 1.9165838 1.3854648
  vertex 9.124363 1.7971246 1.3854648
 endloop
endfacet
facet normal 8.596606e-07 -3.7196563e-07 -1
 outer loop
  vertex -7.807573 -7.535955 4.7721834
  vertex -6.6858444 -7.5073733 4.7721844
  vertex -6.5624523 -12.349954 4.7721863
 endloop
endfacet
facet normal 8.5966053e-07 -3.719656e-07 -1
 outer loop
  vertex -7.807573 -7.535955 4.7721834
  vertex -6.5624523 -12.349954 4.7721863
  vertex -7.684181 -12.378536 4.7721853
 endloop
endfacet
facet normal -0.9996755 -0.025472062 -0
 outer loop
  vertex -12.522928 -12.930445 -10.37643
  vertex -12.432058 -16.496721 -10.37643
  vertex -12.432058 -16.496721 -3.893089
 endloop
endfacet
facet normal -0.9996755 -0.025472062 0
 outer loop
  vertex -12.522928 -12.930445 -10.37643
  vertex -12.432058 -16.496721 -3.893089
  vertex -12.522928 -12.930445 -3.893089
 endloop
endfacet
facet normal -0.025472553 0.99967563 0
 outer loop
  vertex -6.5624523 -12.349954 -10.37643
  vertex -7.684181 -12.378536 -10.37643
  vertex -7.684181 -12.378536 4.7721853
 endloop
endfacet
facet normal -0.02547255 0.9996755 0
 outer loop
  vertex -6.5624523 -12.349954 -10.37643
  vertex -7.684181 -12.378536 4.7721853
  vertex -6.5624523 -12.349954 4.7721863
 endloop
endfacet
facet normal 0.025471715 -0.9996755 0
 outer loop
  vertex -7.807573 -7.535955 -10.37643
  vertex -6.6858444 -7.5073733 -10.37643
  vertex -6.6858444 -7.5073733 4.7721844
 endloop
endfacet
facet normal 0.025471715 -0.9996755 0
 outer loop
  vertex -7.807573 -7.535955 -10.37643
  vertex -6.6858444 -7.5073733 4.7721844
  vertex -7.807573 -7.535955 4.7721834
 endloop
endfacet
facet normal 0 0 1
 outer loop
  vertex -12.432058 -16.496721 -3.893089
  vertex -7.5823975 -16.37315 -3.893089
  vertex -7.6732674 -12.806874 -3.893089
 endloop
endfacet
facet normal -0 0 1
 outer loop
  vertex -12.432058 -16.496721 -3.893089
  vertex -7.6732674 -12.806874 -3.893089
  vertex -12.522928 -12.930445 -3.893089
 endloop
endfacet
facet normal -0.025471957 0.9996756 0
 outer loop
  vertex -12.522928 -12.930445 -10.37643
  vertex -12.522928 -12.930445 -3.893089
  vertex -7.6732674 -12.806874 -3.893089
 endloop
endfacet
facet normal -0.025471957 0.9996756 0
 outer loop
  vertex -12.522928 -12.930445 -10.37643
  vertex -7.6732674 -12.806874 -3.893089
  vertex -7.6732674 -12.806874 -10.37643
 endloop
endfacet
facet normal -0.025471902 0.9996756 0
 outer loop
  vertex -13.660536 -12.31881 -7.371059
  vertex -13.660536 -12.31881 -10.37643
  vertex -16.509937 -12.391414 -10.37643
 endloop
endfacet
facet normal -0.025471902 0.9996756 0
 outer loop
  vertex -13.660536 -12.31881 -7.371059
  vertex -16.509937 -12.391414 -10.37643
  vertex -16.509937 -12.391414 -7.371059
 endloop
endfacet
facet normal -0.025471883 0.9996755 0
 outer loop
  vertex -13.57877 -15.527793 -5.418605
  vertex -13.57877 -15.527793 -7.371059
  vertex -16.428173 -15.600396 -7.371059
 endloop
endfacet
facet normal -0.025471883 0.9996755 0
 outer loop
  vertex -13.57877 -15.527793 -5.418605
  vertex -16.428173 -15.600396 -7.371059
  vertex -16.428173 -15.600396 -5.418605
 endloop
endfacet
facet normal -0.025470395 0.9996546 0.006471012
 outer loop
  vertex -16.402756 -16.597897 -10.37643
  vertex -17.46261 -16.6249 -10.37643
  vertex -17.45995 -16.729353 5.770012
 endloop
endfacet
facet normal -0.1233944 0.9923577 0
 outer loop
  vertex -16.402756 -16.597897 -10.37643
  vertex -17.45995 -16.729353 5.770012
  vertex -16.402756 -16.597897 -5.418605
 endloop
endfacet
facet normal -0.035834674 0.9993228 0.008355202
 outer loop
  vertex -16.402756 -16.597897 -5.418605
  vertex -17.45995 -16.729353 5.770012
  vertex -7.5823975 -16.37315 5.530281
 endloop
endfacet
facet normal -0.025472559 0.9996755 3.0558738e-07
 outer loop
  vertex -16.402756 -16.597897 -5.418605
  vertex -7.5823975 -16.37315 5.530281
  vertex -13.553353 -16.525291 -5.418605
 endloop
endfacet
facet normal -0.025472153 0.9996756 0
 outer loop
  vertex -7.5823975 -16.37315 -3.893089
  vertex -12.432058 -16.496721 -3.893089
  vertex -7.5823975 -16.37315 5.530281
 endloop
endfacet
facet normal -0.025469506 0.9996755 -1.363554e-06
 outer loop
  vertex -7.5823975 -16.37315 5.530281
  vertex -12.432058 -16.496721 -3.893089
  vertex -13.553353 -16.525291 -5.418605
 endloop
endfacet
facet normal -0.025471358 0.9996756 0
 outer loop
  vertex -13.553353 -16.525291 -5.418605
  vertex -12.432058 -16.496721 -3.893089
  vertex -12.432058 -16.496721 -10.37643
 endloop
endfacet
facet normal -0.025471358 0.9996755 0
 outer loop
  vertex -13.553353 -16.525291 -5.418605
  vertex -12.432058 -16.496721 -10.37643
  vertex -13.553353 -16.525291 -10.37643
 endloop
endfacet
facet normal 0 0 1
 outer loop
  vertex -16.428173 -15.600396 -5.418605
  vertex -16.402756 -16.597897 -5.418605
  vertex -13.553353 -16.525291 -5.418605
 endloop
endfacet
facet normal 0 0 1
 outer loop
  vertex -16.428173 -15.600396 -5.418605
  vertex -13.553353 -16.525291 -5.418605
  vertex -13.57877 -15.527793 -5.418605
 endloop
endfacet
facet normal -0.9996756 -0.02547153 0
 outer loop
  vertex -16.428173 -15.600396 -7.371059
  vertex -16.509937 -12.391414 -7.371059
  vertex -16.509937 -12.391414 -10.37643
 endloop
endfacet
facet normal -0.9996756 -0.02547182 -3.0871897e-07
 outer loop
  vertex -16.428173 -15.600396 -7.371059
  vertex -16.509937 -12.391414 -10.37643
  vertex -16.402756 -16.597897 -10.37643
 endloop
endfacet
facet normal -0.99967545 -0.025472749 -0
 outer loop
  vertex -16.402756 -16.597897 -10.37643
  vertex -16.402756 -16.597897 -5.418605
  vertex -16.428173 -15.600396 -5.418605
 endloop
endfacet
facet normal -0.9996755 -0.02547275 0
 outer loop
  vertex -16.402756 -16.597897 -10.37643
  vertex -16.428173 -15.600396 -5.418605
  vertex -16.428173 -15.600396 -7.371059
 endloop
endfacet
facet normal 0 0 1
 outer loop
  vertex -16.509937 -12.391414 -7.371059
  vertex -16.428173 -15.600396 -7.371059
  vertex -13.57877 -15.527793 -7.371059
 endloop
endfacet
facet normal 0 0 1
 outer loop
  vertex -16.509937 -12.391414 -7.371059
  vertex -13.57877 -15.527793 -7.371059
  vertex -13.660536 -12.31881 -7.371059
 endloop
endfacet
facet normal 0.9996756 0.025472058 0
 outer loop
  vertex -13.553353 -16.525291 -10.37643
  vertex -13.660536 -12.31881 -10.37643
  vertex -13.660536 -12.31881 -7.371059
 endloop
endfacet
facet normal 0.9996756 0.025472125 -9.267553e-08
 outer loop
  vertex -13.553353 -16.525291 -10.37643
  vertex -13.660536 -12.31881 -7.371059
  vertex -13.57877 -15.527793 -7.371059
 endloop
endfacet
facet normal 0.9996755 0.025471844 0
 outer loop
  vertex -13.57877 -15.527793 -7.371059
  vertex -13.57877 -15.527793 -5.418605
  vertex -13.553353 -16.525291 -5.418605
 endloop
endfacet
facet normal 0.9996756 0.025471846 -0
 outer loop
  vertex -13.57877 -15.527793 -7.371059
  vertex -13.553353 -16.525291 -5.418605
  vertex -13.553353 -16.525291 -10.37643
 endloop
endfacet
facet normal -0.025472106 0.9996756 0
 outer loop
  vertex -25.274014 12.805665 -10.37643
  vertex -25.274014 12.805665 5.080347
  vertex -15.384953 13.057642 5.080347
 endloop
endfacet
facet normal -0.025472106 0.9996756 0
 outer loop
  vertex -25.274014 12.805665 -10.37643
  vertex -15.384953 13.057642 5.080347
  vertex -15.384953 13.057642 -10.37643
 endloop
endfacet
facet normal 0.025471581 -0.9996756 0
 outer loop
  vertex -7.049853 15.716415 -10.37643
  vertex -6.0109854 15.742886 -10.37643
  vertex -6.0109854 15.742886 4.930848
 endloop
endfacet
facet normal 0.025471581 -0.9996756 0
 outer loop
  vertex -7.049853 15.716415 -10.37643
  vertex -6.0109854 15.742886 4.930848
  vertex -7.049853 15.716415 4.930848
 endloop
endfacet
facet normal -0.025471581 0.9996756 0
 outer loop
  vertex -5.8633065 9.947073 -10.37643
  vertex -6.902174 9.920603 -10.37643
  vertex -6.902174 9.920603 4.930848
 endloop
endfacet
facet normal -0.025471581 0.9996756 0
 outer loop
  vertex -5.8633065 9.947073 -10.37643
  vertex -6.902174 9.920603 4.930848
  vertex -5.8633065 9.947073 4.930848
 endloop
endfacet
facet normal 0 0 -1
 outer loop
  vertex -5.8633065 9.947073 4.930848
  vertex -6.902174 9.920603 4.930848
  vertex -7.049853 15.716415 4.930848
 endloop
endfacet
facet normal 0 -0 -1
 outer loop
  vertex -5.8633065 9.947073 4.930848
  vertex -7.049853 15.716415 4.930848
  vertex -6.0109854 15.742886 4.930848
 endloop
endfacet
facet normal -0.02547205 0.9996755 0
 outer loop
  vertex -15.281043 8.979609 -10.37643
  vertex -15.281043 8.979609 5.080347
  vertex -6.883649 9.193577 -10.37643
 endloop
endfacet
facet normal -0.025472598 0.9996756 0
 outer loop
  vertex -6.883649 9.193577 8.35694
  vertex -6.883649 9.193577 -10.37643
  vertex -8.512138 9.1520815 5.9053345
 endloop
endfacet
facet normal -0.0254726 0.9996755 0
 outer loop
  vertex -6.883649 9.193577 8.35694
  vertex -8.512138 9.1520815 5.9053345
  vertex -8.512138 9.1520815 7.7447333
 endloop
endfacet
facet normal -0.025472082 0.9996756 -1.3731917e-06
 outer loop
  vertex -25.170103 8.727632 8.35694
  vertex -6.883649 9.193577 8.35694
  vertex -8.512138 9.1520815 7.7447333
 endloop
endfacet
facet normal -0.025471957 0.9996755 2.0338366e-06
 outer loop
  vertex -25.170103 8.727632 8.35694
  vertex -8.512138 9.1520815 7.7447333
  vertex -13.871868 9.015514 7.7447333
 endloop
endfacet
facet normal -0.025472067 0.9996755 0
 outer loop
  vertex -25.170103 8.727632 8.35694
  vertex -13.871868 9.015514 7.7447333
  vertex -25.170103 8.727632 5.080347
 endloop
endfacet
facet normal -0.025472106 0.9996755 1.7187018e-07
 outer loop
  vertex -15.281043 8.979609 5.080347
  vertex -25.170103 8.727632 5.080347
  vertex -13.871868 9.015514 7.7447333
 endloop
endfacet
facet normal -0.025471775 0.9996755 0
 outer loop
  vertex -15.281043 8.979609 5.080347
  vertex -13.871868 9.015514 7.7447333
  vertex -13.871868 9.015514 5.9053345
 endloop
endfacet
facet normal -0.025471844 0.9996756 1.1311415e-07
 outer loop
  vertex -6.883649 9.193577 -10.37643
  vertex -15.281043 8.979609 5.080347
  vertex -13.871868 9.015514 5.9053345
 endloop
endfacet
facet normal -0.025471956 0.9996755 6.418338e-08
 outer loop
  vertex -6.883649 9.193577 -10.37643
  vertex -13.871868 9.015514 5.9053345
  vertex -8.512138 9.1520815 5.9053345
 endloop
endfacet
facet normal -0.025471957 0.9996756 0
 outer loop
  vertex -13.902591 10.221245 5.9053345
  vertex -13.902591 10.221245 7.7447333
  vertex -8.542861 10.357812 7.7447333
 endloop
endfacet
facet normal -0.025471957 0.9996756 0
 outer loop
  vertex -13.902591 10.221245 5.9053345
  vertex -8.542861 10.357812 7.7447333
  vertex -8.542861 10.357812 5.9053345
 endloop
endfacet
facet normal -0.9996756 -0.025472237 -0
 outer loop
  vertex -13.871868 9.015514 5.9053345
  vertex -13.871868 9.015514 7.7447333
  vertex -13.902591 10.221245 7.7447333
 endloop
endfacet
facet normal -0.9996756 -0.025472237 0
 outer loop
  vertex -13.871868 9.015514 5.9053345
  vertex -13.902591 10.221245 7.7447333
  vertex -13.902591 10.221245 5.9053345
 endloop
endfacet
facet normal 0 -0 1
 outer loop
  vertex -8.542861 10.357812 7.7447333
  vertex -13.902591 10.221245 7.7447333
  vertex -13.871868 9.015514 7.7447333
 endloop
endfacet
facet normal 0 -0 1
 outer loop
  vertex -8.542861 10.357812 7.7447333
  vertex -13.871868 9.015514 7.7447333
  vertex -8.512138 9.1520815 7.7447333
 endloop
endfacet
facet normal 0 -0 -1
 outer loop
  vertex -13.871868 9.015514 5.9053345
  vertex -13.902591 10.221245 5.9053345
  vertex -8.542861 10.357812 5.9053345
 endloop
endfacet
facet normal -0 0 -1
 outer loop
  vertex -13.871868 9.015514 5.9053345
  vertex -8.542861 10.357812 5.9053345
  vertex -8.512138 9.1520815 5.9053345
 endloop
endfacet
facet normal 0.9996756 0.025472237 0
 outer loop
  vertex -8.512138 9.1520815 5.9053345
  vertex -8.542861 10.357812 5.9053345
  vertex -8.542861 10.357812 7.7447333
 endloop
endfacet
facet normal 0.9996756 0.025472237 0
 outer loop
  vertex -8.512138 9.1520815 5.9053345
  vertex -8.542861 10.357812 7.7447333
  vertex -8.512138 9.1520815 7.7447333
 endloop
endfacet
facet normal 0 0 1
 outer loop
  vertex -25.274014 12.805665 5.080347
  vertex -25.170103 8.727632 5.080347
  vertex -15.281043 8.979609 5.080347
 endloop
endfacet
facet normal 0 0 1
 outer loop
  vertex -25.274014 12.805665 5.080347
  vertex -15.281043 8.979609 5.080347
  vertex -15.384953 13.057642 5.080347
 endloop
endfacet
facet normal 0.9996756 0.025472026 0
 outer loop
  vertex -15.384953 13.057642 -10.37643
  vertex -15.384953 13.057642 5.080347
  vertex -15.281043 8.979609 5.080347
 endloop
endfacet
facet normal 0.9996756 0.025472026 -0
 outer loop
  vertex -15.384953 13.057642 -10.37643
  vertex -15.281043 8.979609 5.080347
  vertex -15.281043 8.979609 -10.37643
 endloop
endfacet
facet normal 0.9996755 0.02547152 -0
 outer loop
  vertex -22.652643 16.838253 -7.012609
  vertex -22.580517 14.007524 -7.012609
  vertex -22.580517 14.007524 -10.37643
 endloop
endfacet
facet normal 0.9996755 0.02547152 0
 outer loop
  vertex -22.652643 16.838253 -7.012609
  vertex -22.580517 14.007524 -10.37643
  vertex -22.652643 16.838253 -10.37643
 endloop
endfacet
facet normal 0 -0 1
 outer loop
  vertex -22.652643 16.838253 -7.012609
  vertex -25.374996 16.768887 -7.012609
  vertex -25.30287 13.938157 -7.012609
 endloop
endfacet
facet normal 0 -0 1
 outer loop
  vertex -22.652643 16.838253 -7.012609
  vertex -25.30287 13.938157 -7.012609
  vertex -22.580517 14.007524 -7.012609
 endloop
endfacet
facet normal 0.025472065 -0.9996756 0
 outer loop
  vertex -22.580517 14.007524 -10.37643
  vertex -22.580517 14.007524 -7.012609
  vertex -25.30287 13.938157 -7.012609
 endloop
endfacet
facet normal 0.025472065 -0.9996756 0
 outer loop
  vertex -22.580517 14.007524 -10.37643
  vertex -25.30287 13.938157 -7.012609
  vertex -25.30287 13.938157 -10.37643
 endloop
endfacet
facet normal -0.025472065 0.9996756 0
 outer loop
  vertex -25.374996 16.768887 -7.012609
  vertex -22.652643 16.838253 -7.012609
  vertex -22.652643 16.838253 -10.37643
 endloop
endfacet
facet normal -0.025472065 0.9996756 0
 outer loop
  vertex -25.374996 16.768887 -7.012609
  vertex -22.652643 16.838253 -10.37643
  vertex -25.374996 16.768887 -10.37643
 endloop
endfacet
facet normal 0.9996755 0.025471983 -0
 outer loop
  vertex -24.576397 17.134348 -3.9185998
  vertex -24.576397 17.134348 -6.916753
  vertex -24.856377 28.122454 -6.916753
 endloop
endfacet
facet normal 0.9996755 0.025471983 0
 outer loop
  vertex -24.576397 17.134348 -3.9185998
  vertex -24.856377 28.122454 -6.916753
  vertex -24.856377 28.122454 -3.9185998
 endloop
endfacet
facet normal 0.9996756 0.025471985 -0
 outer loop
  vertex -11.561104 28.461222 -6.916753
  vertex -11.281124 17.473116 -6.916753
  vertex -11.281124 17.473116 -10.37643
 endloop
endfacet
facet normal 0.9996756 0.025471985 0
 outer loop
  vertex -11.561104 28.461222 -6.916753
  vertex -11.281124 17.473116 -10.37643
  vertex -11.561104 28.461222 -10.37643
 endloop
endfacet
facet normal -0.02547207 0.9996755 0
 outer loop
  vertex -24.856377 28.122454 -6.916753
  vertex -11.561104 28.461222 -6.916753
  vertex -11.561104 28.461222 -10.37643
 endloop
endfacet
facet normal -0.025472077 0.99967545 -3.907982e-08
 outer loop
  vertex -24.856377 28.122454 -6.916753
  vertex -11.561104 28.461222 -10.37643
  vertex -25.663765 28.101881 -10.37643
 endloop
endfacet
facet normal -0.025472239 0.9996755 0
 outer loop
  vertex -25.663765 28.101881 -10.37643
  vertex -25.663765 28.101881 -3.9185998
  vertex -24.856377 28.122454 -3.9185998
 endloop
endfacet
facet normal -0.02547224 0.9996756 0
 outer loop
  vertex -25.663765 28.101881 -10.37643
  vertex -24.856377 28.122454 -3.9185998
  vertex -24.856377 28.122454 -6.916753
 endloop
endfacet
facet normal -0 0 1
 outer loop
  vertex -11.281124 17.473116 -6.916753
  vertex -11.561104 28.461222 -6.916753
  vertex -24.856377 28.122454 -6.916753
 endloop
endfacet
facet normal -0 -0 1
 outer loop
  vertex -11.281124 17.473116 -6.916753
  vertex -24.856377 28.122454 -6.916753
  vertex -24.576397 17.134348 -6.916753
 endloop
endfacet
facet normal -0 0 1
 outer loop
  vertex -24.576397 17.134348 -3.9185998
  vertex -24.856377 28.122454 -3.9185998
  vertex -25.663765 28.101881 -3.9185998
 endloop
endfacet
facet normal -0 -0 1
 outer loop
  vertex -24.576397 17.134348 -3.9185998
  vertex -25.663765 28.101881 -3.9185998
  vertex -25.383785 17.113775 -3.9185998
 endloop
endfacet
facet normal 0.02547224 -0.9996756 0
 outer loop
  vertex -24.576397 17.134348 -6.916753
  vertex -24.576397 17.134348 -3.9185998
  vertex -25.383785 17.113775 -3.9185998
 endloop
endfacet
facet normal 0.025472239 -0.9996755 0
 outer loop
  vertex -24.576397 17.134348 -6.916753
  vertex -25.383785 17.113775 -3.9185998
  vertex -25.383785 17.113775 -10.37643
 endloop
endfacet
facet normal 0.025472077 -0.99967545 3.724795e-08
 outer loop
  vertex -24.576397 17.134348 -6.916753
  vertex -25.383785 17.113775 -10.37643
  vertex -11.281124 17.473116 -10.37643
 endloop
endfacet
facet normal 0.02547207 -0.9996755 0
 outer loop
  vertex -24.576397 17.134348 -6.916753
  vertex -11.281124 17.473116 -10.37643
  vertex -11.281124 17.473116 -6.916753
 endloop
endfacet
facet normal 0.02547208 -0.9996756 0
 outer loop
  vertex -25.669722 28.335644 -4.927028
  vertex -25.669722 28.335644 -10.37643
  vertex -22.273819 28.422173 -10.37643
 endloop
endfacet
facet normal 0.02547208 -0.9996756 0
 outer loop
  vertex -25.669722 28.335644 -4.927028
  vertex -22.273819 28.422173 -10.37643
  vertex -22.273819 28.422173 -4.927028
 endloop
endfacet
facet normal 0 0 1
 outer loop
  vertex -25.843596 35.159542 -4.927028
  vertex -25.669722 28.335644 -4.927028
  vertex -22.273819 28.422173 -4.927028
 endloop
endfacet
facet normal 0 0 1
 outer loop
  vertex -25.843596 35.159542 -4.927028
  vertex -22.273819 28.422173 -4.927028
  vertex -22.447693 35.24607 -4.927028
 endloop
endfacet
facet normal 0.9996756 0.025471807 -0
 outer loop
  vertex -22.395472 33.196575 -7.0326495
  vertex -22.395472 33.196575 -10.37643
  vertex -22.447693 35.24607 -10.37643
 endloop
endfacet
facet normal 0.9996755 0.025471805 0
 outer loop
  vertex -22.395472 33.196575 -7.0326495
  vertex -22.447693 35.24607 -10.37643
  vertex -22.447693 35.24607 -4.927028
 endloop
endfacet
facet normal 0.9996756 0.025471875 -6.842429e-08
 outer loop
  vertex -22.395472 33.196575 -7.0326495
  vertex -22.447693 35.24607 -4.927028
  vertex -22.273819 28.422173 -4.927028
 endloop
endfacet
facet normal 0.9996756 0.025472162 5.83366e-07
 outer loop
  vertex -22.395472 33.196575 -7.0326495
  vertex -22.273819 28.422173 -4.927028
  vertex -22.310186 29.84949 -7.0326495
 endloop
endfacet
facet normal 0.9996756 0.025471304 -0
 outer loop
  vertex -22.310186 29.84949 -7.0326495
  vertex -22.273819 28.422173 -4.927028
  vertex -22.273819 28.422173 -10.37643
 endloop
endfacet
facet normal 0.9996756 0.025471305 0
 outer loop
  vertex -22.310186 29.84949 -7.0326495
  vertex -22.273819 28.422173 -10.37643
  vertex -22.310186 29.84949 -10.37643
 endloop
endfacet
facet normal 0 -0 1
 outer loop
  vertex -20.426777 33.246735 -7.0326495
  vertex -22.395472 33.196575 -7.0326495
  vertex -22.310186 29.84949 -7.0326495
 endloop
endfacet
facet normal 0 -0 1
 outer loop
  vertex -20.426777 33.246735 -7.0326495
  vertex -22.310186 29.84949 -7.0326495
  vertex -20.341492 29.899652 -7.0326495
 endloop
endfacet
facet normal 0 -0 1
 outer loop
  vertex -19.822649 33.26213 -4.413996
  vertex -20.426777 33.246735 -4.413996
  vertex -20.341492 29.899652 -4.413996
 endloop
endfacet
facet normal 0 -0 1
 outer loop
  vertex -19.822649 33.26213 -4.413996
  vertex -20.341492 29.899652 -4.413996
  vertex -19.737364 29.915045 -4.413996
 endloop
endfacet
facet normal -0.025476595 0.99967545 0
 outer loop
  vertex -20.426777 33.246735 -4.413996
  vertex -19.822649 33.26213 -4.413996
  vertex -19.822649 33.26213 -10.37643
 endloop
endfacet
facet normal -0.025476594 0.9996754 0
 outer loop
  vertex -20.426777 33.246735 -4.413996
  vertex -19.822649 33.26213 -10.37643
  vertex -20.426777 33.246735 -7.0326495
 endloop
endfacet
facet normal -0.025471753 0.9996755 8.752916e-07
 outer loop
  vertex -20.426777 33.246735 -7.0326495
  vertex -19.822649 33.26213 -10.37643
  vertex -22.395472 33.196575 -10.37643
 endloop
endfacet
facet normal -0.025470268 0.9996756 0
 outer loop
  vertex -20.426777 33.246735 -7.0326495
  vertex -22.395472 33.196575 -10.37643
  vertex -22.395472 33.196575 -7.0326495
 endloop
endfacet
facet normal -0.9996755 -0.02547219 0
 outer loop
  vertex -20.426777 33.246735 -4.413996
  vertex -20.426777 33.246735 -7.0326495
  vertex -20.341492 29.899652 -7.0326495
 endloop
endfacet
facet normal -0.9996755 -0.02547219 -0
 outer loop
  vertex -20.426777 33.246735 -4.413996
  vertex -20.341492 29.899652 -7.0326495
  vertex -20.341492 29.899652 -4.413996
 endloop
endfacet
facet normal 0.025470285 -0.9996756 0
 outer loop
  vertex -19.737364 29.915045 -10.37643
  vertex -19.737364 29.915045 -4.413996
  vertex -20.341492 29.899652 -4.413996
 endloop
endfacet
facet normal 0.025470287 -0.99967563 0
 outer loop
  vertex -19.737364 29.915045 -10.37643
  vertex -20.341492 29.899652 -4.413996
  vertex -20.341492 29.899652 -7.0326495
 endloop
endfacet
facet normal 0.025471753 -0.9996755 2.6535795e-07
 outer loop
  vertex -22.310186 29.84949 -10.37643
  vertex -19.737364 29.915045 -10.37643
  vertex -20.341492 29.899652 -7.0326495
 endloop
endfacet
facet normal 0.025472203 -0.9996755 0
 outer loop
  vertex -22.310186 29.84949 -10.37643
  vertex -20.341492 29.899652 -7.0326495
  vertex -22.310186 29.84949 -7.0326495
 endloop
endfacet
facet normal 0.9996755 0.025472162 0
 outer loop
  vertex -19.822649 33.26213 -10.37643
  vertex -19.822649 33.26213 -4.413996
  vertex -19.737364 29.915045 -4.413996
 endloop
endfacet
facet normal 0.9996755 0.025472162 -0
 outer loop
  vertex -19.822649 33.26213 -10.37643
  vertex -19.737364 29.915045 -4.413996
  vertex -19.737364 29.915045 -10.37643
 endloop
endfacet
facet normal 0.025472024 -0.9996756 0
 outer loop
  vertex -21.518978 36.335815 2.6593268
  vertex -21.518978 36.335815 -3.9665685
  vertex -12.211403 36.572975 -3.9665685
 endloop
endfacet
facet normal 0.025472024 -0.9996756 0
 outer loop
  vertex -21.518978 36.335815 2.6593268
  vertex -12.211403 36.572975 -3.9665685
  vertex -12.211403 36.572975 2.6593268
 endloop
endfacet
facet normal 0.025472162 -0.9996755 0
 outer loop
  vertex -12.184257 35.507584 -3.9665685
  vertex -7.557143 35.625484 -10.37643
  vertex -7.557143 35.625484 8.35694
 endloop
endfacet
facet normal 0.025472164 -0.9996756 0
 outer loop
  vertex -12.184257 35.507584 -3.9665685
  vertex -7.557143 35.625484 8.35694
  vertex -12.184257 35.507584 2.6593268
 endloop
endfacet
facet normal 0.025471926 -0.9996755 1.9444447e-07
 outer loop
  vertex -12.184257 35.507584 2.6593268
  vertex -7.557143 35.625484 8.35694
  vertex -25.843596 35.159542 8.35694
 endloop
endfacet
facet normal 0.025472026 -0.9996755 4.2921315e-07
 outer loop
  vertex -12.184257 35.507584 2.6593268
  vertex -25.843596 35.159542 8.35694
  vertex -21.49183 35.270424 2.6593268
 endloop
endfacet
facet normal 0.025471894 -0.9996755 -1.960241e-07
 outer loop
  vertex -7.557143 35.625484 -10.37643
  vertex -12.184257 35.507584 -3.9665685
  vertex -22.447693 35.24607 -10.37643
 endloop
endfacet
facet normal 0.025472026 -0.9996756 -4.0748742e-07
 outer loop
  vertex -22.447693 35.24607 -10.37643
  vertex -12.184257 35.507584 -3.9665685
  vertex -21.49183 35.270424 -3.9665685
 endloop
endfacet
facet normal 0.02546929 -0.9996756 0
 outer loop
  vertex -22.447693 35.24607 -10.37643
  vertex -21.49183 35.270424 -3.9665685
  vertex -22.447693 35.24607 -4.927028
 endloop
endfacet
facet normal 0.025471466 -0.9996756 0
 outer loop
  vertex -25.843596 35.159542 8.35694
  vertex -25.843596 35.159542 -4.927028
  vertex -21.49183 35.270424 2.6593268
 endloop
endfacet
facet normal 0.02547208 -0.9996755 -3.5155585e-07
 outer loop
  vertex -21.49183 35.270424 2.6593268
  vertex -25.843596 35.159542 -4.927028
  vertex -22.447693 35.24607 -4.927028
 endloop
endfacet
facet normal 0.025469288 -0.9996755 0
 outer loop
  vertex -21.49183 35.270424 2.6593268
  vertex -22.447693 35.24607 -4.927028
  vertex -21.49183 35.270424 -3.9665685
 endloop
endfacet
facet normal 0 0 1
 outer loop
  vertex -21.518978 36.335815 -3.9665685
  vertex -21.49183 35.270424 -3.9665685
  vertex -12.184257 35.507584 -3.9665685
 endloop
endfacet
facet normal 0 0 1
 outer loop
  vertex -21.518978 36.335815 -3.9665685
  vertex -12.184257 35.507584 -3.9665685
  vertex -12.211403 36.572975 -3.9665685
 endloop
endfacet
facet normal -0.9996755 -0.025471885 0
 outer loop
  vertex -12.211403 36.572975 2.6593268
  vertex -12.211403 36.572975 -3.9665685
  vertex -12.184257 35.507584 -3.9665685
 endloop
endfacet
facet normal -0.9996755 -0.025471885 -0
 outer loop
  vertex -12.211403 36.572975 2.6593268
  vertex -12.184257 35.507584 -3.9665685
  vertex -12.184257 35.507584 2.6593268
 endloop
endfacet
facet normal 0 0 -1
 outer loop
  vertex -12.211403 36.572975 2.6593268
  vertex -12.184257 35.507584 2.6593268
  vertex -21.49183 35.270424 2.6593268
 endloop
endfacet
facet normal 0 0 -1
 outer loop
  vertex -12.211403 36.572975 2.6593268
  vertex -21.49183 35.270424 2.6593268
  vertex -21.518978 36.335815 2.6593268
 endloop
endfacet
facet normal 0.9996755 0.025472779 0
 outer loop
  vertex -21.49183 35.270424 -3.9665685
  vertex -21.518978 36.335815 -3.9665685
  vertex -21.518978 36.335815 2.6593268
 endloop
endfacet
facet normal 0.9996755 0.025472779 0
 outer loop
  vertex -21.49183 35.270424 -3.9665685
  vertex -21.518978 36.335815 2.6593268
  vertex -21.49183 35.270424 2.6593268
 endloop
endfacet
facet normal -0.9996755 -0.025472065 -0
 outer loop
  vertex -7.8009295 19.116348 -4.246204
  vertex -7.8009295 19.116348 1.0389432
  vertex -8.031143 28.151302 1.0389432
 endloop
endfacet
facet normal -0.9996755 -0.025472065 0
 outer loop
  vertex -7.8009295 19.116348 -4.246204
  vertex -8.031143 28.151302 1.0389432
  vertex -8.031143 28.151302 -4.246204
 endloop
endfacet
facet normal 0 0 1
 outer loop
  vertex -7.8009295 19.116348 1.0389432
  vertex -7.136916 19.133268 1.0389432
  vertex -7.36713 28.16822 1.0389432
 endloop
endfacet
facet normal -0 0 1
 outer loop
  vertex -7.8009295 19.116348 1.0389432
  vertex -7.36713 28.16822 1.0389432
  vertex -8.031143 28.151302 1.0389432
 endloop
endfacet
facet normal -0.025470411 0.99967563 0
 outer loop
  vertex -8.031143 28.151302 -4.246204
  vertex -8.031143 28.151302 1.0389432
  vertex -7.36713 28.16822 1.0389432
 endloop
endfacet
facet normal -0.025470411 0.99967563 0
 outer loop
  vertex -8.031143 28.151302 -4.246204
  vertex -7.36713 28.16822 1.0389432
  vertex -7.36713 28.16822 -4.246204
 endloop
endfacet
facet normal -0 0 -1
 outer loop
  vertex -8.031143 28.151302 -4.246204
  vertex -7.36713 28.16822 -4.246204
  vertex -7.1369157 19.133266 -4.246204
 endloop
endfacet
facet normal 0 0 -1
 outer loop
  vertex -8.031143 28.151302 -4.246204
  vertex -7.1369157 19.133266 -4.246204
  vertex -7.8009295 19.116348 -4.246204
 endloop
endfacet
facet normal 0.02547328 -0.9996755 0
 outer loop
  vertex -7.136916 19.133268 1.0389432
  vertex -7.8009295 19.116348 1.0389432
  vertex -7.8009295 19.116348 -4.246204
 endloop
endfacet
facet normal 0.02547039 -0.9996756 3.6292013e-07
 outer loop
  vertex -7.136916 19.133268 1.0389432
  vertex -7.8009295 19.116348 -4.246204
  vertex -7.1369157 19.133266 -4.246204
 endloop
endfacet
facet normal 0.9996755 0.02547207 -0
 outer loop
  vertex -6.0109854 15.742886 4.930848
  vertex -6.0109854 15.742886 -10.37643
  vertex -6.0652122 17.87107 -4.0349903
 endloop
endfacet
facet normal 0.9996755 0.025472067 0
 outer loop
  vertex -6.0109854 15.742886 4.930848
  vertex -6.0652122 17.87107 -4.0349903
  vertex -6.0652122 17.87107 0.87709075
 endloop
endfacet
facet normal 0.9996755 0.025472058 3.4091165e-09
 outer loop
  vertex -6.0652122 17.87107 -4.0349903
  vertex -6.0109854 15.742886 -10.37643
  vertex -6.3621287 29.523846 -10.37643
 endloop
endfacet
facet normal 0.9996756 0.02547205 -1.1094311e-08
 outer loop
  vertex -6.0652122 17.87107 -4.0349903
  vertex -6.3621287 29.523846 -10.37643
  vertex -6.2810144 26.340439 -4.0349903
 endloop
endfacet
facet normal 0.9996756 0.025472075 0
 outer loop
  vertex -6.2810144 26.340439 -4.0349903
  vertex -6.3621287 29.523846 -10.37643
  vertex -6.3621287 29.523846 10.418196
 endloop
endfacet
facet normal 0.9996755 0.025472073 0
 outer loop
  vertex -6.2810144 26.340439 -4.0349903
  vertex -6.3621287 29.523846 10.418196
  vertex -6.2810144 26.340439 0.87709075
 endloop
endfacet
facet normal 0.9996756 0.025472201 -0
 outer loop
  vertex -6.310622 27.502434 10.418196
  vertex -6.310622 27.502434 8.60792
  vertex -6.3621287 29.523846 10.418196
 endloop
endfacet
facet normal 0.9996756 0.025472254 -5.9756445e-08
 outer loop
  vertex -6.3621287 29.523846 10.418196
  vertex -6.310622 27.502434 8.60792
  vertex -6.2810144 26.340439 0.87709075
 endloop
endfacet
facet normal 0.9996756 0.025472036 -1.4817482e-06
 outer loop
  vertex -6.0306096 16.51305 8.458903
  vertex -6.310622 27.502434 8.60792
  vertex -5.815551 8.072861 8.60792
 endloop
endfacet
facet normal 0.9996756 0.025472052 -5.258733e-07
 outer loop
  vertex -6.0306096 16.51305 8.458903
  vertex -5.815551 8.072861 8.60792
  vertex -5.8320217 8.7192745 8.458903
 endloop
endfacet
facet normal 0.99967545 0.025472173 -0
 outer loop
  vertex -5.815551 8.072861 8.60792
  vertex -5.815551 8.072861 -5.0352035
  vertex -5.8320217 8.7192745 8.458903
 endloop
endfacet
facet normal 0.9996756 0.025472173 0
 outer loop
  vertex -5.8320217 8.7192745 5.8257055
  vertex -5.8320217 8.7192745 8.458903
  vertex -5.815551 8.072861 -5.0352035
 endloop
endfacet
facet normal 0.9996756 0.025472144 1.739793e-09
 outer loop
  vertex -5.8320217 8.7192745 5.8257055
  vertex -5.815551 8.072861 -5.0352035
  vertex -5.8633065 9.947073 4.930848
 endloop
endfacet
facet normal 0.9996755 0.025472017 -2.4246269e-08
 outer loop
  vertex -6.2810144 26.340439 0.87709075
  vertex -6.310622 27.502434 8.60792
  vertex -6.0306096 16.51305 8.458903
 endloop
endfacet
facet normal 0.9996755 0.025472052 2.087842e-08
 outer loop
  vertex -6.2810144 26.340439 0.87709075
  vertex -6.0306096 16.51305 8.458903
  vertex -6.0652122 17.87107 0.87709075
 endloop
endfacet
facet normal 0.9996755 0.025471933 -0
 outer loop
  vertex -6.0652122 17.87107 0.87709075
  vertex -6.0306096 16.51305 8.458903
  vertex -6.0306096 16.51305 5.8257055
 endloop
endfacet
facet normal 0.9996756 0.025472214 7.742324e-08
 outer loop
  vertex -6.0652122 17.87107 0.87709075
  vertex -6.0306096 16.51305 5.8257055
  vertex -6.0109854 15.742886 4.930848
 endloop
endfacet
facet normal 0.9996756 0.025472 2.6424019e-07
 outer loop
  vertex -5.8633065 9.947073 4.930848
  vertex -6.0109854 15.742886 4.930848
  vertex -6.0306096 16.51305 5.8257055
 endloop
endfacet
facet normal 0.99967545 0.025472052 -1.366965e-07
 outer loop
  vertex -5.8633065 9.947073 4.930848
  vertex -6.0306096 16.51305 5.8257055
  vertex -5.8320217 8.7192745 5.8257055
 endloop
endfacet
facet normal 0.9996755 0.025472153 0
 outer loop
  vertex -5.8633065 9.947073 4.930848
  vertex -5.815551 8.072861 -5.0352035
  vertex -5.8633065 9.947073 -10.37643
 endloop
endfacet
facet normal 0.9996755 0.025472032 -4.198739e-08
 outer loop
  vertex -5.724523 4.5003767 -10.37643
  vertex -5.8633065 9.947073 -10.37643
  vertex -5.815551 8.072861 -5.0352035
 endloop
endfacet
facet normal 0.9996755 0.025471969 0
 outer loop
  vertex -5.724523 4.5003767 -10.37643
  vertex -5.815551 8.072861 -5.0352035
  vertex -5.724523 4.5003767 -5.0352035
 endloop
endfacet
facet normal -0.025472008 0.9996756 0
 outer loop
  vertex -6.310622 27.502434 10.418196
  vertex 13.148092 27.998247 10.418196
  vertex 13.148092 27.998247 8.60792
 endloop
endfacet
facet normal -0.025472008 0.9996756 0
 outer loop
  vertex -6.310622 27.502434 10.418196
  vertex 13.148092 27.998247 8.60792
  vertex -6.310622 27.502434 8.60792
 endloop
endfacet
facet normal 0 -0 -1
 outer loop
  vertex -6.310622 27.502434 10.418196
  vertex -6.3621287 29.523846 10.418196
  vertex 13.096586 30.01966 10.418196
 endloop
endfacet
facet normal -0 0 -1
 outer loop
  vertex -6.310622 27.502434 10.418196
  vertex 13.096586 30.01966 10.418196
  vertex 13.148092 27.998247 10.418196
 endloop
endfacet
facet normal 0 -0 -1
 outer loop
  vertex -5.815551 8.072861 8.60792
  vertex -6.310622 27.502434 8.60792
  vertex 13.148092 27.998247 8.60792
 endloop
endfacet
facet normal -0 0 -1
 outer loop
  vertex -5.815551 8.072861 8.60792
  vertex 13.148092 27.998247 8.60792
  vertex 13.926008 -2.531838 8.60792
 endloop
endfacet
facet normal 0 0 -1
 outer loop
  vertex 13.926008 -2.531838 8.60792
  vertex 11.459446 -2.5946867 8.60792
  vertex -5.815551 8.072861 8.60792
 endloop
endfacet
facet normal 0 -0 -1
 outer loop
  vertex 11.754539 -14.175866 8.60792
  vertex 3.6108334 -14.38337 8.60792
  vertex 11.459446 -2.5946867 8.60792
 endloop
endfacet
facet normal 0 0 -1
 outer loop
  vertex 3.6108334 -14.38337 8.60792
  vertex 3.6657794 -16.539782 8.60792
  vertex -6.449127 -16.797512 8.60792
 endloop
endfacet
facet normal 0 0 -1
 outer loop
  vertex 3.6108334 -14.38337 8.60792
  vertex -6.449127 -16.797512 8.60792
  vertex -6.7278547 -5.8586373 8.60792
 endloop
endfacet
facet normal 0 0 -1
 outer loop
  vertex 11.459446 -2.5946867 8.60792
  vertex 3.6108334 -14.38337 8.60792
  vertex -6.7278547 -5.8586373 8.60792
 endloop
endfacet
facet normal 0 -0 -1
 outer loop
  vertex 11.459446 -2.5946867 8.60792
  vertex -6.7278547 -5.8586373 8.60792
  vertex -5.815551 8.072861 8.60792
 endloop
endfacet
facet normal -0 0 -1
 outer loop
  vertex -25.063185 7.582425 8.60792
  vertex -5.815551 8.072861 8.60792
  vertex -6.7278547 -5.8586373 8.60792
 endloop
endfacet
facet normal 0 0 -1
 outer loop
  vertex -25.063185 7.582425 8.60792
  vertex -6.7278547 -5.8586373 8.60792
  vertex -24.709028 -6.316803 8.60792
 endloop
endfacet
facet normal -0.9996755 -0.02547278 0
 outer loop
  vertex 10.590311 32.87077 4.4708934
  vertex 10.590311 32.87077 -10.37643
  vertex 10.664539 29.957691 -10.37643
 endloop
endfacet
facet normal -0.9996755 -0.025472125 -1.2842247e-07
 outer loop
  vertex 10.590311 32.87077 4.4708934
  vertex 10.664539 29.957691 -10.37643
  vertex 10.664537 29.957691 4.4708934
 endloop
endfacet
facet normal 0.9996755 0.025472047 0
 outer loop
  vertex -0.37871027 29.676306 -10.37643
  vertex -0.45293647 32.589386 -10.37643
  vertex -0.45293647 32.589386 4.4708934
 endloop
endfacet
facet normal 0.9996755 0.025472047 0
 outer loop
  vertex -0.37871027 29.676306 -10.37643
  vertex -0.45293647 32.589386 4.4708934
  vertex -0.37871027 29.676306 4.4708934
 endloop
endfacet
facet normal 0 0 -1
 outer loop
  vertex 10.664537 29.957691 4.4708934
  vertex -0.37871027 29.676306 4.4708934
  vertex -0.45293647 32.589386 4.4708934
 endloop
endfacet
facet normal 0 -0 -1
 outer loop
  vertex 10.664537 29.957691 4.4708934
  vertex -0.45293647 32.589386 4.4708934
  vertex 10.590311 32.87077 4.4708934
 endloop
endfacet
facet normal -0.9996756 -0.025472067 -1.0340109e-06
 outer loop
  vertex 12.870115 38.906937 9.9077215
  vertex 12.870136 38.906937 -10.376425
  vertex 13.022361 32.93274 -10.376425
 endloop
endfacet
facet normal -0.9996756 -0.025471907 -1.0810114e-06
 outer loop
  vertex 12.870115 38.906937 9.9077215
  vertex 13.022361 32.93274 -10.376425
  vertex 13.022339 32.93274 9.9077215
 endloop
endfacet
facet normal -0.025472198 0.9996756 -2.7544674e-08
 outer loop
  vertex 13.022339 32.93274 9.9077215
  vertex 13.022361 32.93274 -10.376425
  vertex 10.590311 32.87077 -10.37643
 endloop
endfacet
facet normal -0.025472425 0.99967545 0
 outer loop
  vertex 13.022339 32.93274 9.9077215
  vertex 10.590311 32.87077 -10.37643
  vertex 10.590311 32.87077 4.4708934
 endloop
endfacet
facet normal -0.025472155 0.9996755 -1.2161865e-07
 outer loop
  vertex -5.3609643 32.464325 9.9077215
  vertex 13.022339 32.93274 9.9077215
  vertex 10.590311 32.87077 4.4708934
 endloop
endfacet
facet normal -0.025471875 0.9996756 6.986657e-07
 outer loop
  vertex -5.3609643 32.464325 9.9077215
  vertex 10.590311 32.87077 4.4708934
  vertex -0.45293647 32.589386 4.4708934
 endloop
endfacet
facet normal -0.025472654 0.99967545 -7.185693e-09
 outer loop
  vertex -5.3609586 32.464325 -10.376432
  vertex -5.3609643 32.464325 9.9077215
  vertex -0.45293647 32.589386 4.4708934
 endloop
endfacet
facet normal -0.025472676 0.9996756 0
 outer loop
  vertex -5.3609586 32.464325 -10.376432
  vertex -0.45293647 32.589386 4.4708934
  vertex -0.45293647 32.589386 -10.37643
 endloop
endfacet
facet normal -0 0 -1
 outer loop
  vertex -5.513189 38.438522 9.9077215
  vertex 12.870115 38.906937 9.9077215
  vertex 13.022339 32.93274 9.9077215
 endloop
endfacet
facet normal 0 0 -1
 outer loop
  vertex -5.513189 38.438522 9.9077215
  vertex 13.022339 32.93274 9.9077215
  vertex -5.3609643 32.464325 9.9077215
 endloop
endfacet
facet normal -4.1474794e-07 -1.0567916e-08 1
 outer loop
  vertex 13.022361 32.93274 -10.376425
  vertex 12.870136 38.906937 -10.376425
  vertex -5.513183 38.438522 -10.376432
 endloop
endfacet
facet normal -1.8382592e-06 -4.802903e-06 1
 outer loop
  vertex 13.022361 32.93274 -10.376425
  vertex -5.513183 38.438522 -10.376432
  vertex 10.590311 32.87077 -10.37643
 endloop
endfacet
facet normal -5.825497e-07 -1.484356e-08 1
 outer loop
  vertex -5.513183 38.438522 -10.376432
  vertex -5.3609586 32.464325 -10.376432
  vertex -0.45293647 32.589386 -10.37643
 endloop
endfacet
facet normal -1.21944455e-08 4.7858623e-07 1
 outer loop
  vertex -5.513183 38.438522 -10.376432
  vertex -0.45293647 32.589386 -10.37643
  vertex 10.590311 32.87077 -10.37643
 endloop
endfacet
facet normal -0 0 -1
 outer loop
  vertex -0.45293647 32.589386 -10.37643
  vertex 10.590311 32.87077 -10.37643
  vertex 10.664539 29.957691 -10.37643
 endloop
endfacet
facet normal 0 0 -1
 outer loop
  vertex -0.45293647 32.589386 -10.37643
  vertex 10.664539 29.957691 -10.37643
  vertex -0.37871027 29.676306 -10.37643
 endloop
endfacet
facet normal 0.02547213 -0.9996755 7.185545e-09
 outer loop
  vertex -5.513189 38.438522 9.9077215
  vertex -5.513183 38.438522 -10.376432
  vertex 12.870136 38.906937 -10.376425
 endloop
endfacet
facet normal 0.025472151 -0.9996755 2.6347031e-08
 outer loop
  vertex -5.513189 38.438522 9.9077215
  vertex 12.870136 38.906937 -10.376425
  vertex 12.870115 38.906937 9.9077215
 endloop
endfacet
facet normal 0.9996756 0.025472067 2.8200287e-07
 outer loop
  vertex -5.3609586 32.464325 -10.376432
  vertex -5.513183 38.438522 -10.376432
  vertex -5.513189 38.438522 9.9077215
 endloop
endfacet
facet normal 0.9996756 0.025472067 2.8174574e-07
 outer loop
  vertex -5.3609586 32.464325 -10.376432
  vertex -5.513189 38.438522 9.9077215
  vertex -5.3609643 32.464325 9.9077215
 endloop
endfacet
facet normal 0 0 -1
 outer loop
  vertex -6.883649 9.193577 8.35694
  vertex -25.170103 8.727632 8.35694
  vertex -25.843596 35.159542 8.35694
 endloop
endfacet
facet normal 0 -0 -1
 outer loop
  vertex -6.883649 9.193577 8.35694
  vertex -25.843596 35.159542 8.35694
  vertex -7.557143 35.625484 8.35694
 endloop
endfacet
facet normal -0.024716228 0.012625832 -0.9996148
 outer loop
  vertex -7.81436 -7.2695794 5.651001
  vertex -7.5823975 -16.37315 5.530281
  vertex -17.45995 -16.729353 5.770012
 endloop
endfacet
facet normal -0.05653084 0.045093462 -0.997382
 outer loop
  vertex -7.81436 -7.2695794 5.651001
  vertex -17.45995 -16.729353 5.770012
  vertex -17.694572 -7.5213304 6.1996217
 endloop
endfacet
facet normal -0.9996755 -0.025472421 0
 outer loop
  vertex -6.902174 9.920603 4.930848
  vertex -6.902174 9.920603 -10.37643
  vertex -6.883649 9.193577 -10.37643
 endloop
endfacet
facet normal -0.9996756 -0.025472423 -0
 outer loop
  vertex -6.902174 9.920603 4.930848
  vertex -6.883649 9.193577 -10.37643
  vertex -6.883649 9.193577 8.35694
 endloop
endfacet
facet normal -0.9996756 -0.025472086 7.139066e-08
 outer loop
  vertex -6.902174 9.920603 4.930848
  vertex -6.883649 9.193577 8.35694
  vertex -7.557143 35.625484 8.35694
 endloop
endfacet
facet normal -0.9996755 -0.025472004 -5.761387e-07
 outer loop
  vertex -6.902174 9.920603 4.930848
  vertex -7.557143 35.625484 8.35694
  vertex -7.049853 15.716415 4.930848
 endloop
endfacet
facet normal -0.9996756 -0.025472112 6.744838e-08
 outer loop
  vertex -7.049853 15.716415 4.930848
  vertex -7.557143 35.625484 8.35694
  vertex -7.36713 28.16822 1.0389432
 endloop
endfacet
facet normal -0.9996755 -0.025472071 1.8978817e-07
 outer loop
  vertex -7.049853 15.716415 4.930848
  vertex -7.36713 28.16822 1.0389432
  vertex -7.136916 19.133268 1.0389432
 endloop
endfacet
facet normal -0.9996756 -0.025472047 0
 outer loop
  vertex -7.36713 28.16822 1.0389432
  vertex -7.557143 35.625484 8.35694
  vertex -7.557143 35.625484 -10.37643
 endloop
endfacet
facet normal -0.99967545 -0.02547204 0
 outer loop
  vertex -7.36713 28.16822 1.0389432
  vertex -7.557143 35.625484 -10.37643
  vertex -7.36713 28.16822 -4.246204
 endloop
endfacet
facet normal -0.9996756 -0.025472097 -6.6397334e-08
 outer loop
  vertex -7.36713 28.16822 -4.246204
  vertex -7.557143 35.625484 -10.37643
  vertex -7.049853 15.716415 -10.37643
 endloop
endfacet
facet normal -0.9996755 -0.025472116 -2.581951e-08
 outer loop
  vertex -7.36713 28.16822 -4.246204
  vertex -7.049853 15.716415 -10.37643
  vertex -7.1369157 19.133266 -4.246204
 endloop
endfacet
facet normal -0.9996756 -0.025472162 -0
 outer loop
  vertex -7.1369157 19.133266 -4.246204
  vertex -7.049853 15.716415 -10.37643
  vertex -7.049853 15.716415 4.930848
 endloop
endfacet
facet normal -0.9996755 -0.025472382 -8.083915e-08
 outer loop
  vertex -7.1369157 19.133266 -4.246204
  vertex -7.049853 15.716415 4.930848
  vertex -7.136916 19.133268 1.0389432
 endloop
endfacet
facet normal 0.9996755 0.025475498 -0
 outer loop
  vertex -25.374996 16.768887 -7.012609
  vertex -25.374996 16.768887 -10.37643
  vertex -25.383785 17.113775 -10.37643
 endloop
endfacet
facet normal 0.99967545 0.025475495 0
 outer loop
  vertex -25.374996 16.768887 -7.012609
  vertex -25.383785 17.113775 -10.37643
  vertex -25.383785 17.113775 -3.9185998
 endloop
endfacet
facet normal 0.99967545 0.025473334 -0
 outer loop
  vertex -25.663765 28.101881 -3.9185998
  vertex -25.663765 28.101881 -10.37643
  vertex -25.669722 28.335644 -10.37643
 endloop
endfacet
facet normal 0.99967545 0.025473336 0
 outer loop
  vertex -25.663765 28.101881 -3.9185998
  vertex -25.669722 28.335644 -10.37643
  vertex -25.669722 28.335644 -4.927028
 endloop
endfacet
facet normal 0.9996756 0.025471875 0
 outer loop
  vertex -25.669722 28.335644 -4.927028
  vertex -25.843596 35.159542 -4.927028
  vertex -25.843596 35.159542 8.35694
 endloop
endfacet
facet normal 0.9996755 0.025472322 -2.386584e-07
 outer loop
  vertex -25.669722 28.335644 -4.927028
  vertex -25.843596 35.159542 8.35694
  vertex -25.663765 28.101881 -3.9185998
 endloop
endfacet
facet normal 0.9996755 0.02547201 -4.8481258e-08
 outer loop
  vertex -25.663765 28.101881 -3.9185998
  vertex -25.843596 35.159542 8.35694
  vertex -25.170103 8.727632 8.35694
 endloop
endfacet
facet normal 0.9996756 0.025471231 -1.260833e-06
 outer loop
  vertex -25.663765 28.101881 -3.9185998
  vertex -25.170103 8.727632 8.35694
  vertex -25.274014 12.805665 5.080347
 endloop
endfacet
facet normal 0.9996756 0.025472261 0
 outer loop
  vertex -25.170103 8.727632 5.080347
  vertex -25.274014 12.805665 5.080347
  vertex -25.170103 8.727632 8.35694
 endloop
endfacet
facet normal 0.9996756 0.025471985 1.2051875e-09
 outer loop
  vertex -25.663765 28.101881 -3.9185998
  vertex -25.274014 12.805665 5.080347
  vertex -25.383785 17.113775 -3.9185998
 endloop
endfacet
facet normal 0.9996755 0.025472067 -0
 outer loop
  vertex -25.274014 12.805665 5.080347
  vertex -25.274014 12.805665 -10.37643
  vertex -25.30287 13.938157 -10.37643
 endloop
endfacet
facet normal 0.9996755 0.02547207 0
 outer loop
  vertex -25.274014 12.805665 5.080347
  vertex -25.30287 13.938157 -10.37643
  vertex -25.30287 13.938157 -7.012609
 endloop
endfacet
facet normal 0.99967563 0.025471523 4.4327714e-07
 outer loop
  vertex -25.30287 13.938157 -7.012609
  vertex -25.374996 16.768887 -7.012609
  vertex -25.383785 17.113775 -3.9185998
 endloop
endfacet
facet normal 0.9996755 0.02547196 -9.953028e-09
 outer loop
  vertex -25.30287 13.938157 -7.012609
  vertex -25.383785 17.113775 -3.9185998
  vertex -25.274014 12.805665 5.080347
 endloop
endfacet
facet normal 0.025472227 -0.9996755 0
 outer loop
  vertex 10.664539 29.957691 -10.37643
  vertex 13.096586 30.01966 -10.37643
  vertex 13.096586 30.01966 10.418196
 endloop
endfacet
facet normal 0.025472201 -0.9996756 3.3002638e-09
 outer loop
  vertex 10.664539 29.957691 -10.37643
  vertex 13.096586 30.01966 10.418196
  vertex 10.664537 29.957691 4.4708934
 endloop
endfacet
facet normal 0.025472103 -0.9996756 4.3249816e-08
 outer loop
  vertex 10.664537 29.957691 4.4708934
  vertex 13.096586 30.01966 10.418196
  vertex -6.3621287 29.523846 10.418196
 endloop
endfacet
facet normal 0.025472045 -0.9996755 -1.1975571e-07
 outer loop
  vertex 10.664537 29.957691 4.4708934
  vertex -6.3621287 29.523846 10.418196
  vertex -0.37871027 29.676306 4.4708934
 endloop
endfacet
facet normal 0.025472168 -0.9996756 0
 outer loop
  vertex -0.37871027 29.676306 4.4708934
  vertex -6.3621287 29.523846 10.418196
  vertex -6.3621287 29.523846 -10.37643
 endloop
endfacet
facet normal 0.025472166 -0.9996756 0
 outer loop
  vertex -0.37871027 29.676306 4.4708934
  vertex -6.3621287 29.523846 -10.37643
  vertex -0.37871027 29.676306 -10.37643
 endloop
endfacet
facet normal -0 0 1
 outer loop
  vertex 4.9739904 11.612471 -10.37643
  vertex 4.91698 13.849897 -10.37643
  vertex 3.8975773 11.585043 -10.37643
 endloop
endfacet
facet normal 0 0 1
 outer loop
  vertex 12.414383 14.040934 -10.37643
  vertex 12.471394 11.803506 -10.37643
  vertex 13.560033 11.831245 -10.37643
 endloop
endfacet
facet normal 0 0 1
 outer loop
  vertex 12.414383 14.040934 -10.37643
  vertex 13.560033 11.831245 -10.37643
  vertex 13.452716 16.04299 -10.37643
 endloop
endfacet
facet normal -0 0 1
 outer loop
  vertex 12.414383 14.040934 -10.37643
  vertex 13.452716 16.04299 -10.37643
  vertex 7.9267297 15.902186 -10.37643
 endloop
endfacet
facet normal -0 0 1
 outer loop
  vertex 12.414383 14.040934 -10.37643
  vertex 7.9267297 15.902186 -10.37643
  vertex 4.91698 13.849897 -10.37643
 endloop
endfacet
facet normal 0 0 1
 outer loop
  vertex 7.623003 27.822237 -10.37643
  vertex 13.14899 27.963041 -10.37643
  vertex 13.096586 30.01966 -10.37643
 endloop
endfacet
facet normal -0 0 1
 outer loop
  vertex 7.623003 27.822237 -10.37643
  vertex 13.096586 30.01966 -10.37643
  vertex 10.664539 29.957691 -10.37643
 endloop
endfacet
facet normal 0 -0 1
 outer loop
  vertex -0.37871027 29.676306 -10.37643
  vertex -6.3621287 29.523846 -10.37643
  vertex -6.0109854 15.742886 -10.37643
 endloop
endfacet
facet normal 0 -0 1
 outer loop
  vertex -0.37871027 29.676306 -10.37643
  vertex -6.0109854 15.742886 -10.37643
  vertex 10.664539 29.957691 -10.37643
 endloop
endfacet
facet normal 0 -0 1
 outer loop
  vertex -7.557143 35.625484 -10.37643
  vertex -22.447693 35.24607 -10.37643
  vertex -22.395472 33.196575 -10.37643
 endloop
endfacet
facet normal 0 -0 1
 outer loop
  vertex -7.557143 35.625484 -10.37643
  vertex -22.395472 33.196575 -10.37643
  vertex -19.822649 33.26213 -10.37643
 endloop
endfacet
facet normal 0 -0 1
 outer loop
  vertex -19.737364 29.915045 -10.37643
  vertex -22.310186 29.84949 -10.37643
  vertex -22.273819 28.422173 -10.37643
 endloop
endfacet
facet normal 0 -0 1
 outer loop
  vertex -19.737364 29.915045 -10.37643
  vertex -22.273819 28.422173 -10.37643
  vertex -11.561104 28.461222 -10.37643
 endloop
endfacet
facet normal 0 -0 1
 outer loop
  vertex -22.273819 28.422173 -10.37643
  vertex -25.669722 28.335644 -10.37643
  vertex -25.663765 28.101881 -10.37643
 endloop
endfacet
facet normal 0 -0 1
 outer loop
  vertex -22.273819 28.422173 -10.37643
  vertex -25.663765 28.101881 -10.37643
  vertex -11.561104 28.461222 -10.37643
 endloop
endfacet
facet normal 0 -0 1
 outer loop
  vertex -11.281124 17.473116 -10.37643
  vertex -25.383785 17.113775 -10.37643
  vertex -25.374996 16.768887 -10.37643
 endloop
endfacet
facet normal 0 -0 1
 outer loop
  vertex -11.281124 17.473116 -10.37643
  vertex -25.374996 16.768887 -10.37643
  vertex -22.652643 16.838253 -10.37643
 endloop
endfacet
facet normal 0 -0 1
 outer loop
  vertex -22.580517 14.007524 -10.37643
  vertex -25.30287 13.938157 -10.37643
  vertex -25.274014 12.805665 -10.37643
 endloop
endfacet
facet normal 0 -0 1
 outer loop
  vertex -22.580517 14.007524 -10.37643
  vertex -25.274014 12.805665 -10.37643
  vertex -15.384953 13.057642 -10.37643
 endloop
endfacet
facet normal 0 0 1
 outer loop
  vertex -15.384953 13.057642 -10.37643
  vertex -15.281043 8.979609 -10.37643
  vertex -6.883649 9.193577 -10.37643
 endloop
endfacet
facet normal 0 0 1
 outer loop
  vertex -15.384953 13.057642 -10.37643
  vertex -6.883649 9.193577 -10.37643
  vertex -6.902174 9.920603 -10.37643
 endloop
endfacet
facet normal 0 0 1
 outer loop
  vertex -7.890468 4.4451876 -10.37643
  vertex -7.815562 1.5054189 -10.37643
  vertex -5.724523 4.5003767 -10.37643
 endloop
endfacet
facet normal -0 0 1
 outer loop
  vertex -12.065672 1.3971248 -10.37643
  vertex -12.140578 4.3368936 -10.37643
  vertex -14.377426 4.279898 -10.37643
 endloop
endfacet
facet normal -0 0 1
 outer loop
  vertex -12.065672 1.3971248 -10.37643
  vertex -14.377426 4.279898 -10.37643
  vertex -15.509824 -5.823706 -10.37643
 endloop
endfacet
facet normal -0 0 1
 outer loop
  vertex -14.377426 4.279898 -10.37643
  vertex -14.468454 7.852382 -10.37643
  vertex -15.857393 7.8169913 -10.37643
 endloop
endfacet
facet normal -0 -0 1
 outer loop
  vertex -14.377426 4.279898 -10.37643
  vertex -15.857393 7.8169913 -10.37643
  vertex -15.509824 -5.823706 -10.37643
 endloop
endfacet
facet normal 0 -0 1
 outer loop
  vertex -15.509824 -5.823706 -10.37643
  vertex -24.715614 -6.0582724 -10.37643
  vertex -24.709028 -6.316801 -10.37643
 endloop
endfacet
facet normal 0 -0 1
 outer loop
  vertex -15.509824 -5.823706 -10.37643
  vertex -24.709028 -6.316801 -10.37643
  vertex -6.7278547 -5.8586354 -10.37643
 endloop
endfacet
facet normal 0 -0 1
 outer loop
  vertex -12.065672 1.3971248 -10.37643
  vertex -15.509824 -5.823706 -10.37643
  vertex -6.7278547 -5.8586354 -10.37643
 endloop
endfacet
facet normal 0 0 1
 outer loop
  vertex -12.065672 1.3971248 -10.37643
  vertex -6.7278547 -5.8586354 -10.37643
  vertex -7.815562 1.5054189 -10.37643
 endloop
endfacet
facet normal -0 0 1
 outer loop
  vertex -7.807573 -7.535955 -10.37643
  vertex -7.81436 -7.2695794 -10.37643
  vertex -17.694572 -7.5213304 -10.37643
 endloop
endfacet
facet normal 0 0 1
 outer loop
  vertex -17.694572 -7.5213304 -10.37643
  vertex -17.46261 -16.6249 -10.37643
  vertex -16.402756 -16.597897 -10.37643
 endloop
endfacet
facet normal 0 0 1
 outer loop
  vertex -17.694572 -7.5213304 -10.37643
  vertex -16.402756 -16.597897 -10.37643
  vertex -16.509937 -12.391414 -10.37643
 endloop
endfacet
facet normal 0 0 1
 outer loop
  vertex -13.660536 -12.31881 -10.37643
  vertex -13.553353 -16.525291 -10.37643
  vertex -12.432058 -16.496721 -10.37643
 endloop
endfacet
facet normal 0 0 1
 outer loop
  vertex -13.660536 -12.31881 -10.37643
  vertex -12.432058 -16.496721 -10.37643
  vertex -12.522928 -12.930445 -10.37643
 endloop
endfacet
facet normal -0 0 1
 outer loop
  vertex -7.6732674 -12.806874 -10.37643
  vertex -7.684181 -12.378536 -10.37643
  vertex -12.522928 -12.930445 -10.37643
 endloop
endfacet
facet normal 0 0 1
 outer loop
  vertex -6.54686 -12.961885 -10.37643
  vertex -4.5387444 -12.910718 -10.37643
  vertex -6.5624523 -12.349954 -10.37643
 endloop
endfacet
facet normal 0 0 1
 outer loop
  vertex -4.5387444 -12.910718 -10.37643
  vertex -4.4410114 -16.746346 -10.37643
  vertex 3.5857608 -16.54182 -10.37643
 endloop
endfacet
facet normal 0 0 1
 outer loop
  vertex -4.5387444 -12.910718 -10.37643
  vertex 3.5857608 -16.54182 -10.37643
  vertex 3.481733 -12.459149 -10.37643
 endloop
endfacet
facet normal 0 0 1
 outer loop
  vertex 3.481733 -12.459149 -10.37643
  vertex 9.567181 -12.3040905 -10.37643
  vertex 9.319893 -2.5990434 -10.37643
 endloop
endfacet
facet normal 0 0 1
 outer loop
  vertex 3.481733 -12.459149 -10.37643
  vertex 9.319893 -2.5990434 -10.37643
  vertex 9.228972 -2.3083532 -10.37643
 endloop
endfacet
facet normal 0 0 1
 outer loop
  vertex 9.319893 -2.5990434 -10.37643
  vertex 13.924731 -2.4817107 -10.37643
  vertex 13.917271 -2.1888938 -10.37643
 endloop
endfacet
facet normal -0 0 1
 outer loop
  vertex 9.319893 -2.5990434 -10.37643
  vertex 13.917271 -2.1888938 -10.37643
  vertex 9.228972 -2.3083532 -10.37643
 endloop
endfacet
facet normal -0 0 1
 outer loop
  vertex 13.812661 1.9165838 -10.37643
  vertex 13.701292 6.2873864 -10.37643
  vertex 12.612653 6.259648 -10.37643
 endloop
endfacet
facet normal -0 -0 1
 outer loop
  vertex 13.812661 1.9165838 -10.37643
  vertex 12.612653 6.259648 -10.37643
  vertex 12.685169 3.4136827 -10.37643
 endloop
endfacet
facet normal 0 0 1
 outer loop
  vertex 9.124363 1.7971246 -10.37643
  vertex 13.812661 1.9165838 -10.37643
  vertex 12.685169 3.4136827 -10.37643
 endloop
endfacet
facet normal -0 0 1
 outer loop
  vertex 9.124363 1.7971246 -10.37643
  vertex 12.685169 3.4136827 -10.37643
  vertex 5.1877656 3.2226465 -10.37643
 endloop
endfacet
facet normal 0 -0 1
 outer loop
  vertex 5.1152496 6.0686116 -10.37643
  vertex 4.0388365 6.0411844 -10.37643
  vertex 5.1877656 3.2226465 -10.37643
 endloop
endfacet
facet normal 0 -0 1
 outer loop
  vertex -11.281124 17.473116 -10.37643
  vertex -22.652643 16.838253 -10.37643
  vertex -22.580517 14.007524 -10.37643
 endloop
endfacet
facet normal 0 -0 1
 outer loop
  vertex -11.281124 17.473116 -10.37643
  vertex -22.580517 14.007524 -10.37643
  vertex -15.384953 13.057642 -10.37643
 endloop
endfacet
facet normal 0 -0 1
 outer loop
  vertex -11.281124 17.473116 -10.37643
  vertex -15.384953 13.057642 -10.37643
  vertex -6.902174 9.920603 -10.37643
 endloop
endfacet
facet normal 0 0 1
 outer loop
  vertex -11.281124 17.473116 -10.37643
  vertex -6.902174 9.920603 -10.37643
  vertex -7.049853 15.716415 -10.37643
 endloop
endfacet
facet normal 0 -0 1
 outer loop
  vertex -7.557143 35.625484 -10.37643
  vertex -19.822649 33.26213 -10.37643
  vertex -19.737364 29.915045 -10.37643
 endloop
endfacet
facet normal 0 -0 1
 outer loop
  vertex -7.557143 35.625484 -10.37643
  vertex -19.737364 29.915045 -10.37643
  vertex -11.561104 28.461222 -10.37643
 endloop
endfacet
facet normal -0 0 1
 outer loop
  vertex -7.049853 15.716415 -10.37643
  vertex -7.557143 35.625484 -10.37643
  vertex -11.561104 28.461222 -10.37643
 endloop
endfacet
facet normal -0 -0 1
 outer loop
  vertex -7.049853 15.716415 -10.37643
  vertex -11.561104 28.461222 -10.37643
  vertex -11.281124 17.473116 -10.37643
 endloop
endfacet
facet normal 0 -0 1
 outer loop
  vertex -6.0109854 15.742886 -10.37643
  vertex -7.049853 15.716415 -10.37643
  vertex -6.902174 9.920603 -10.37643
 endloop
endfacet
facet normal 0 -0 1
 outer loop
  vertex -6.0109854 15.742886 -10.37643
  vertex -6.902174 9.920603 -10.37643
  vertex -5.8633065 9.947073 -10.37643
 endloop
endfacet
facet normal -0 0 -1
 outer loop
  vertex 7.623003 27.822237 -10.37643
  vertex 10.664539 29.957691 -10.37643
  vertex 7.9267297 15.902186 -10.37643
 endloop
endfacet
facet normal 0 -0 1
 outer loop
  vertex 10.664539 29.957691 -10.37643
  vertex -6.0109854 15.742886 -10.37643
  vertex 7.9267297 15.902186 -10.37643
 endloop
endfacet
facet normal 0 -0 1
 outer loop
  vertex 7.9267297 15.902186 -10.37643
  vertex -6.0109854 15.742886 -10.37643
  vertex 4.91698 13.849897 -10.37643
 endloop
endfacet
facet normal 0 0 1
 outer loop
  vertex 3.8975773 11.585043 -10.37643
  vertex 4.91698 13.849897 -10.37643
  vertex -6.0109854 15.742886 -10.37643
 endloop
endfacet
facet normal -0 -0 1
 outer loop
  vertex 3.8975773 11.585043 -10.37643
  vertex -6.0109854 15.742886 -10.37643
  vertex -5.8633065 9.947073 -10.37643
 endloop
endfacet
facet normal -0 0 1
 outer loop
  vertex 4.0388365 6.0411844 -10.37643
  vertex 3.8975773 11.585043 -10.37643
  vertex -5.8633065 9.947073 -10.37643
 endloop
endfacet
facet normal -0 -0 1
 outer loop
  vertex 4.0388365 6.0411844 -10.37643
  vertex -5.8633065 9.947073 -10.37643
  vertex -5.724523 4.5003767 -10.37643
 endloop
endfacet
facet normal -0 0 1
 outer loop
  vertex 5.1877656 3.2226465 -10.37643
  vertex 4.0388365 6.0411844 -10.37643
  vertex -5.724523 4.5003767 -10.37643
 endloop
endfacet
facet normal -0 0 1
 outer loop
  vertex 5.1877656 3.2226465 -10.37643
  vertex -5.724523 4.5003767 -10.37643
  vertex -7.815562 1.5054189 -10.37643
 endloop
endfacet
facet normal -0 -0 1
 outer loop
  vertex 9.124363 1.7971246 -10.37643
  vertex 5.1877656 3.2226465 -10.37643
  vertex 9.228972 -2.3083532 -10.37643
 endloop
endfacet
facet normal 0 -0 1
 outer loop
  vertex 5.1877656 3.2226465 -10.37643
  vertex -7.815562 1.5054189 -10.37643
  vertex -6.7278547 -5.8586354 -10.37643
 endloop
endfacet
facet normal 0 -0 1
 outer loop
  vertex 5.1877656 3.2226465 -10.37643
  vertex -6.7278547 -5.8586354 -10.37643
  vertex 9.228972 -2.3083532 -10.37643
 endloop
endfacet
facet normal -0 0 1
 outer loop
  vertex 3.481733 -12.459149 -10.37643
  vertex 9.228972 -2.3083532 -10.37643
  vertex -6.7278547 -5.8586354 -10.37643
 endloop
endfacet
facet normal -0 -0 1
 outer loop
  vertex 3.481733 -12.459149 -10.37643
  vertex -6.7278547 -5.8586354 -10.37643
  vertex -4.5387444 -12.910718 -10.37643
 endloop
endfacet
facet normal -0 -0 1
 outer loop
  vertex -4.5387444 -12.910718 -10.37643
  vertex -6.7278547 -5.8586354 -10.37643
  vertex -6.6858444 -7.5073733 -10.37643
 endloop
endfacet
facet normal -0 -0 1
 outer loop
  vertex -4.5387444 -12.910718 -10.37643
  vertex -6.6858444 -7.5073733 -10.37643
  vertex -6.5624523 -12.349954 -10.37643
 endloop
endfacet
facet normal -0 0 1
 outer loop
  vertex -6.5624523 -12.349954 -10.37643
  vertex -6.6858444 -7.5073733 -10.37643
  vertex -7.807573 -7.535955 -10.37643
 endloop
endfacet
facet normal -0 -0 1
 outer loop
  vertex -6.5624523 -12.349954 -10.37643
  vertex -7.807573 -7.535955 -10.37643
  vertex -7.684181 -12.378536 -10.37643
 endloop
endfacet
facet normal 0 0 1
 outer loop
  vertex -12.522928 -12.930445 -10.37643
  vertex -7.684181 -12.378536 -10.37643
  vertex -7.807573 -7.535955 -10.37643
 endloop
endfacet
facet normal -0 0 1
 outer loop
  vertex -12.522928 -12.930445 -10.37643
  vertex -7.807573 -7.535955 -10.37643
  vertex -13.660536 -12.31881 -10.37643
 endloop
endfacet
facet normal -0 0 1
 outer loop
  vertex -13.660536 -12.31881 -10.37643
  vertex -7.807573 -7.535955 -10.37643
  vertex -16.509937 -12.391414 -10.37643
 endloop
endfacet
facet normal -0 -0 1
 outer loop
  vertex -7.807573 -7.535955 -10.37643
  vertex -17.694572 -7.5213304 -10.37643
  vertex -16.509937 -12.391414 -10.37643
 endloop
endfacet
facet normal -0.025471874 0.9996755 0
 outer loop
  vertex -0.45293647 32.589386 -10.37643
  vertex -0.45293647 32.589386 4.4708934
  vertex 10.590311 32.87077 4.4708934
 endloop
endfacet
facet normal -0.025471874 0.9996755 0
 outer loop
  vertex -0.45293647 32.589386 -10.37643
  vertex 10.590311 32.87077 4.4708934
  vertex 10.590311 32.87077 -10.37643
 endloop
endfacet
facet normal 0 0 0
 outer loop
  vertex -0.37871027 29.676306 -10.37643
  vertex -0.37871027 29.676306 4.4708934
  vertex -0.37871027 29.676306 4.4708934
 endloop
endfacet
endsolid 
