solid 
facet normal 0.99997646 0.006864257 0
 outer loop
  vertex -18.100006 -8.690846 -10.37643
  vertex -18.162516 0.41546458 -10.37643
  vertex -18.162516 0.41546458 6.1996217
 endloop
endfacet
facet normal 0.9999764 0.00686425 4.006497e-09
 outer loop
  vertex -18.100006 -8.690846 -10.37643
  vertex -18.162516 0.41546458 6.1996217
  vertex -18.099289 -8.795331 5.770012
 endloop
endfacet
facet normal 0.006864224 -0.9999764 0
 outer loop
  vertex -18.162516 0.41546458 -10.37643
  vertex -8.279329 0.4833066 -10.37643
  vertex -8.279329 0.4833066 5.651001
 endloop
endfacet
facet normal 0.0068642246 -0.99997646 0
 outer loop
  vertex -18.162516 0.41546458 -10.37643
  vertex -8.279329 0.4833066 5.651001
  vertex -18.162516 0.41546458 6.1996217
 endloop
endfacet
facet normal -0.9999764 -0.00686456 -0
 outer loop
  vertex -8.279329 0.4833066 -10.37643
  vertex -8.2775 0.21685046 -10.37643
  vertex -8.2775 0.21685046 4.7721834
 endloop
endfacet
facet normal -0.99997646 -0.006864561 0
 outer loop
  vertex -8.279329 0.4833066 -10.37643
  vertex -8.2775 0.21685046 4.7721834
  vertex -8.279329 0.4833066 5.651001
 endloop
endfacet
facet normal -0.99997646 -0.006864362 -6.029031e-08
 outer loop
  vertex -8.216819 -8.623004 5.530281
  vertex -8.279329 0.4833066 5.651001
  vertex -8.2775 0.21685046 4.7721834
 endloop
endfacet
facet normal -0.99997646 -0.006864507 -1.7529234e-06
 outer loop
  vertex -8.216819 -8.623004 5.530281
  vertex -8.2775 0.21685046 4.7721834
  vertex -8.244247 -4.6271877 4.7721853
 endloop
endfacet
facet normal -0.9999764 -0.0068641747 -0
 outer loop
  vertex -8.216819 -8.623004 -3.893089
  vertex -8.216819 -8.623004 5.530281
  vertex -8.244247 -4.6271877 4.7721853
 endloop
endfacet
facet normal -0.99997646 -0.00686418 1.9582829e-09
 outer loop
  vertex -8.216819 -8.623004 -3.893089
  vertex -8.244247 -4.6271877 4.7721853
  vertex -8.241306 -5.0556555 -3.893089
 endloop
endfacet
facet normal -0.9999765 -0.0068641393 0
 outer loop
  vertex -8.244247 -4.6271877 4.7721853
  vertex -8.244247 -4.6271877 -10.37643
  vertex -8.241306 -5.0556555 -10.37643
 endloop
endfacet
facet normal -0.9999764 -0.006864139 -0
 outer loop
  vertex -8.244247 -4.6271877 4.7721853
  vertex -8.241306 -5.0556555 -10.37643
  vertex -8.241306 -5.0556555 -3.893089
 endloop
endfacet
facet normal 0.006864152 -0.99997646 0
 outer loop
  vertex -25.24452 15.032758 -3.7141004
  vertex -25.24452 15.032758 -6.8870177
  vertex -16.035954 15.095968 -6.8870177
 endloop
endfacet
facet normal 0.006864152 -0.99997646 0
 outer loop
  vertex -25.24452 15.032758 -3.7141004
  vertex -16.035954 15.095968 -6.8870177
  vertex -16.035954 15.095968 -3.7141
 endloop
endfacet
facet normal 0.006864279 -0.99997646 8.818138e-10
 outer loop
  vertex -0.15742382 37.28442 -10.37643
  vertex 10.88915 37.36025 -10.37643
  vertex 10.889148 37.36025 4.4708934
 endloop
endfacet
facet normal 0.0068642804 -0.99997646 0
 outer loop
  vertex -0.15742382 37.28442 -10.37643
  vertex 10.889148 37.36025 4.4708934
  vertex -0.15742382 37.28442 4.4708934
 endloop
endfacet
facet normal 0.9999764 0.0068642776 6.034444e-10
 outer loop
  vertex -7.1554337 0.22455275 -10.37643
  vertex -7.1667547 1.8737869 -10.37643
  vertex -7.1667547 1.8737853 8.60792
 endloop
endfacet
facet normal 0.9999764 0.006864284 0
 outer loop
  vertex -7.1554337 0.22455275 -10.37643
  vertex -7.1667547 1.8737853 8.60792
  vertex -7.1554337 0.22455275 4.7721844
 endloop
endfacet
facet normal 0.99997646 0.0068643233 -1.6686135e-08
 outer loop
  vertex -7.1554337 0.22455275 4.7721844
  vertex -7.1667547 1.8737853 8.60792
  vertex -7.0916424 -9.068382 8.60792
 endloop
endfacet
facet normal 0.9999764 0.006864506 4.28248e-07
 outer loop
  vertex -7.1554337 0.22455275 4.7721844
  vertex -7.0916424 -9.068382 8.60792
  vertex -7.122181 -4.6194854 4.7721863
 endloop
endfacet
facet normal 0.9999764 0.006864137 -0
 outer loop
  vertex -7.122181 -4.6194854 4.7721863
  vertex -7.0916424 -9.068382 8.60792
  vertex -7.0916424 -9.068382 -4.065804
 endloop
endfacet
facet normal 0.9999765 0.0068642255 -4.4382404e-08
 outer loop
  vertex -7.122181 -4.6194854 4.7721863
  vertex -7.0916424 -9.068382 -4.065804
  vertex -7.1179795 -5.2316017 -4.065804
 endloop
endfacet
facet normal 0.9999764 0.006863586 -0
 outer loop
  vertex -7.1179795 -5.2316017 -4.065804
  vertex -7.1179795 -5.2316017 -10.37643
  vertex -7.122181 -4.6194854 -10.37643
 endloop
endfacet
facet normal 0.99997646 0.006863586 0
 outer loop
  vertex -7.1179795 -5.2316017 -4.065804
  vertex -7.122181 -4.6194854 -10.37643
  vertex -7.122181 -4.6194854 4.7721863
 endloop
endfacet
facet normal -0.006864275 0.99997646 0
 outer loop
  vertex 2.9182339 -4.915579 -10.37643
  vertex 2.9182339 -4.915579 -4.517662
  vertex 9.005509 -4.873793 -4.517662
 endloop
endfacet
facet normal -0.006864272 0.99997646 -3.3520429e-09
 outer loop
  vertex 2.9182339 -4.915579 -10.37643
  vertex 9.005509 -4.873793 -4.517662
  vertex 9.005512 -4.873793 -10.37643
 endloop
endfacet
facet normal -0.9999764 -0.006864232 -0
 outer loop
  vertex 2.9462674 -8.999478 -10.37643
  vertex 2.9462674 -8.999478 -4.517662
  vertex 2.9182339 -4.915579 -4.517662
 endloop
endfacet
facet normal -0.9999764 -0.006864232 0
 outer loop
  vertex 2.9462674 -8.999478 -10.37643
  vertex 2.9182339 -4.915579 -4.517662
  vertex 2.9182339 -4.915579 -10.37643
 endloop
endfacet
facet normal 0 -0 1
 outer loop
  vertex 9.005509 -4.873793 -4.517662
  vertex 2.9182339 -4.915579 -4.517662
  vertex 2.9462674 -8.999478 -4.517662
 endloop
endfacet
facet normal 0 -0 1
 outer loop
  vertex 9.005509 -4.873793 -4.517662
  vertex 2.9462674 -8.999478 -4.517662
  vertex 13.639767 -8.926074 -4.517662
 endloop
endfacet
facet normal 0 0 1
 outer loop
  vertex 9.005509 -4.873793 -4.517662
  vertex 13.639767 -8.926074 -4.517662
  vertex 13.5450945 4.8657937 -4.517662
 endloop
endfacet
facet normal -0 0 1
 outer loop
  vertex 9.005509 -4.873793 -4.517662
  vertex 13.5450945 4.8657937 -4.517662
  vertex 8.93887 4.834175 -4.517662
 endloop
endfacet
facet normal -0.006864158 0.99997646 -3.3519874e-09
 outer loop
  vertex 8.938873 4.834175 -10.37643
  vertex 8.93887 4.834175 -4.517662
  vertex 13.5450945 4.8657937 -4.517662
 endloop
endfacet
facet normal -0.0068641566 0.99997646 -4.4693156e-09
 outer loop
  vertex 8.938873 4.834175 -10.37643
  vertex 13.5450945 4.8657937 -4.517662
  vertex 13.545098 4.8657937 -10.37643
 endloop
endfacet
facet normal -0.99997646 -0.0068641948 -4.883204e-07
 outer loop
  vertex 9.005512 -4.873793 -10.37643
  vertex 9.005509 -4.873793 -4.517662
  vertex 8.93887 4.834175 -4.517662
 endloop
endfacet
facet normal -0.99997646 -0.0068641948 -4.883204e-07
 outer loop
  vertex 9.005512 -4.873793 -10.37643
  vertex 8.93887 4.834175 -4.517662
  vertex 8.938873 4.834175 -10.37643
 endloop
endfacet
facet normal 0 -0 -1
 outer loop
  vertex 3.02631 -8.998929 0.7262741
  vertex 3.011503 -6.841869 0.7262741
  vertex 11.15766 -6.78595 0.7262741
 endloop
endfacet
facet normal -0 0 -1
 outer loop
  vertex 3.02631 -8.998929 0.7262741
  vertex 11.15766 -6.78595 0.7262741
  vertex 13.6397705 -8.926074 0.7262741
 endloop
endfacet
facet normal 0 0 -1
 outer loop
  vertex 13.545443 4.8156514 0.7262741
  vertex 13.6397705 -8.926074 0.7262741
  vertex 11.15766 -6.78595 0.7262741
 endloop
endfacet
facet normal 0 0 -1
 outer loop
  vertex 13.545443 4.8156514 0.7262741
  vertex 11.15766 -6.78595 0.7262741
  vertex 11.078138 4.798715 0.7262741
 endloop
endfacet
facet normal -0.006864021 0.99997646 0
 outer loop
  vertex -7.0916424 -9.068382 -4.065804
  vertex -7.0916424 -9.068382 8.60792
  vertex -5.082922 -9.054594 -4.065804
 endloop
endfacet
facet normal -0.006864195 0.99997646 -2.765604e-08
 outer loop
  vertex -5.082922 -9.054594 -4.065804
  vertex -7.0916424 -9.068382 8.60792
  vertex 3.02631 -8.998929 8.60792
 endloop
endfacet
facet normal -0.006864239 0.99997646 0
 outer loop
  vertex -5.082922 -9.054594 -4.065804
  vertex 3.02631 -8.998929 8.60792
  vertex 3.02631 -8.998929 0.7262741
 endloop
endfacet
facet normal -0.0068642343 0.9999764 4.993382e-09
 outer loop
  vertex 3.02631 -8.998929 0.7262741
  vertex 13.6397705 -8.926074 0.7262741
  vertex 13.639767 -8.926074 -4.517662
 endloop
endfacet
facet normal -0.0068642246 0.99997646 2.4446713e-08
 outer loop
  vertex 3.02631 -8.998929 0.7262741
  vertex 13.639767 -8.926074 -4.517662
  vertex 2.9462674 -8.999478 -4.517662
 endloop
endfacet
facet normal -0.006864254 0.99997646 2.4641254e-08
 outer loop
  vertex 3.02631 -8.998929 0.7262741
  vertex 2.9462674 -8.999478 -4.517662
  vertex -5.082922 -9.054594 -4.065804
 endloop
endfacet
facet normal -0.0068642544 0.99997634 0
 outer loop
  vertex -5.082922 -9.054594 -10.37643
  vertex -5.082922 -9.054594 -4.065804
  vertex 2.9462674 -8.999478 -4.517662
 endloop
endfacet
facet normal -0.006864255 0.9999764 0
 outer loop
  vertex -5.082922 -9.054594 -10.37643
  vertex 2.9462674 -8.999478 -4.517662
  vertex 2.9462674 -8.999478 -10.37643
 endloop
endfacet
facet normal -0.0068642586 0.99997646 0
 outer loop
  vertex -5.109259 -5.217813 -10.37643
  vertex -7.1179795 -5.2316017 -10.37643
  vertex -7.1179795 -5.2316017 -4.065804
 endloop
endfacet
facet normal -0.0068642586 0.99997646 0
 outer loop
  vertex -5.109259 -5.217813 -10.37643
  vertex -7.1179795 -5.2316017 -4.065804
  vertex -5.109259 -5.217813 -4.065804
 endloop
endfacet
facet normal 0.99997646 0.0068642246 0
 outer loop
  vertex -5.082922 -9.054594 -10.37643
  vertex -5.109259 -5.217813 -10.37643
  vertex -5.109259 -5.217813 -4.065804
 endloop
endfacet
facet normal 0.99997646 0.0068642246 0
 outer loop
  vertex -5.082922 -9.054594 -10.37643
  vertex -5.109259 -5.217813 -4.065804
  vertex -5.082922 -9.054594 -4.065804
 endloop
endfacet
facet normal 0 0 1
 outer loop
  vertex -7.1179795 -5.2316017 -4.065804
  vertex -7.0916424 -9.068382 -4.065804
  vertex -5.082922 -9.054594 -4.065804
 endloop
endfacet
facet normal 0 0 1
 outer loop
  vertex -7.1179795 -5.2316017 -4.065804
  vertex -5.082922 -9.054594 -4.065804
  vertex -5.109259 -5.217813 -4.065804
 endloop
endfacet
facet normal -0.9999764 -0.0068642204 -7.28716e-07
 outer loop
  vertex 3.7814548 19.116713 -10.37643
  vertex 3.8195214 13.571184 -10.37643
  vertex 3.8195179 13.571183 -5.459918
 endloop
endfacet
facet normal -0.9999764 -0.006864219 -7.274244e-07
 outer loop
  vertex 3.7814548 19.116713 -10.37643
  vertex 3.8195179 13.571183 -5.459918
  vertex 3.7814512 19.116713 -5.459918
 endloop
endfacet
facet normal 0 0 1
 outer loop
  vertex 3.7814512 19.116713 -5.459918
  vertex 3.8195179 13.571183 -5.459918
  vertex 13.484881 13.63753 -5.459918
 endloop
endfacet
facet normal 0 0 1
 outer loop
  vertex 3.7814512 19.116713 -5.459918
  vertex 13.484881 13.63753 -5.459918
  vertex 13.4468155 19.18306 -5.459918
 endloop
endfacet
facet normal 0.006864053 -0.9999764 -1.8864341e-07
 outer loop
  vertex 12.395919 13.630056 -10.37643
  vertex 13.484885 13.637531 -10.37643
  vertex 13.484881 13.63753 -5.459918
 endloop
endfacet
facet normal 0.006863162 -0.99997646 8.940502e-09
 outer loop
  vertex 12.395919 13.630056 -10.37643
  vertex 13.484881 13.63753 -5.459918
  vertex 12.395915 13.630056 -7.4110913
 endloop
endfacet
facet normal 0.006864259 -0.99997646 -6.0365556e-07
 outer loop
  vertex 12.395915 13.630056 -7.4110913
  vertex 13.484881 13.63753 -5.459918
  vertex 3.8195179 13.571183 -5.459918
 endloop
endfacet
facet normal 0.006864189 -0.99997646 -9.1137167e-07
 outer loop
  vertex 12.395915 13.630056 -7.4110913
  vertex 3.8195179 13.571183 -5.459918
  vertex 4.8962555 13.578576 -7.4110913
 endloop
endfacet
facet normal 0.0068654977 -0.9999764 -1.8897522e-07
 outer loop
  vertex 4.8962555 13.578576 -7.4110913
  vertex 3.8195179 13.571183 -5.459918
  vertex 3.8195214 13.571184 -10.37643
 endloop
endfacet
facet normal 0.006864953 -0.9999764 8.75038e-09
 outer loop
  vertex 4.8962555 13.578576 -7.4110913
  vertex 3.8195214 13.571184 -10.37643
  vertex 4.8962593 13.578576 -10.37643
 endloop
endfacet
facet normal -0.0068640616 0.99997646 -4.9447197e-09
 outer loop
  vertex 12.342489 21.413683 -10.37643
  vertex 4.842829 21.362204 -10.37643
  vertex 4.8428254 21.362204 -5.08102
 endloop
endfacet
facet normal -0.0068640616 0.99997646 -4.5024615e-09
 outer loop
  vertex 12.342489 21.413683 -10.37643
  vertex 4.8428254 21.362204 -5.08102
  vertex 12.342485 21.413683 -5.08102
 endloop
endfacet
facet normal -0.006865804 0.9999764 -5.327144e-09
 outer loop
  vertex 13.4468155 19.18306 -5.459918
  vertex 13.446819 19.18306 -10.37643
  vertex 12.357853 19.175583 -10.37643
 endloop
endfacet
facet normal -0.006865789 0.99997646 -8.832351e-09
 outer loop
  vertex 13.4468155 19.18306 -5.459918
  vertex 12.357853 19.175583 -10.37643
  vertex 12.357849 19.175583 -7.4110913
 endloop
endfacet
facet normal -0.0068642586 0.99997646 -8.628165e-07
 outer loop
  vertex 3.7814512 19.116713 -5.459918
  vertex 13.4468155 19.18306 -5.459918
  vertex 12.357849 19.175583 -7.4110913
 endloop
endfacet
facet normal -0.0068640606 0.9999764 4.073169e-09
 outer loop
  vertex 3.7814512 19.116713 -5.459918
  vertex 12.357849 19.175583 -7.4110913
  vertex 4.8581886 19.124104 -7.4110913
 endloop
endfacet
facet normal -0.0068640807 0.9999765 -4.992944e-09
 outer loop
  vertex 3.7814548 19.116713 -10.37643
  vertex 3.7814512 19.116713 -5.459918
  vertex 4.8581886 19.124104 -7.4110913
 endloop
endfacet
facet normal -0.00686407 0.99997646 -8.830139e-09
 outer loop
  vertex 3.7814548 19.116713 -10.37643
  vertex 4.8581886 19.124104 -7.4110913
  vertex 4.8581924 19.124104 -10.37643
 endloop
endfacet
facet normal 0 0 1
 outer loop
  vertex 4.911961 11.290536 -7.4110913
  vertex 12.411621 11.342016 -7.4110913
  vertex 12.395915 13.630056 -7.4110913
 endloop
endfacet
facet normal -0 0 1
 outer loop
  vertex 4.911961 11.290536 -7.4110913
  vertex 12.395915 13.630056 -7.4110913
  vertex 4.8962555 13.578576 -7.4110913
 endloop
endfacet
facet normal -0 0 1
 outer loop
  vertex 12.357849 19.175583 -7.4110913
  vertex 12.346751 20.792183 -7.4110913
  vertex 4.8470917 20.740704 -7.4110913
 endloop
endfacet
facet normal -0 -0 1
 outer loop
  vertex 12.357849 19.175583 -7.4110913
  vertex 4.8470917 20.740704 -7.4110913
  vertex 4.8581886 19.124104 -7.4110913
 endloop
endfacet
facet normal 0 0 1
 outer loop
  vertex 4.9157968 10.731754 -5.08102
  vertex 12.415457 10.783235 -5.08102
  vertex 12.411621 11.342016 -5.08102
 endloop
endfacet
facet normal -0 0 1
 outer loop
  vertex 4.9157968 10.731754 -5.08102
  vertex 12.411621 11.342016 -5.08102
  vertex 4.911961 11.290536 -5.08102
 endloop
endfacet
facet normal 0.9999765 0.0068642446 1.2863989e-06
 outer loop
  vertex 12.415461 10.783235 -10.37643
  vertex 12.395919 13.630056 -10.37643
  vertex 12.395915 13.630056 -7.4110913
 endloop
endfacet
facet normal 0.9999764 0.0068642553 1.2754434e-06
 outer loop
  vertex 12.415461 10.783235 -10.37643
  vertex 12.395915 13.630056 -7.4110913
  vertex 12.411621 11.342016 -7.4110913
 endloop
endfacet
facet normal 0.99997646 0.0068641985 0
 outer loop
  vertex 12.411621 11.342016 -7.4110913
  vertex 12.411621 11.342016 -5.08102
  vertex 12.415457 10.783235 -5.08102
 endloop
endfacet
facet normal 0.9999764 0.0068672015 7.203611e-07
 outer loop
  vertex 12.411621 11.342016 -7.4110913
  vertex 12.415457 10.783235 -5.08102
  vertex 12.415461 10.783235 -10.37643
 endloop
endfacet
facet normal -0.99997646 -0.0068642395 -1.2863987e-06
 outer loop
  vertex 4.842829 21.362204 -10.37643
  vertex 4.8581924 19.124104 -10.37643
  vertex 4.8581886 19.124104 -7.4110913
 endloop
endfacet
facet normal -0.9999764 -0.006864216 -1.2689931e-06
 outer loop
  vertex 4.842829 21.362204 -10.37643
  vertex 4.8581886 19.124104 -7.4110913
  vertex 4.8470917 20.740704 -7.4110913
 endloop
endfacet
facet normal -0.99997646 -0.006864298 -0
 outer loop
  vertex 4.8470917 20.740704 -7.4110913
  vertex 4.8470917 20.740704 -5.08102
  vertex 4.8428254 21.362204 -5.08102
 endloop
endfacet
facet normal -0.99997646 -0.0068615978 -7.203612e-07
 outer loop
  vertex 4.8470917 20.740704 -7.4110913
  vertex 4.8428254 21.362204 -5.08102
  vertex 4.842829 21.362204 -10.37643
 endloop
endfacet
facet normal -0 0 1
 outer loop
  vertex 12.346751 20.792183 -5.08102
  vertex 12.342485 21.413683 -5.08102
  vertex 4.8428254 21.362204 -5.08102
 endloop
endfacet
facet normal -0 -0 1
 outer loop
  vertex 12.346751 20.792183 -5.08102
  vertex 4.8428254 21.362204 -5.08102
  vertex 4.8470917 20.740704 -5.08102
 endloop
endfacet
facet normal -0.0068641887 0.9999764 0
 outer loop
  vertex 4.911961 11.290536 -5.08102
  vertex 12.411621 11.342016 -5.08102
  vertex 12.411621 11.342016 -7.4110913
 endloop
endfacet
facet normal -0.0068641887 0.9999764 0
 outer loop
  vertex 4.911961 11.290536 -5.08102
  vertex 12.411621 11.342016 -7.4110913
  vertex 4.911961 11.290536 -7.4110913
 endloop
endfacet
facet normal -0.9999764 -0.006864198 -7.203611e-07
 outer loop
  vertex 4.9158006 10.731754 -10.37643
  vertex 4.9157968 10.731754 -5.08102
  vertex 4.911961 11.290536 -5.08102
 endloop
endfacet
facet normal -0.9999764 -0.0068710237 0
 outer loop
  vertex 4.9158006 10.731754 -10.37643
  vertex 4.911961 11.290536 -5.08102
  vertex 4.911961 11.290536 -7.4110913
 endloop
endfacet
facet normal -0.9999765 -0.006864077 -1.3092812e-06
 outer loop
  vertex 4.8962593 13.578576 -10.37643
  vertex 4.9158006 10.731754 -10.37643
  vertex 4.911961 11.290536 -7.4110913
 endloop
endfacet
facet normal -0.9999764 -0.0068640467 -1.2864244e-06
 outer loop
  vertex 4.8962593 13.578576 -10.37643
  vertex 4.911961 11.290536 -7.4110913
  vertex 4.8962555 13.578576 -7.4110913
 endloop
endfacet
facet normal 0.0068641887 -0.99997646 4.9448112e-09
 outer loop
  vertex 4.9158006 10.731754 -10.37643
  vertex 12.415461 10.783235 -10.37643
  vertex 12.415457 10.783235 -5.08102
 endloop
endfacet
facet normal 0.0068641887 -0.99997646 5.2528715e-09
 outer loop
  vertex 4.9158006 10.731754 -10.37643
  vertex 12.415457 10.783235 -5.08102
  vertex 4.9157968 10.731754 -5.08102
 endloop
endfacet
facet normal 0.99997646 0.006863531 7.203612e-07
 outer loop
  vertex 12.342489 21.413683 -10.37643
  vertex 12.342485 21.413683 -5.08102
  vertex 12.346751 20.792183 -5.08102
 endloop
endfacet
facet normal 0.99997646 0.0068573933 -0
 outer loop
  vertex 12.342489 21.413683 -10.37643
  vertex 12.346751 20.792183 -5.08102
  vertex 12.346751 20.792183 -7.4110913
 endloop
endfacet
facet normal 0.99997646 0.0068644523 1.4794502e-06
 outer loop
  vertex 12.357853 19.175583 -10.37643
  vertex 12.342489 21.413683 -10.37643
  vertex 12.346751 20.792183 -7.4110913
 endloop
endfacet
facet normal 0.9999764 0.006864806 1.2864776e-06
 outer loop
  vertex 12.357853 19.175583 -10.37643
  vertex 12.346751 20.792183 -7.4110913
  vertex 12.357849 19.175583 -7.4110913
 endloop
endfacet
facet normal 0.0068640616 -0.9999764 0
 outer loop
  vertex 12.346751 20.792183 -7.4110913
  vertex 12.346751 20.792183 -5.08102
  vertex 4.8470917 20.740704 -5.08102
 endloop
endfacet
facet normal 0.0068640616 -0.9999764 0
 outer loop
  vertex 12.346751 20.792183 -7.4110913
  vertex 4.8470917 20.740704 -5.08102
  vertex 4.8470917 20.740704 -7.4110913
 endloop
endfacet
facet normal 0.99997646 0.006864232 0
 outer loop
  vertex -5.480742 25.591047 -4.0349903
  vertex -5.5388966 34.062965 -4.0349903
  vertex -5.5388966 34.062965 0.87709075
 endloop
endfacet
facet normal 0.99997646 0.006864232 0
 outer loop
  vertex -5.480742 25.591047 -4.0349903
  vertex -5.5388966 34.062965 0.87709075
  vertex -5.480742 25.591047 0.87709075
 endloop
endfacet
facet normal 0 0 -1
 outer loop
  vertex -5.480742 25.591047 -4.0349903
  vertex -6.06263 25.587053 -4.0349903
  vertex -6.1207848 34.05897 -4.0349903
 endloop
endfacet
facet normal 0 -0 -1
 outer loop
  vertex -5.480742 25.591047 -4.0349903
  vertex -6.1207848 34.05897 -4.0349903
  vertex -5.5388966 34.062965 -4.0349903
 endloop
endfacet
facet normal -0.0068636793 0.9999764 0
 outer loop
  vertex -5.5388966 34.062965 -4.0349903
  vertex -6.1207848 34.05897 -4.0349903
  vertex -6.1207848 34.05897 0.87709075
 endloop
endfacet
facet normal -0.0068636793 0.9999764 0
 outer loop
  vertex -5.5388966 34.062965 -4.0349903
  vertex -6.1207848 34.05897 0.87709075
  vertex -5.5388966 34.062965 0.87709075
 endloop
endfacet
facet normal 0 -0 1
 outer loop
  vertex -5.5388966 34.062965 0.87709075
  vertex -6.1207848 34.05897 0.87709075
  vertex -6.06263 25.587053 0.87709075
 endloop
endfacet
facet normal 0 -0 1
 outer loop
  vertex -5.5388966 34.062965 0.87709075
  vertex -6.06263 25.587053 0.87709075
  vertex -5.480742 25.591047 0.87709075
 endloop
endfacet
facet normal 0.0068636793 -0.9999764 0
 outer loop
  vertex -5.480742 25.591047 -4.0349903
  vertex -5.480742 25.591047 0.87709075
  vertex -6.06263 25.587053 0.87709075
 endloop
endfacet
facet normal 0.0068636793 -0.9999764 0
 outer loop
  vertex -5.480742 25.591047 -4.0349903
  vertex -6.06263 25.587053 0.87709075
  vertex -6.06263 25.587053 -4.0349903
 endloop
endfacet
facet normal -0.9999764 -0.0068642567 -1.7854549e-07
 outer loop
  vertex -14.65086 15.72648 -10.37643
  vertex -14.626329 12.15292 -10.37643
  vertex -14.62633 12.15292 -5.0352035
 endloop
endfacet
facet normal -0.9999764 -0.0068642567 -1.7838325e-07
 outer loop
  vertex -14.65086 15.72648 -10.37643
  vertex -14.62633 12.15292 -5.0352035
  vertex -14.650861 15.72648 -5.0352035
 endloop
endfacet
facet normal 0.0068642516 -0.9999764 0
 outer loop
  vertex -22.254416 13.932935 3.2734084
  vertex -8.76735 14.025516 3.2734084
  vertex -8.76735 14.025516 3.6492937
 endloop
endfacet
facet normal 0.0068642516 -0.9999764 0
 outer loop
  vertex -22.254416 13.932935 3.2734084
  vertex -8.76735 14.025516 3.6492937
  vertex -22.254416 13.932935 3.6492937
 endloop
endfacet
facet normal -0 0 1
 outer loop
  vertex -5.970821 12.212334 -5.0352035
  vertex -5.9953513 15.785893 -5.0352035
  vertex -14.650861 15.72648 -5.0352035
 endloop
endfacet
facet normal -0 -0 1
 outer loop
  vertex -5.970821 12.212334 -5.0352035
  vertex -14.650861 15.72648 -5.0352035
  vertex -14.62633 12.15292 -5.0352035
 endloop
endfacet
facet normal 0.006864094 -0.99997646 1.225582e-09
 outer loop
  vertex -14.62633 12.15292 -5.0352035
  vertex -14.626329 12.15292 -10.37643
  vertex -12.388807 12.168279 -10.37643
 endloop
endfacet
facet normal 0.006864095 -0.9999764 1.7342942e-09
 outer loop
  vertex -14.62633 12.15292 -5.0352035
  vertex -12.388807 12.168279 -10.37643
  vertex -12.388808 12.168279 -6.601919
 endloop
endfacet
facet normal 0.0068641263 -0.99997646 4.5051667e-08
 outer loop
  vertex -5.970821 12.212334 -5.0352035
  vertex -14.62633 12.15292 -5.0352035
  vertex -12.388808 12.168279 -6.601919
 endloop
endfacet
facet normal 0.0068642716 -0.99997646 -5.5033075e-07
 outer loop
  vertex -5.970821 12.212334 -5.0352035
  vertex -12.388808 12.168279 -6.601919
  vertex -8.137418 12.197462 -6.601919
 endloop
endfacet
facet normal 0.0068638735 -0.99997646 0
 outer loop
  vertex -5.970821 12.212334 -10.37643
  vertex -5.970821 12.212334 -5.0352035
  vertex -8.137418 12.197462 -6.601919
 endloop
endfacet
facet normal 0.006863874 -0.99997646 0
 outer loop
  vertex -5.970821 12.212334 -10.37643
  vertex -8.137418 12.197462 -6.601919
  vertex -8.137418 12.197462 -10.37643
 endloop
endfacet
facet normal 0.00686423 -0.9999764 7.504118e-09
 outer loop
  vertex -15.946553 2.0721378 -6.8870177
  vertex -25.155119 2.0089266 -6.8870177
  vertex -25.155115 2.0089266 -10.37643
 endloop
endfacet
facet normal 0.0068642325 -0.9999764 0
 outer loop
  vertex -15.946553 2.0721378 -6.8870177
  vertex -25.155115 2.0089266 -10.37643
  vertex -15.946553 2.0721378 -10.37643
 endloop
endfacet
facet normal 0.99997646 0.0068641184 0
 outer loop
  vertex -8.117232 9.256808 -10.37643
  vertex -8.137418 12.197462 -10.37643
  vertex -8.137418 12.197462 -6.601919
 endloop
endfacet
facet normal 0.99997646 0.006864059 4.648973e-08
 outer loop
  vertex -8.117232 9.256808 -10.37643
  vertex -8.137418 12.197462 -6.601919
  vertex -8.123574 10.180695 -6.601919
 endloop
endfacet
facet normal 0.99997646 0.0068642483 -0
 outer loop
  vertex -8.117232 9.256808 -4.584119
  vertex -8.117232 9.256808 -10.37643
  vertex -8.123574 10.180695 -6.601919
 endloop
endfacet
facet normal 0.99997646 0.0068642483 0
 outer loop
  vertex -8.117232 9.256808 -4.584119
  vertex -8.123574 10.180695 -6.601919
  vertex -8.123574 10.180695 -4.584119
 endloop
endfacet
facet normal 0 -0 1
 outer loop
  vertex -8.137418 12.197462 -6.601919
  vertex -12.388808 12.168279 -6.601919
  vertex -12.374965 10.151511 -6.601919
 endloop
endfacet
facet normal 0 -0 1
 outer loop
  vertex -8.137418 12.197462 -6.601919
  vertex -12.374965 10.151511 -6.601919
  vertex -8.123574 10.180695 -6.601919
 endloop
endfacet
facet normal 0 -0 1
 outer loop
  vertex -8.123574 10.180695 -4.584119
  vertex -12.374965 10.151511 -4.584119
  vertex -12.368623 9.227625 -4.584119
 endloop
endfacet
facet normal 0 -0 1
 outer loop
  vertex -8.123574 10.180695 -4.584119
  vertex -12.368623 9.227625 -4.584119
  vertex -8.117232 9.256808 -4.584119
 endloop
endfacet
facet normal -0.006864272 0.99997646 0
 outer loop
  vertex -8.123574 10.180695 -6.601919
  vertex -12.374965 10.151511 -6.601919
  vertex -12.374965 10.151511 -4.584119
 endloop
endfacet
facet normal -0.006864272 0.99997646 0
 outer loop
  vertex -8.123574 10.180695 -6.601919
  vertex -12.374965 10.151511 -4.584119
  vertex -8.123574 10.180695 -4.584119
 endloop
endfacet
facet normal -0.99997646 -0.0068642483 -1.6464101e-07
 outer loop
  vertex -12.368622 9.227625 -10.37643
  vertex -12.368623 9.227625 -4.584119
  vertex -12.374965 10.151511 -4.584119
 endloop
endfacet
facet normal -0.99997646 -0.00686528 0
 outer loop
  vertex -12.368622 9.227625 -10.37643
  vertex -12.374965 10.151511 -4.584119
  vertex -12.374965 10.151511 -6.601919
 endloop
endfacet
facet normal -0.99997646 -0.0068641184 -2.8460414e-07
 outer loop
  vertex -12.388807 12.168279 -10.37643
  vertex -12.368622 9.227625 -10.37643
  vertex -12.374965 10.151511 -6.601919
 endloop
endfacet
facet normal -0.99997646 -0.006864059 -2.5251265e-07
 outer loop
  vertex -12.388807 12.168279 -10.37643
  vertex -12.374965 10.151511 -6.601919
  vertex -12.388808 12.168279 -6.601919
 endloop
endfacet
facet normal 0.006864272 -0.99997646 1.1301673e-09
 outer loop
  vertex -8.117232 9.256808 -4.584119
  vertex -12.368623 9.227625 -4.584119
  vertex -12.368622 9.227625 -10.37643
 endloop
endfacet
facet normal 0.006864274 -0.99997646 0
 outer loop
  vertex -8.117232 9.256808 -4.584119
  vertex -12.368622 9.227625 -10.37643
  vertex -8.117232 9.256808 -10.37643
 endloop
endfacet
facet normal -5.177947e-08 -3.554611e-10 1
 outer loop
  vertex -16.040216 15.716942 -3.7141
  vertex -25.248783 15.653731 -3.7141004
  vertex -25.24452 15.032758 -3.7141004
 endloop
endfacet
facet normal -5.177947e-08 -3.554611e-10 1
 outer loop
  vertex -16.040216 15.716942 -3.7141
  vertex -25.24452 15.032758 -3.7141004
  vertex -16.035954 15.095968 -3.7141
 endloop
endfacet
facet normal 0.9999764 0.006864201 -0
 outer loop
  vertex -16.035954 15.095968 -6.8870177
  vertex -15.946553 2.0721378 -6.8870177
  vertex -15.946553 2.0721378 -10.37643
 endloop
endfacet
facet normal 0.99997646 0.0068642255 -9.263648e-08
 outer loop
  vertex -16.035954 15.095968 -6.8870177
  vertex -15.946553 2.0721378 -10.37643
  vertex -16.040216 15.716942 -10.37643
 endloop
endfacet
facet normal 0.9999765 0.006864743 0
 outer loop
  vertex -16.040216 15.716942 -10.37643
  vertex -16.040216 15.716942 -3.7141
  vertex -16.035954 15.095968 -3.7141
 endloop
endfacet
facet normal 0.99997646 0.0068647424 -0
 outer loop
  vertex -16.040216 15.716942 -10.37643
  vertex -16.035954 15.095968 -3.7141
  vertex -16.035954 15.095968 -6.8870177
 endloop
endfacet
facet normal 0 -0 1
 outer loop
  vertex -16.035954 15.095968 -6.8870177
  vertex -25.24452 15.032758 -6.8870177
  vertex -25.155119 2.0089266 -6.8870177
 endloop
endfacet
facet normal 0 -0 1
 outer loop
  vertex -16.035954 15.095968 -6.8870177
  vertex -25.155119 2.0089266 -6.8870177
  vertex -15.946553 2.0721378 -6.8870177
 endloop
endfacet
facet normal 0.0068642516 -0.99997646 -7.482094e-08
 outer loop
  vertex -8.76735 14.025516 0.5814276
  vertex -22.254416 13.932935 0.5814276
  vertex -22.25442 13.932935 0.23145813
 endloop
endfacet
facet normal 0.0068642497 -0.99997646 0
 outer loop
  vertex -8.76735 14.025516 0.5814276
  vertex -22.25442 13.932935 0.23145813
  vertex -8.76735 14.025516 0.23145813
 endloop
endfacet
facet normal -0.9999764 -0.006864579 0
 outer loop
  vertex -22.254416 13.932935 3.6492937
  vertex -22.266369 15.674203 3.6492937
  vertex -22.266369 15.674203 3.2734084
 endloop
endfacet
facet normal -0.9999764 -0.006864579 0
 outer loop
  vertex -22.254416 13.932935 3.6492937
  vertex -22.266369 15.674203 3.2734084
  vertex -22.254416 13.932935 3.2734084
 endloop
endfacet
facet normal 0 0 -1
 outer loop
  vertex -8.779303 15.766784 3.2734084
  vertex -8.76735 14.025516 3.2734084
  vertex -22.254416 13.932935 3.2734084
 endloop
endfacet
facet normal 0 0 -1
 outer loop
  vertex -8.779303 15.766784 3.2734084
  vertex -22.254416 13.932935 3.2734084
  vertex -22.266369 15.674203 3.2734084
 endloop
endfacet
facet normal 0.9999764 0.0068640313 0
 outer loop
  vertex -8.76735 14.025516 3.2734084
  vertex -8.779303 15.766784 3.2734084
  vertex -8.779303 15.766784 3.6492946
 endloop
endfacet
facet normal 0.9999764 0.006864032 0
 outer loop
  vertex -8.76735 14.025516 3.2734084
  vertex -8.779303 15.766784 3.6492946
  vertex -8.76735 14.025516 3.6492937
 endloop
endfacet
facet normal 3.75939e-09 -5.476637e-07 1
 outer loop
  vertex -22.254416 13.932935 3.6492937
  vertex -8.76735 14.025516 3.6492937
  vertex -8.779303 15.766784 3.6492946
 endloop
endfacet
facet normal -7.070695e-08 -4.853849e-10 1
 outer loop
  vertex -22.254416 13.932935 3.6492937
  vertex -8.779303 15.766784 3.6492946
  vertex -22.266369 15.674203 3.6492937
 endloop
endfacet
facet normal 0 0 1
 outer loop
  vertex -22.266369 15.674203 0.5814276
  vertex -22.254416 13.932935 0.5814276
  vertex -8.76735 14.025516 0.5814276
 endloop
endfacet
facet normal 0 0 1
 outer loop
  vertex -22.266369 15.674203 0.5814276
  vertex -8.76735 14.025516 0.5814276
  vertex -8.779303 15.766784 0.5814276
 endloop
endfacet
facet normal 0.99997646 0.0068640304 0
 outer loop
  vertex -8.76735 14.025516 0.23145813
  vertex -8.779303 15.766784 0.23145813
  vertex -8.779303 15.766784 0.5814276
 endloop
endfacet
facet normal 0.99997646 0.0068640304 0
 outer loop
  vertex -8.76735 14.025516 0.23145813
  vertex -8.779303 15.766784 0.5814276
  vertex -8.76735 14.025516 0.5814276
 endloop
endfacet
facet normal -0.99997646 -0.0068645785 1.0899829e-05
 outer loop
  vertex -22.254416 13.932935 0.5814276
  vertex -22.266369 15.674203 0.5814276
  vertex -22.266373 15.674203 0.23145813
 endloop
endfacet
facet normal -0.99997646 -0.0068645785 1.0899471e-05
 outer loop
  vertex -22.254416 13.932935 0.5814276
  vertex -22.266373 15.674203 0.23145813
  vertex -22.25442 13.932935 0.23145813
 endloop
endfacet
facet normal 0 0 -1
 outer loop
  vertex -8.76735 14.025516 0.23145813
  vertex -22.25442 13.932935 0.23145813
  vertex -22.266373 15.674203 0.23145813
 endloop
endfacet
facet normal 0 -0 -1
 outer loop
  vertex -8.76735 14.025516 0.23145813
  vertex -22.266373 15.674203 0.23145813
  vertex -8.779303 15.766784 0.23145813
 endloop
endfacet
facet normal -0.9999764 -0.0068643955 -1.0784601e-06
 outer loop
  vertex 7.8902473 23.358128 -6.839342
  vertex 7.808397 35.28177 -6.8393426
  vertex 7.8084006 35.28177 -10.37643
 endloop
endfacet
facet normal -0.99997646 -0.0068642367 -5.398568e-07
 outer loop
  vertex 7.8902473 23.358128 -6.839342
  vertex 7.8084006 35.28177 -10.37643
  vertex 7.8902493 23.358128 -10.37643
 endloop
endfacet
facet normal -0.9999764 -0.0068641426 0
 outer loop
  vertex 13.335809 35.354927 10.418196
  vertex 13.321929 37.37695 10.418196
  vertex 13.335809 35.354927 8.60792
 endloop
endfacet
facet normal -0.9999765 -0.0068641435 0
 outer loop
  vertex 13.335809 35.354927 8.60792
  vertex 13.321929 37.37695 10.418196
  vertex 13.321929 37.37695 -10.37643
 endloop
endfacet
facet normal -0.9999765 -0.006862181 2.0895234e-07
 outer loop
  vertex 13.335809 35.354927 8.60792
  vertex 13.321929 37.37695 -10.37643
  vertex 13.336047 35.319714 -6.8393426
 endloop
endfacet
facet normal -0.9999764 -0.0068643936 -1.0784601e-06
 outer loop
  vertex 13.336051 35.319714 -10.37643
  vertex 13.336047 35.319714 -6.8393426
  vertex 13.321929 37.37695 -10.37643
 endloop
endfacet
facet normal -0.99997646 -0.0068641966 2.13579e-07
 outer loop
  vertex 13.335809 35.354927 8.60792
  vertex 13.336047 35.319714 -6.8393426
  vertex 13.417895 23.396072 -6.8393426
 endloop
endfacet
facet normal -0.99997646 -0.0068642395 2.4637365e-07
 outer loop
  vertex 13.335809 35.354927 8.60792
  vertex 13.417895 23.396072 -6.8393426
  vertex 13.545443 4.8156514 8.60792
 endloop
endfacet
facet normal -0.99997646 -0.006864326 -1.0784602e-06
 outer loop
  vertex 13.417895 23.396072 -6.8393426
  vertex 13.417899 23.396072 -10.37643
  vertex 13.446819 19.18306 -10.37643
 endloop
endfacet
facet normal -0.99997646 -0.00686458 -7.758768e-07
 outer loop
  vertex 13.417895 23.396072 -6.8393426
  vertex 13.446819 19.18306 -10.37643
  vertex 13.4468155 19.18306 -5.459918
 endloop
endfacet
facet normal -0.9999764 -0.0068642483 2.3418716e-07
 outer loop
  vertex 13.545443 4.8156514 8.60792
  vertex 13.417895 23.396072 -6.8393426
  vertex 13.4468155 19.18306 -5.459918
 endloop
endfacet
facet normal -0.99997646 -0.00686409 3.9652159e-07
 outer loop
  vertex 13.545443 4.8156514 8.60792
  vertex 13.4468155 19.18306 -5.459918
  vertex 13.484881 13.63753 -5.459918
 endloop
endfacet
facet normal -0.9999765 -0.006864275 -7.7720836e-07
 outer loop
  vertex 13.484881 13.63753 -5.459918
  vertex 13.484885 13.637531 -10.37643
  vertex 13.514897 9.265412 -10.37643
 endloop
endfacet
facet normal -0.9999764 -0.006865148 -0
 outer loop
  vertex 13.484881 13.63753 -5.459918
  vertex 13.514897 9.265412 -10.37643
  vertex 13.514897 9.265412 1.3854648
 endloop
endfacet
facet normal -0.99997634 -0.006888142 -1.469927e-05
 outer loop
  vertex 13.484881 13.63753 -5.459918
  vertex 13.514897 9.265412 1.3854648
  vertex 13.545443 4.8156514 8.60792
 endloop
endfacet
facet normal -0.99997646 -0.0068641254 1.1052317e-07
 outer loop
  vertex 13.514897 9.265412 1.3854648
  vertex 13.543087 5.158699 1.3854648
  vertex 13.545443 4.8156514 8.60792
 endloop
endfacet
facet normal -0.99997646 -0.0068664523 0
 outer loop
  vertex 13.545443 4.8156514 8.60792
  vertex 13.543087 5.158699 1.3854648
  vertex 13.545443 4.8156514 0.7262741
 endloop
endfacet
facet normal -0.99997646 -0.0068664527 0
 outer loop
  vertex 13.545443 4.8156514 0.7262741
  vertex 13.543087 5.158699 1.3854648
  vertex 13.543087 5.158699 -10.37643
 endloop
endfacet
facet normal -0.9999767 -0.006832639 1.044823e-06
 outer loop
  vertex 13.545443 4.8156514 0.7262741
  vertex 13.543087 5.158699 -10.37643
  vertex 13.5450945 4.8657937 -4.517662
 endloop
endfacet
facet normal -0.99997646 -0.00686656 -6.5109384e-07
 outer loop
  vertex 13.545098 4.8657937 -10.37643
  vertex 13.5450945 4.8657937 -4.517662
  vertex 13.543087 5.158699 -10.37643
 endloop
endfacet
facet normal -0.9999764 -0.0068641873 7.431097e-07
 outer loop
  vertex 13.545443 4.8156514 0.7262741
  vertex 13.5450945 4.8657937 -4.517662
  vertex 13.639767 -8.926074 -4.517662
 endloop
endfacet
facet normal -0.9999764 -0.0068641817 7.2743205e-07
 outer loop
  vertex 13.545443 4.8156514 0.7262741
  vertex 13.639767 -8.926074 -4.517662
  vertex 13.6397705 -8.926074 0.7262741
 endloop
endfacet
facet normal 0.0068643847 -0.9999765 3.7015693e-09
 outer loop
  vertex 13.417895 23.396072 -6.8393426
  vertex 7.8902473 23.358128 -6.839342
  vertex 7.8902493 23.358128 -10.37643
 endloop
endfacet
facet normal 0.006864381 -0.9999764 7.621204e-09
 outer loop
  vertex 13.417895 23.396072 -6.8393426
  vertex 7.8902493 23.358128 -10.37643
  vertex 13.417899 23.396072 -10.37643
 endloop
endfacet
facet normal -0.006864381 0.9999765 -7.4031363e-09
 outer loop
  vertex 7.808397 35.28177 -6.8393426
  vertex 13.336047 35.319714 -6.8393426
  vertex 13.336051 35.319714 -10.37643
 endloop
endfacet
facet normal -0.006864381 0.9999765 -6.8590835e-09
 outer loop
  vertex 7.808397 35.28177 -6.8393426
  vertex 13.336051 35.319714 -10.37643
  vertex 7.8084006 35.28177 -10.37643
 endloop
endfacet
facet normal -2.7450633e-10 3.9989015e-08 1
 outer loop
  vertex 13.336047 35.319714 -6.8393426
  vertex 7.808397 35.28177 -6.8393426
  vertex 7.8902473 23.358128 -6.839342
 endloop
endfacet
facet normal 8.625996e-08 5.9211924e-10 1
 outer loop
  vertex 13.336047 35.319714 -6.8393426
  vertex 7.8902473 23.358128 -6.839342
  vertex 13.417895 23.396072 -6.8393426
 endloop
endfacet
facet normal 0.9999764 0.006864267 -0
 outer loop
  vertex -4.5115304 16.442719 8.458903
  vertex -4.5115304 16.442719 5.8257055
  vertex -4.5650463 24.238838 5.8257055
 endloop
endfacet
facet normal 0.9999764 0.006864267 0
 outer loop
  vertex -4.5115304 16.442719 8.458903
  vertex -4.5650463 24.238838 5.8257055
  vertex -4.5650463 24.238838 8.458903
 endloop
endfacet
facet normal 0.0068640835 -0.9999764 0
 outer loop
  vertex -5.9953513 15.785893 -5.0352035
  vertex -5.9953513 15.785893 8.60792
  vertex -8.779303 15.766784 0.23145813
 endloop
endfacet
facet normal 0.0068640844 -0.99997646 0
 outer loop
  vertex -8.779303 15.766784 0.5814276
  vertex -8.779303 15.766784 0.23145813
  vertex -5.9953513 15.785893 8.60792
 endloop
endfacet
facet normal 0.0068640835 -0.99997646 0
 outer loop
  vertex -8.779303 15.766784 0.5814276
  vertex -5.9953513 15.785893 8.60792
  vertex -8.779303 15.766784 3.2734084
 endloop
endfacet
facet normal 0.006864126 -0.9999764 2.2227503e-08
 outer loop
  vertex -14.650861 15.72648 -5.0352035
  vertex -5.9953513 15.785893 -5.0352035
  vertex -8.779303 15.766784 0.23145813
 endloop
endfacet
facet normal 0.006864402 -0.9999764 -2.8468727e-07
 outer loop
  vertex -14.650861 15.72648 -5.0352035
  vertex -8.779303 15.766784 0.23145813
  vertex -16.040216 15.716942 -3.7141
 endloop
endfacet
facet normal 0.006864179 -0.9999764 -5.3378535e-08
 outer loop
  vertex -8.779303 15.766784 3.6492946
  vertex -5.9953513 15.785893 8.60792
  vertex -25.24878 15.653731 8.60792
 endloop
endfacet
facet normal 0.0068642506 -0.9999764 1.867132e-07
 outer loop
  vertex -8.779303 15.766784 3.6492946
  vertex -25.24878 15.653731 8.60792
  vertex -22.266369 15.674203 3.6492937
 endloop
endfacet
facet normal 0.0068639377 -0.99997646 -2.1249638e-09
 outer loop
  vertex -22.266369 15.674203 3.6492937
  vertex -25.24878 15.653731 8.60792
  vertex -25.248783 15.653731 -3.7141004
 endloop
endfacet
facet normal 0.0068639265 -0.9999764 0
 outer loop
  vertex -22.266369 15.674203 3.6492937
  vertex -25.248783 15.653731 -3.7141004
  vertex -22.266369 15.674203 3.2734084
 endloop
endfacet
facet normal 0.0068646683 -0.9999764 0
 outer loop
  vertex -16.040216 15.716942 -3.7141
  vertex -16.040216 15.716942 -10.37643
  vertex -14.65086 15.72648 -10.37643
 endloop
endfacet
facet normal 0.006864674 -0.99997646 1.2256856e-09
 outer loop
  vertex -16.040216 15.716942 -3.7141
  vertex -14.65086 15.72648 -10.37643
  vertex -14.650861 15.72648 -5.0352035
 endloop
endfacet
facet normal 0.006864249 -0.9999764 -4.480266e-09
 outer loop
  vertex -16.040216 15.716942 -3.7141
  vertex -8.779303 15.766784 0.23145813
  vertex -22.266373 15.674203 0.23145813
 endloop
endfacet
facet normal 0.006864151 -0.9999764 -1.5871585e-07
 outer loop
  vertex -16.040216 15.716942 -3.7141
  vertex -22.266373 15.674203 0.23145813
  vertex -25.248783 15.653731 -3.7141004
 endloop
endfacet
facet normal 0.006863953 -0.99997646 -8.622842e-09
 outer loop
  vertex -22.266369 15.674203 3.2734084
  vertex -25.248783 15.653731 -3.7141004
  vertex -22.266373 15.674203 0.23145813
 endloop
endfacet
facet normal -0 -1 0
 outer loop
  vertex -22.266369 15.674203 3.2734084
  vertex -22.266373 15.674203 0.23145813
  vertex -22.266369 15.674203 0.5814276
 endloop
endfacet
facet normal 0.0068642516 -0.99997646 0
 outer loop
  vertex -22.266369 15.674203 3.2734084
  vertex -22.266369 15.674203 0.5814276
  vertex -8.779303 15.766784 0.5814276
 endloop
endfacet
facet normal 0.0068642516 -0.99997646 0
 outer loop
  vertex -22.266369 15.674203 3.2734084
  vertex -8.779303 15.766784 0.5814276
  vertex -8.779303 15.766784 3.2734084
 endloop
endfacet
facet normal 0.0068640844 -0.9999764 0
 outer loop
  vertex -5.9953513 15.785893 8.60792
  vertex -8.779303 15.766784 3.6492946
  vertex -8.779303 15.766784 3.2734084
 endloop
endfacet
facet normal 0.99997646 0.006864743 -3.0957648e-07
 outer loop
  vertex -25.248783 15.653731 -3.7141004
  vertex -25.24878 15.653731 8.60792
  vertex -25.24452 15.032758 -3.7141004
 endloop
endfacet
facet normal 0.9999764 0.0068643326 -2.8896073e-07
 outer loop
  vertex -25.24452 15.032758 -3.7141004
  vertex -25.24878 15.653731 8.60792
  vertex -25.15334 1.7503184 8.60792
 endloop
endfacet
facet normal 0.99997646 0.0068643414 -2.800373e-07
 outer loop
  vertex -25.24452 15.032758 -3.7141004
  vertex -25.15334 1.7503184 8.60792
  vertex -25.155119 2.0089266 -6.8870177
 endloop
endfacet
facet normal 0.9999764 0.006866417 6.467491e-10
 outer loop
  vertex -25.15334 1.7503184 8.60792
  vertex -25.15334 1.7503202 -10.37643
  vertex -25.155115 2.0089266 -10.37643
 endloop
endfacet
facet normal 0.9999759 0.0069466173 1.0931943e-06
 outer loop
  vertex -25.15334 1.7503184 8.60792
  vertex -25.155115 2.0089266 -10.37643
  vertex -25.155119 2.0089266 -6.8870177
 endloop
endfacet
facet normal 0.99997646 0.006864274 0
 outer loop
  vertex -25.24452 15.032758 -6.8870177
  vertex -25.24452 15.032758 -3.7141004
  vertex -25.155119 2.0089266 -6.8870177
 endloop
endfacet
facet normal -0.0068642176 0.9999764 9.4187975e-08
 outer loop
  vertex -7.1667547 1.8737869 -10.37643
  vertex -25.15334 1.7503202 -10.37643
  vertex -25.15334 1.7503184 8.60792
 endloop
endfacet
facet normal -0.006864224 0.9999764 8.797434e-08
 outer loop
  vertex -7.1667547 1.8737869 -10.37643
  vertex -25.15334 1.7503184 8.60792
  vertex -7.1667547 1.8737853 8.60792
 endloop
endfacet
facet normal -0.99997646 -0.0068642665 -0
 outer loop
  vertex 3.02631 -8.998929 0.7262741
  vertex 3.02631 -8.998929 8.60792
  vertex 3.011503 -6.841869 8.60792
 endloop
endfacet
facet normal -0.99997646 -0.0068642665 0
 outer loop
  vertex 3.02631 -8.998929 0.7262741
  vertex 3.011503 -6.841869 8.60792
  vertex 3.011503 -6.841869 0.7262741
 endloop
endfacet
facet normal -0.006864265 0.99997646 0
 outer loop
  vertex 3.011503 -6.841869 0.7262741
  vertex 3.011503 -6.841869 8.60792
  vertex 11.15766 -6.78595 8.60792
 endloop
endfacet
facet normal -0.006864265 0.99997646 0
 outer loop
  vertex 3.011503 -6.841869 0.7262741
  vertex 11.15766 -6.78595 8.60792
  vertex 11.15766 -6.78595 0.7262741
 endloop
endfacet
facet normal -0.99997646 -0.0068641864 -0
 outer loop
  vertex 11.15766 -6.78595 0.7262741
  vertex 11.15766 -6.78595 8.60792
  vertex 11.078138 4.798715 8.60792
 endloop
endfacet
facet normal -0.99997646 -0.0068641864 0
 outer loop
  vertex 11.15766 -6.78595 0.7262741
  vertex 11.078138 4.798715 8.60792
  vertex 11.078138 4.798715 0.7262741
 endloop
endfacet
facet normal -0.006864133 0.99997646 0
 outer loop
  vertex 11.078138 4.798715 0.7262741
  vertex 11.078138 4.798715 8.60792
  vertex 13.545443 4.8156514 8.60792
 endloop
endfacet
facet normal -0.006864133 0.99997646 0
 outer loop
  vertex 11.078138 4.798715 0.7262741
  vertex 13.545443 4.8156514 8.60792
  vertex 13.545443 4.8156514 0.7262741
 endloop
endfacet
facet normal 0.006864072 -0.99997646 0
 outer loop
  vertex -4.5115304 16.442719 8.458903
  vertex -5.9997897 16.432503 8.458903
  vertex -5.9997897 16.432503 5.8257055
 endloop
endfacet
facet normal 0.006864072 -0.99997646 0
 outer loop
  vertex -4.5115304 16.442719 8.458903
  vertex -5.9997897 16.432503 5.8257055
  vertex -4.5115304 16.442719 5.8257055
 endloop
endfacet
facet normal 0 0 -1
 outer loop
  vertex -4.5115304 16.442719 5.8257055
  vertex -5.9997897 16.432503 5.8257055
  vertex -6.0533056 24.228622 5.8257055
 endloop
endfacet
facet normal 0 -0 -1
 outer loop
  vertex -4.5115304 16.442719 5.8257055
  vertex -6.0533056 24.228622 5.8257055
  vertex -4.5650463 24.238838 5.8257055
 endloop
endfacet
facet normal -0.006864072 0.99997646 0
 outer loop
  vertex -4.5650463 24.238838 5.8257055
  vertex -6.0533056 24.228622 5.8257055
  vertex -6.0533056 24.228622 8.458903
 endloop
endfacet
facet normal -0.006864072 0.99997646 0
 outer loop
  vertex -4.5650463 24.238838 5.8257055
  vertex -6.0533056 24.228622 8.458903
  vertex -4.5650463 24.238838 8.458903
 endloop
endfacet
facet normal -0 0 1
 outer loop
  vertex -4.5115304 16.442719 8.458903
  vertex -4.5650463 24.238838 8.458903
  vertex -6.0533056 24.228622 8.458903
 endloop
endfacet
facet normal -0 -0 1
 outer loop
  vertex -4.5115304 16.442719 8.458903
  vertex -6.0533056 24.228622 8.458903
  vertex -5.9997897 16.432503 8.458903
 endloop
endfacet
facet normal -0.99997646 -0.0068641263 -0
 outer loop
  vertex 8.853377 5.1265073 -10.37643
  vertex 8.853377 5.1265073 1.3854648
  vertex 8.825188 9.23322 1.3854648
 endloop
endfacet
facet normal -0.99997646 -0.0068641263 0
 outer loop
  vertex 8.853377 5.1265073 -10.37643
  vertex 8.825188 9.23322 1.3854648
  vertex 8.825188 9.23322 -10.37643
 endloop
endfacet
facet normal 0.006864176 -0.9999764 0
 outer loop
  vertex 13.543087 5.158699 -10.37643
  vertex 13.543087 5.158699 1.3854648
  vertex 8.853377 5.1265073 1.3854648
 endloop
endfacet
facet normal 0.006864176 -0.9999764 0
 outer loop
  vertex 13.543087 5.158699 -10.37643
  vertex 8.853377 5.1265073 1.3854648
  vertex 8.853377 5.1265073 -10.37643
 endloop
endfacet
facet normal -0.0068642776 0.9999764 0
 outer loop
  vertex 13.514897 9.265412 -10.37643
  vertex 8.825188 9.23322 -10.37643
  vertex 8.825188 9.23322 1.3854648
 endloop
endfacet
facet normal -0.0068642776 0.9999764 0
 outer loop
  vertex 13.514897 9.265412 -10.37643
  vertex 8.825188 9.23322 1.3854648
  vertex 13.514897 9.265412 1.3854648
 endloop
endfacet
facet normal 0 0 1
 outer loop
  vertex 8.853377 5.1265073 1.3854648
  vertex 13.543087 5.158699 1.3854648
  vertex 13.514897 9.265412 1.3854648
 endloop
endfacet
facet normal -0 0 1
 outer loop
  vertex 8.853377 5.1265073 1.3854648
  vertex 13.514897 9.265412 1.3854648
  vertex 8.825188 9.23322 1.3854648
 endloop
endfacet
facet normal 8.5258944e-07 -3.8789904e-07 -1
 outer loop
  vertex -8.2775 0.21685046 4.7721834
  vertex -7.1554337 0.22455275 4.7721844
  vertex -7.122181 -4.6194854 4.7721863
 endloop
endfacet
facet normal 8.5258944e-07 -3.8789904e-07 -1
 outer loop
  vertex -8.2775 0.21685046 4.7721834
  vertex -7.122181 -4.6194854 4.7721863
  vertex -8.244247 -4.6271877 4.7721853
 endloop
endfacet
facet normal -0.9999765 -0.0068641785 -0
 outer loop
  vertex -13.092426 -5.0889554 -10.37643
  vertex -13.067939 -8.656304 -10.37643
  vertex -13.067939 -8.656304 -3.893089
 endloop
endfacet
facet normal -0.9999765 -0.0068641785 0
 outer loop
  vertex -13.092426 -5.0889554 -10.37643
  vertex -13.067939 -8.656304 -3.893089
  vertex -13.092426 -5.0889554 -3.893089
 endloop
endfacet
facet normal -0.0068642716 0.99997646 0
 outer loop
  vertex -7.122181 -4.6194854 -10.37643
  vertex -8.244247 -4.6271877 -10.37643
  vertex -8.244247 -4.6271877 4.7721853
 endloop
endfacet
facet normal -0.006864271 0.99997646 0
 outer loop
  vertex -7.122181 -4.6194854 -10.37643
  vertex -8.244247 -4.6271877 4.7721853
  vertex -7.122181 -4.6194854 4.7721863
 endloop
endfacet
facet normal 0.006864219 -0.99997646 0
 outer loop
  vertex -8.2775 0.21685046 -10.37643
  vertex -7.1554337 0.22455275 -10.37643
  vertex -7.1554337 0.22455275 4.7721844
 endloop
endfacet
facet normal 0.0068642194 -0.99997646 0
 outer loop
  vertex -8.2775 0.21685046 -10.37643
  vertex -7.1554337 0.22455275 4.7721844
  vertex -8.2775 0.21685046 4.7721834
 endloop
endfacet
facet normal 0 0 1
 outer loop
  vertex -13.067939 -8.656304 -3.893089
  vertex -8.216819 -8.623004 -3.893089
  vertex -8.241306 -5.0556555 -3.893089
 endloop
endfacet
facet normal -0 0 1
 outer loop
  vertex -13.067939 -8.656304 -3.893089
  vertex -8.241306 -5.0556555 -3.893089
  vertex -13.092426 -5.0889554 -3.893089
 endloop
endfacet
facet normal -0.006864216 0.9999764 0
 outer loop
  vertex -13.092426 -5.0889554 -10.37643
  vertex -13.092426 -5.0889554 -3.893089
  vertex -8.241306 -5.0556555 -3.893089
 endloop
endfacet
facet normal -0.006864216 0.9999764 0
 outer loop
  vertex -13.092426 -5.0889554 -10.37643
  vertex -8.241306 -5.0556555 -3.893089
  vertex -8.241306 -5.0556555 -10.37643
 endloop
endfacet
facet normal -0.0068641594 0.9999764 0
 outer loop
  vertex -14.218455 -4.456257 -7.371059
  vertex -14.218455 -4.456257 -10.37643
  vertex -17.068716 -4.475822 -10.37643
 endloop
endfacet
facet normal -0.0068641594 0.9999764 0
 outer loop
  vertex -14.218455 -4.456257 -7.371059
  vertex -17.068716 -4.475822 -10.37643
  vertex -17.068716 -4.475822 -7.371059
 endloop
endfacet
facet normal -0.0068641566 0.99997646 0
 outer loop
  vertex -14.196421 -7.666205 -5.418605
  vertex -14.196421 -7.666205 -7.371059
  vertex -17.046682 -7.68577 -7.371059
 endloop
endfacet
facet normal -0.0068641566 0.99997646 0
 outer loop
  vertex -14.196421 -7.666205 -5.418605
  vertex -17.046682 -7.68577 -7.371059
  vertex -17.046682 -7.68577 -5.418605
 endloop
endfacet
facet normal -0.0068641296 0.99995553 0.0064710747
 outer loop
  vertex -17.039833 -8.683569 -10.37643
  vertex -18.100006 -8.690846 -10.37643
  vertex -18.099289 -8.795331 5.770012
 endloop
endfacet
facet normal -0.104907945 0.99448186 0
 outer loop
  vertex -17.039833 -8.683569 -10.37643
  vertex -18.099289 -8.795331 5.770012
  vertex -17.039833 -8.683569 -5.418605
 endloop
endfacet
facet normal -0.017231764 0.9998166 0.008355389
 outer loop
  vertex -17.039833 -8.683569 -5.418605
  vertex -18.099289 -8.795331 5.770012
  vertex -8.216819 -8.623004 5.530281
 endloop
endfacet
facet normal -0.006864325 0.99997646 4.2018254e-08
 outer loop
  vertex -17.039833 -8.683569 -5.418605
  vertex -8.216819 -8.623004 5.530281
  vertex -14.189571 -8.664003 -5.418605
 endloop
endfacet
facet normal -0.006864315 0.99997646 0
 outer loop
  vertex -8.216819 -8.623004 -3.893089
  vertex -13.067939 -8.656304 -3.893089
  vertex -8.216819 -8.623004 5.530281
 endloop
endfacet
facet normal -0.006863102 0.99997646 -6.253537e-07
 outer loop
  vertex -8.216819 -8.623004 5.530281
  vertex -13.067939 -8.656304 -3.893089
  vertex -14.189571 -8.664003 -5.418605
 endloop
endfacet
facet normal -0.0068639517 0.99997646 0
 outer loop
  vertex -14.189571 -8.664003 -5.418605
  vertex -13.067939 -8.656304 -3.893089
  vertex -13.067939 -8.656304 -10.37643
 endloop
endfacet
facet normal -0.006863951 0.9999764 0
 outer loop
  vertex -14.189571 -8.664003 -5.418605
  vertex -13.067939 -8.656304 -10.37643
  vertex -14.189571 -8.664003 -10.37643
 endloop
endfacet
facet normal 0 0 1
 outer loop
  vertex -17.046682 -7.68577 -5.418605
  vertex -17.039833 -8.683569 -5.418605
  vertex -14.189571 -8.664003 -5.418605
 endloop
endfacet
facet normal 0 0 1
 outer loop
  vertex -17.046682 -7.68577 -5.418605
  vertex -14.189571 -8.664003 -5.418605
  vertex -14.196421 -7.666205 -5.418605
 endloop
endfacet
facet normal -0.99997646 -0.0068640285 0
 outer loop
  vertex -17.046682 -7.68577 -7.371059
  vertex -17.068716 -4.475822 -7.371059
  vertex -17.068716 -4.475822 -10.37643
 endloop
endfacet
facet normal -0.99997646 -0.006864078 -5.243512e-08
 outer loop
  vertex -17.046682 -7.68577 -7.371059
  vertex -17.068716 -4.475822 -10.37643
  vertex -17.039833 -8.683569 -10.37643
 endloop
endfacet
facet normal -0.9999764 -0.0068642357 -0
 outer loop
  vertex -17.039833 -8.683569 -10.37643
  vertex -17.039833 -8.683569 -5.418605
  vertex -17.046682 -7.68577 -5.418605
 endloop
endfacet
facet normal -0.99997646 -0.006864236 0
 outer loop
  vertex -17.039833 -8.683569 -10.37643
  vertex -17.046682 -7.68577 -5.418605
  vertex -17.046682 -7.68577 -7.371059
 endloop
endfacet
facet normal 0 0 1
 outer loop
  vertex -17.068716 -4.475822 -7.371059
  vertex -17.046682 -7.68577 -7.371059
  vertex -14.196421 -7.666205 -7.371059
 endloop
endfacet
facet normal 0 0 1
 outer loop
  vertex -17.068716 -4.475822 -7.371059
  vertex -14.196421 -7.666205 -7.371059
  vertex -14.218455 -4.456257 -7.371059
 endloop
endfacet
facet normal 0.99997646 0.0068643047 0
 outer loop
  vertex -14.189571 -8.664003 -10.37643
  vertex -14.218455 -4.456257 -10.37643
  vertex -14.218455 -4.456257 -7.371059
 endloop
endfacet
facet normal 0.99997646 0.006864325 -2.8574958e-08
 outer loop
  vertex -14.189571 -8.664003 -10.37643
  vertex -14.218455 -4.456257 -7.371059
  vertex -14.196421 -7.666205 -7.371059
 endloop
endfacet
facet normal 0.99997646 0.0068642395 0
 outer loop
  vertex -14.196421 -7.666205 -7.371059
  vertex -14.196421 -7.666205 -5.418605
  vertex -14.189571 -8.664003 -5.418605
 endloop
endfacet
facet normal 0.9999764 0.006864239 -0
 outer loop
  vertex -14.196421 -7.666205 -7.371059
  vertex -14.189571 -8.664003 -5.418605
  vertex -14.189571 -8.664003 -10.37643
 endloop
endfacet
facet normal -0.0068643023 0.99997646 0
 outer loop
  vertex -25.362368 20.87999 -10.37643
  vertex -25.362368 20.87999 5.080347
  vertex -15.470333 20.947893 5.080347
 endloop
endfacet
facet normal -0.0068643023 0.99997646 0
 outer loop
  vertex -25.362368 20.87999 -10.37643
  vertex -15.470333 20.947893 5.080347
  vertex -15.470333 20.947893 -10.37643
 endloop
endfacet
facet normal 0.006864368 -0.99997646 0
 outer loop
  vertex -7.0871973 23.451094 -10.37643
  vertex -6.048017 23.458227 -10.37643
  vertex -6.048017 23.458227 4.930848
 endloop
endfacet
facet normal 0.006864368 -0.99997646 0
 outer loop
  vertex -7.0871973 23.451094 -10.37643
  vertex -6.048017 23.458227 4.930848
  vertex -7.0871973 23.451094 4.930848
 endloop
endfacet
facet normal -0.006864368 0.99997646 0
 outer loop
  vertex -6.0082207 17.66067 -10.37643
  vertex -7.047401 17.653536 -10.37643
  vertex -7.047401 17.653536 4.930848
 endloop
endfacet
facet normal -0.006864368 0.99997646 0
 outer loop
  vertex -6.0082207 17.66067 -10.37643
  vertex -7.047401 17.653536 4.930848
  vertex -6.0082207 17.66067 4.930848
 endloop
endfacet
facet normal 0 0 -1
 outer loop
  vertex -6.0082207 17.66067 4.930848
  vertex -7.047401 17.653536 4.930848
  vertex -7.0871973 23.451094 4.930848
 endloop
endfacet
facet normal 0 -0 -1
 outer loop
  vertex -6.0082207 17.66067 4.930848
  vertex -7.0871973 23.451094 4.930848
  vertex -6.048017 23.458227 4.930848
 endloop
endfacet
facet normal -0.0068640853 0.9999765 0
 outer loop
  vertex -15.442331 16.868633 -10.37643
  vertex -15.442331 16.868633 5.080347
  vertex -7.0424085 16.926292 -10.37643
 endloop
endfacet
facet normal -0.006863567 0.99997646 0
 outer loop
  vertex -7.0424085 16.926292 8.35694
  vertex -7.0424085 16.926292 -10.37643
  vertex -8.671389 16.915112 5.9053345
 endloop
endfacet
facet normal -0.006863566 0.9999764 0
 outer loop
  vertex -7.0424085 16.926292 8.35694
  vertex -8.671389 16.915112 5.9053345
  vertex -8.671389 16.915112 7.7447333
 endloop
endfacet
facet normal -0.0068642027 0.9999764 1.6925385e-06
 outer loop
  vertex -25.334366 16.80073 8.35694
  vertex -7.0424085 16.926292 8.35694
  vertex -8.671389 16.915112 7.7447333
 endloop
endfacet
facet normal -0.0068642176 0.99997646 1.3074663e-06
 outer loop
  vertex -25.334366 16.80073 8.35694
  vertex -8.671389 16.915112 7.7447333
  vertex -14.032732 16.87831 7.7447333
 endloop
endfacet
facet normal -0.006864288 0.9999764 0
 outer loop
  vertex -25.334366 16.80073 8.35694
  vertex -14.032732 16.87831 7.7447333
  vertex -25.334366 16.80073 5.080347
 endloop
endfacet
facet normal -0.0068643023 0.9999764 6.1059154e-08
 outer loop
  vertex -15.442331 16.868633 5.080347
  vertex -25.334366 16.80073 5.080347
  vertex -14.032732 16.87831 7.7447333
 endloop
endfacet
facet normal -0.006864186 0.99997646 0
 outer loop
  vertex -15.442331 16.868633 5.080347
  vertex -14.032732 16.87831 7.7447333
  vertex -14.032732 16.87831 5.9053345
 endloop
endfacet
facet normal -0.0068641617 0.9999764 -4.150977e-08
 outer loop
  vertex -7.0424085 16.926292 -10.37643
  vertex -15.442331 16.868633 5.080347
  vertex -14.032732 16.87831 5.9053345
 endloop
endfacet
facet normal -0.006864217 0.9999764 -6.520759e-08
 outer loop
  vertex -7.0424085 16.926292 -10.37643
  vertex -14.032732 16.87831 5.9053345
  vertex -8.671389 16.915112 5.9053345
 endloop
endfacet
facet normal -0.0068642166 0.9999764 0
 outer loop
  vertex -14.041011 18.084402 5.9053345
  vertex -14.041011 18.084402 7.7447333
  vertex -8.679667 18.121204 7.7447333
 endloop
endfacet
facet normal -0.0068642166 0.9999764 0
 outer loop
  vertex -14.041011 18.084402 5.9053345
  vertex -8.679667 18.121204 7.7447333
  vertex -8.679667 18.121204 5.9053345
 endloop
endfacet
facet normal -0.99997646 -0.0068640253 -0
 outer loop
  vertex -14.032732 16.87831 5.9053345
  vertex -14.032732 16.87831 7.7447333
  vertex -14.041011 18.084402 7.7447333
 endloop
endfacet
facet normal -0.99997646 -0.0068640253 0
 outer loop
  vertex -14.032732 16.87831 5.9053345
  vertex -14.041011 18.084402 7.7447333
  vertex -14.041011 18.084402 5.9053345
 endloop
endfacet
facet normal 0 -0 1
 outer loop
  vertex -8.679667 18.121204 7.7447333
  vertex -14.041011 18.084402 7.7447333
  vertex -14.032732 16.87831 7.7447333
 endloop
endfacet
facet normal 0 -0 1
 outer loop
  vertex -8.679667 18.121204 7.7447333
  vertex -14.032732 16.87831 7.7447333
  vertex -8.671389 16.915112 7.7447333
 endloop
endfacet
facet normal 0 -0 -1
 outer loop
  vertex -14.032732 16.87831 5.9053345
  vertex -14.041011 18.084402 5.9053345
  vertex -8.679667 18.121204 5.9053345
 endloop
endfacet
facet normal -0 0 -1
 outer loop
  vertex -14.032732 16.87831 5.9053345
  vertex -8.679667 18.121204 5.9053345
  vertex -8.671389 16.915112 5.9053345
 endloop
endfacet
facet normal 0.99997646 0.0068640253 0
 outer loop
  vertex -8.671389 16.915112 5.9053345
  vertex -8.679667 18.121204 5.9053345
  vertex -8.679667 18.121204 7.7447333
 endloop
endfacet
facet normal 0.99997646 0.0068640253 0
 outer loop
  vertex -8.671389 16.915112 5.9053345
  vertex -8.679667 18.121204 7.7447333
  vertex -8.671389 16.915112 7.7447333
 endloop
endfacet
facet normal 0 0 1
 outer loop
  vertex -25.362368 20.87999 5.080347
  vertex -25.334366 16.80073 5.080347
  vertex -15.442331 16.868633 5.080347
 endloop
endfacet
facet normal 0 0 1
 outer loop
  vertex -25.362368 20.87999 5.080347
  vertex -15.442331 16.868633 5.080347
  vertex -15.470333 20.947893 5.080347
 endloop
endfacet
facet normal 0.99997646 0.0068642665 0
 outer loop
  vertex -15.470333 20.947893 -10.37643
  vertex -15.470333 20.947893 5.080347
  vertex -15.442331 16.868633 5.080347
 endloop
endfacet
facet normal 0.99997646 0.0068642665 -0
 outer loop
  vertex -15.470333 20.947893 -10.37643
  vertex -15.442331 16.868633 5.080347
  vertex -15.442331 16.868633 -10.37643
 endloop
endfacet
facet normal 0.99997646 0.00686448 -0
 outer loop
  vertex -22.66641 24.863098 -7.012609
  vertex -22.646973 22.031517 -7.012609
  vertex -22.646973 22.031517 -10.37643
 endloop
endfacet
facet normal 0.99997646 0.00686448 0
 outer loop
  vertex -22.66641 24.863098 -7.012609
  vertex -22.646973 22.031517 -10.37643
  vertex -22.66641 24.863098 -10.37643
 endloop
endfacet
facet normal 0 -0 1
 outer loop
  vertex -22.66641 24.863098 -7.012609
  vertex -25.389582 24.844404 -7.012609
  vertex -25.370144 22.012823 -7.012609
 endloop
endfacet
facet normal 0 -0 1
 outer loop
  vertex -22.66641 24.863098 -7.012609
  vertex -25.370144 22.012823 -7.012609
  vertex -22.646973 22.031517 -7.012609
 endloop
endfacet
facet normal 0.006864601 -0.99997646 0
 outer loop
  vertex -22.646973 22.031517 -10.37643
  vertex -22.646973 22.031517 -7.012609
  vertex -25.370144 22.012823 -7.012609
 endloop
endfacet
facet normal 0.006864601 -0.99997646 0
 outer loop
  vertex -22.646973 22.031517 -10.37643
  vertex -25.370144 22.012823 -7.012609
  vertex -25.370144 22.012823 -10.37643
 endloop
endfacet
facet normal -0.006864601 0.99997646 0
 outer loop
  vertex -25.389582 24.844404 -7.012609
  vertex -22.66641 24.863098 -7.012609
  vertex -22.66641 24.863098 -10.37643
 endloop
endfacet
facet normal -0.006864601 0.99997646 0
 outer loop
  vertex -25.389582 24.844404 -7.012609
  vertex -22.66641 24.863098 -10.37643
  vertex -25.389582 24.844404 -10.37643
 endloop
endfacet
facet normal 0.9999764 0.00686437 -0
 outer loop
  vertex -24.58432 25.19494 -3.9185998
  vertex -24.58432 25.19494 -6.916753
  vertex -24.659771 36.18635 -6.916753
 endloop
endfacet
facet normal 0.9999764 0.00686437 0
 outer loop
  vertex -24.58432 25.19494 -3.9185998
  vertex -24.659771 36.18635 -6.916753
  vertex -24.659771 36.18635 -3.9185998
 endloop
endfacet
facet normal 0.9999764 0.0068641985 -0
 outer loop
  vertex -11.360493 36.27764 -6.916753
  vertex -11.285044 25.286232 -6.916753
  vertex -11.285044 25.286232 -10.37643
 endloop
endfacet
facet normal 0.9999764 0.0068641985 0
 outer loop
  vertex -11.360493 36.27764 -6.916753
  vertex -11.285044 25.286232 -10.37643
  vertex -11.360493 36.27764 -10.37643
 endloop
endfacet
facet normal -0.0068640844 0.99997646 0
 outer loop
  vertex -24.659771 36.18635 -6.916753
  vertex -11.360493 36.27764 -6.916753
  vertex -11.360493 36.27764 -10.37643
 endloop
endfacet
facet normal -0.006864013 0.9999764 2.7355873e-07
 outer loop
  vertex -24.659771 36.18635 -6.916753
  vertex -11.360493 36.27764 -10.37643
  vertex -25.4674 36.18081 -10.37643
 endloop
endfacet
facet normal -0.0068628383 0.9999764 0
 outer loop
  vertex -25.4674 36.18081 -10.37643
  vertex -25.4674 36.18081 -3.9185998
  vertex -24.659771 36.18635 -3.9185998
 endloop
endfacet
facet normal -0.0068628388 0.99997646 0
 outer loop
  vertex -25.4674 36.18081 -10.37643
  vertex -24.659771 36.18635 -3.9185998
  vertex -24.659771 36.18635 -6.916753
 endloop
endfacet
facet normal -0 0 1
 outer loop
  vertex -11.285044 25.286232 -6.916753
  vertex -11.360493 36.27764 -6.916753
  vertex -24.659771 36.18635 -6.916753
 endloop
endfacet
facet normal -0 -0 1
 outer loop
  vertex -11.285044 25.286232 -6.916753
  vertex -24.659771 36.18635 -6.916753
  vertex -24.58432 25.19494 -6.916753
 endloop
endfacet
facet normal -0 0 1
 outer loop
  vertex -24.58432 25.19494 -3.9185998
  vertex -24.659771 36.18635 -3.9185998
  vertex -25.4674 36.18081 -3.9185998
 endloop
endfacet
facet normal -0 -0 1
 outer loop
  vertex -24.58432 25.19494 -3.9185998
  vertex -25.4674 36.18081 -3.9185998
  vertex -25.391949 25.189396 -3.9185998
 endloop
endfacet
facet normal 0.0068651997 -0.9999764 0
 outer loop
  vertex -24.58432 25.19494 -6.916753
  vertex -24.58432 25.19494 -3.9185998
  vertex -25.391949 25.189396 -3.9185998
 endloop
endfacet
facet normal 0.0068651997 -0.9999764 0
 outer loop
  vertex -24.58432 25.19494 -6.916753
  vertex -25.391949 25.189396 -3.9185998
  vertex -25.391949 25.189396 -10.37643
 endloop
endfacet
facet normal 0.0068642837 -0.9999764 2.1371777e-07
 outer loop
  vertex -24.58432 25.19494 -6.916753
  vertex -25.391949 25.189396 -10.37643
  vertex -11.285044 25.286232 -10.37643
 endloop
endfacet
facet normal 0.0068642288 -0.9999764 0
 outer loop
  vertex -24.58432 25.19494 -6.916753
  vertex -11.285044 25.286232 -10.37643
  vertex -11.285044 25.286232 -6.916753
 endloop
endfacet
facet normal 0.006863529 -0.9999764 0
 outer loop
  vertex -25.469004 36.414646 -4.927028
  vertex -25.469004 36.414646 -10.37643
  vertex -22.07208 36.43796 -10.37643
 endloop
endfacet
facet normal 0.006863529 -0.9999764 0
 outer loop
  vertex -25.469004 36.414646 -4.927028
  vertex -22.07208 36.43796 -10.37643
  vertex -22.07208 36.43796 -4.927028
 endloop
endfacet
facet normal 0 0 1
 outer loop
  vertex -25.51586 43.240597 -4.927028
  vertex -25.469004 36.414646 -4.927028
  vertex -22.07208 36.43796 -4.927028
 endloop
endfacet
facet normal 0 0 1
 outer loop
  vertex -25.51586 43.240597 -4.927028
  vertex -22.07208 36.43796 -4.927028
  vertex -22.118937 43.263912 -4.927028
 endloop
endfacet
facet normal 0.9999765 0.006864065 -0
 outer loop
  vertex -22.104864 41.213802 -7.0326495
  vertex -22.104864 41.213802 -10.37643
  vertex -22.118937 43.263912 -10.37643
 endloop
endfacet
facet normal 0.99997646 0.006864065 0
 outer loop
  vertex -22.104864 41.213802 -7.0326495
  vertex -22.118937 43.263912 -10.37643
  vertex -22.118937 43.263912 -4.927028
 endloop
endfacet
facet normal 0.99997646 0.0068642194 -1.5084449e-07
 outer loop
  vertex -22.104864 41.213802 -7.0326495
  vertex -22.118937 43.263912 -4.927028
  vertex -22.07208 36.43796 -4.927028
 endloop
endfacet
facet normal 0.9999764 0.006863933 -7.979006e-07
 outer loop
  vertex -22.104864 41.213802 -7.0326495
  vertex -22.07208 36.43796 -4.927028
  vertex -22.081882 37.865707 -7.0326495
 endloop
endfacet
facet normal 0.99997646 0.006865111 -0
 outer loop
  vertex -22.081882 37.865707 -7.0326495
  vertex -22.07208 36.43796 -4.927028
  vertex -22.07208 36.43796 -10.37643
 endloop
endfacet
facet normal 0.99997646 0.006865111 0
 outer loop
  vertex -22.081882 37.865707 -7.0326495
  vertex -22.07208 36.43796 -10.37643
  vertex -22.081882 37.865707 -10.37643
 endloop
endfacet
facet normal 0 -0 1
 outer loop
  vertex -20.135576 41.22732 -7.0326495
  vertex -22.104864 41.213802 -7.0326495
  vertex -22.081882 37.865707 -7.0326495
 endloop
endfacet
facet normal 0 -0 1
 outer loop
  vertex -20.135576 41.22732 -7.0326495
  vertex -22.081882 37.865707 -7.0326495
  vertex -20.112595 37.879227 -7.0326495
 endloop
endfacet
facet normal 0 -0 1
 outer loop
  vertex -19.531265 41.23147 -4.413996
  vertex -20.135576 41.22732 -4.413996
  vertex -20.112595 37.879227 -4.413996
 endloop
endfacet
facet normal 0 -0 1
 outer loop
  vertex -19.531265 41.23147 -4.413996
  vertex -20.112595 37.879227 -4.413996
  vertex -19.508282 37.883373 -4.413996
 endloop
endfacet
facet normal -0.006861497 0.99997646 0
 outer loop
  vertex -20.135576 41.22732 -4.413996
  vertex -19.531265 41.23147 -4.413996
  vertex -19.531265 41.23147 -10.37643
 endloop
endfacet
facet normal -0.006861497 0.9999764 0
 outer loop
  vertex -20.135576 41.22732 -4.413996
  vertex -19.531265 41.23147 -10.37643
  vertex -20.135576 41.22732 -7.0326495
 endloop
endfacet
facet normal -0.006864102 0.9999764 -4.708693e-07
 outer loop
  vertex -20.135576 41.22732 -7.0326495
  vertex -19.531265 41.23147 -10.37643
  vertex -22.104864 41.213802 -10.37643
 endloop
endfacet
facet normal -0.0068649016 0.9999764 0
 outer loop
  vertex -20.135576 41.22732 -7.0326495
  vertex -22.104864 41.213802 -10.37643
  vertex -22.104864 41.213802 -7.0326495
 endloop
endfacet
facet normal -0.9999764 -0.0068639335 0
 outer loop
  vertex -20.135576 41.22732 -4.413996
  vertex -20.135576 41.22732 -7.0326495
  vertex -20.112595 37.879227 -7.0326495
 endloop
endfacet
facet normal -0.9999764 -0.0068639335 -0
 outer loop
  vertex -20.135576 41.22732 -4.413996
  vertex -20.112595 37.879227 -7.0326495
  vertex -20.112595 37.879227 -4.413996
 endloop
endfacet
facet normal 0.0068614758 -0.99997646 0
 outer loop
  vertex -19.508282 37.883373 -10.37643
  vertex -19.508282 37.883373 -4.413996
  vertex -20.112595 37.879227 -4.413996
 endloop
endfacet
facet normal 0.0068614758 -0.9999764 0
 outer loop
  vertex -19.508282 37.883373 -10.37643
  vertex -20.112595 37.879227 -4.413996
  vertex -20.112595 37.879227 -7.0326495
 endloop
endfacet
facet normal 0.0068640974 -0.9999764 4.7379098e-07
 outer loop
  vertex -22.081882 37.865707 -10.37643
  vertex -19.508282 37.883373 -10.37643
  vertex -20.112595 37.879227 -7.0326495
 endloop
endfacet
facet normal 0.0068649016 -0.9999764 0
 outer loop
  vertex -22.081882 37.865707 -10.37643
  vertex -20.112595 37.879227 -7.0326495
  vertex -22.081882 37.865707 -7.0326495
 endloop
endfacet
facet normal 0.9999764 0.006864503 0
 outer loop
  vertex -19.531265 41.23147 -10.37643
  vertex -19.531265 41.23147 -4.413996
  vertex -19.508282 37.883373 -4.413996
 endloop
endfacet
facet normal 0.9999764 0.006864503 -0
 outer loop
  vertex -19.531265 41.23147 -10.37643
  vertex -19.508282 37.883373 -4.413996
  vertex -19.508282 37.883373 -10.37643
 endloop
endfacet
facet normal 0.006863965 -0.99997646 0
 outer loop
  vertex -21.170103 44.33619 2.6593268
  vertex -21.170103 44.33619 -3.9665685
  vertex -11.859724 44.400097 -3.9665685
 endloop
endfacet
facet normal 0.006863965 -0.99997646 0
 outer loop
  vertex -21.170103 44.33619 2.6593268
  vertex -11.859724 44.400097 -3.9665685
  vertex -11.859724 44.400097 2.6593268
 endloop
endfacet
facet normal 0.00686439 -0.9999764 0
 outer loop
  vertex -11.852408 43.334385 -3.9665685
  vertex -7.223903 43.366158 -10.37643
  vertex -7.223903 43.366158 8.35694
 endloop
endfacet
facet normal 0.0068643894 -0.99997646 0
 outer loop
  vertex -11.852408 43.334385 -3.9665685
  vertex -7.223903 43.366158 8.35694
  vertex -11.852408 43.334385 2.6593268
 endloop
endfacet
facet normal 0.0068640993 -0.99997646 2.3619286e-07
 outer loop
  vertex -11.852408 43.334385 2.6593268
  vertex -7.223903 43.366158 8.35694
  vertex -25.51586 43.240597 8.35694
 endloop
endfacet
facet normal 0.006863966 -0.9999764 -8.3145984e-08
 outer loop
  vertex -11.852408 43.334385 2.6593268
  vertex -25.51586 43.240597 8.35694
  vertex -21.162786 43.270477 2.6593268
 endloop
endfacet
facet normal 0.0068642288 -0.99997646 -1.1611617e-07
 outer loop
  vertex -7.223903 43.366158 -10.37643
  vertex -11.852408 43.334385 -3.9665685
  vertex -22.118937 43.263912 -10.37643
 endloop
endfacet
facet normal 0.0068639666 -0.99997646 3.0561552e-07
 outer loop
  vertex -22.118937 43.263912 -10.37643
  vertex -11.852408 43.334385 -3.9665685
  vertex -21.162786 43.270477 -3.9665685
 endloop
endfacet
facet normal 0.006866014 -0.99997646 0
 outer loop
  vertex -22.118937 43.263912 -10.37643
  vertex -21.162786 43.270477 -3.9665685
  vertex -22.118937 43.263912 -4.927028
 endloop
endfacet
facet normal 0.0068640746 -0.99997646 0
 outer loop
  vertex -25.51586 43.240597 8.35694
  vertex -25.51586 43.240597 -4.927028
  vertex -21.162786 43.270477 2.6593268
 endloop
endfacet
facet normal 0.0068635293 -0.99997646 3.131046e-07
 outer loop
  vertex -21.162786 43.270477 2.6593268
  vertex -25.51586 43.240597 -4.927028
  vertex -22.118937 43.263912 -4.927028
 endloop
endfacet
facet normal 0.006866013 -0.99997646 0
 outer loop
  vertex -21.162786 43.270477 2.6593268
  vertex -22.118937 43.263912 -4.927028
  vertex -21.162786 43.270477 -3.9665685
 endloop
endfacet
facet normal 0 0 1
 outer loop
  vertex -21.170103 44.33619 -3.9665685
  vertex -21.162786 43.270477 -3.9665685
  vertex -11.852408 43.334385 -3.9665685
 endloop
endfacet
facet normal 0 0 1
 outer loop
  vertex -21.170103 44.33619 -3.9665685
  vertex -11.852408 43.334385 -3.9665685
  vertex -11.859724 44.400097 -3.9665685
 endloop
endfacet
facet normal -0.99997646 -0.006864391 0
 outer loop
  vertex -11.859724 44.400097 2.6593268
  vertex -11.859724 44.400097 -3.9665685
  vertex -11.852408 43.334385 -3.9665685
 endloop
endfacet
facet normal -0.99997646 -0.006864391 -0
 outer loop
  vertex -11.859724 44.400097 2.6593268
  vertex -11.852408 43.334385 -3.9665685
  vertex -11.852408 43.334385 2.6593268
 endloop
endfacet
facet normal 0 0 -1
 outer loop
  vertex -11.859724 44.400097 2.6593268
  vertex -11.852408 43.334385 2.6593268
  vertex -21.162786 43.270477 2.6593268
 endloop
endfacet
facet normal 0 0 -1
 outer loop
  vertex -11.859724 44.400097 2.6593268
  vertex -21.162786 43.270477 2.6593268
  vertex -21.170103 44.33619 2.6593268
 endloop
endfacet
facet normal 0.99997646 0.006865286 0
 outer loop
  vertex -21.162786 43.270477 -3.9665685
  vertex -21.170103 44.33619 -3.9665685
  vertex -21.170103 44.33619 2.6593268
 endloop
endfacet
facet normal 0.99997646 0.006865286 0
 outer loop
  vertex -21.162786 43.270477 -3.9665685
  vertex -21.170103 44.33619 2.6593268
  vertex -21.162786 43.270477 2.6593268
 endloop
endfacet
facet normal -0.99997646 -0.0068642087 -0
 outer loop
  vertex -7.7748733 26.864414 -4.246204
  vertex -7.7748733 26.864414 1.0389432
  vertex -7.836911 35.90209 1.0389432
 endloop
endfacet
facet normal -0.99997646 -0.0068642087 0
 outer loop
  vertex -7.7748733 26.864414 -4.246204
  vertex -7.836911 35.90209 1.0389432
  vertex -7.836911 35.90209 -4.246204
 endloop
endfacet
facet normal 0 0 1
 outer loop
  vertex -7.7748733 26.864414 1.0389432
  vertex -7.1106596 26.868975 1.0389432
  vertex -7.172698 35.906647 1.0389432
 endloop
endfacet
facet normal -0 0 1
 outer loop
  vertex -7.7748733 26.864414 1.0389432
  vertex -7.172698 35.906647 1.0389432
  vertex -7.836911 35.90209 1.0389432
 endloop
endfacet
facet normal -0.006862941 0.99997646 0
 outer loop
  vertex -7.836911 35.90209 -4.246204
  vertex -7.836911 35.90209 1.0389432
  vertex -7.172698 35.906647 1.0389432
 endloop
endfacet
facet normal -0.006862941 0.99997646 0
 outer loop
  vertex -7.836911 35.90209 -4.246204
  vertex -7.172698 35.906647 1.0389432
  vertex -7.172698 35.906647 -4.246204
 endloop
endfacet
facet normal -0 0 -1
 outer loop
  vertex -7.836911 35.90209 -4.246204
  vertex -7.172698 35.906647 -4.246204
  vertex -7.1106596 26.868973 -4.246204
 endloop
endfacet
facet normal 0 0 -1
 outer loop
  vertex -7.836911 35.90209 -4.246204
  vertex -7.1106596 26.868973 -4.246204
  vertex -7.7748733 26.864414 -4.246204
 endloop
endfacet
facet normal 0.0068658073 -0.99997646 0
 outer loop
  vertex -7.1106596 26.868975 1.0389432
  vertex -7.7748733 26.864414 1.0389432
  vertex -7.7748733 26.864414 -4.246204
 endloop
endfacet
facet normal 0.006862936 -0.99997646 3.6093047e-07
 outer loop
  vertex -7.1106596 26.868975 1.0389432
  vertex -7.7748733 26.864414 -4.246204
  vertex -7.1106596 26.868973 -4.246204
 endloop
endfacet
facet normal 0.99997646 0.006864256 -0
 outer loop
  vertex -6.048017 23.458227 4.930848
  vertex -6.048017 23.458227 -10.37643
  vertex -6.06263 25.587053 -4.0349903
 endloop
endfacet
facet normal 0.99997646 0.0068642558 0
 outer loop
  vertex -6.048017 23.458227 4.930848
  vertex -6.06263 25.587053 -4.0349903
  vertex -6.06263 25.587053 0.87709075
 endloop
endfacet
facet normal 0.99997646 0.006864233 7.670512e-09
 outer loop
  vertex -6.06263 25.587053 -4.0349903
  vertex -6.048017 23.458227 -10.37643
  vertex -6.1426435 37.243336 -10.37643
 endloop
endfacet
facet normal 0.99997646 0.0068642315 6.1018697e-09
 outer loop
  vertex -6.06263 25.587053 -4.0349903
  vertex -6.1426435 37.243336 -10.37643
  vertex -6.1207848 34.05897 -4.0349903
 endloop
endfacet
facet normal 0.9999765 0.0068642204 0
 outer loop
  vertex -6.1207848 34.05897 -4.0349903
  vertex -6.1426435 37.243336 -10.37643
  vertex -6.1426435 37.243336 10.418196
 endloop
endfacet
facet normal 0.9999764 0.0068642204 0
 outer loop
  vertex -6.1207848 34.05897 -4.0349903
  vertex -6.1426435 37.243336 10.418196
  vertex -6.1207848 34.05897 0.87709075
 endloop
endfacet
facet normal 0.9999764 0.0068641426 -0
 outer loop
  vertex -6.1287637 35.221313 10.418196
  vertex -6.1287637 35.221313 8.60792
  vertex -6.1426435 37.243336 10.418196
 endloop
endfacet
facet normal 0.99997646 0.0068641105 3.6900243e-08
 outer loop
  vertex -6.1426435 37.243336 10.418196
  vertex -6.1287637 35.221313 8.60792
  vertex -6.1207848 34.05897 0.87709075
 endloop
endfacet
facet normal 0.99997646 0.0068642306 -6.5855477e-07
 outer loop
  vertex -6.0533056 24.228622 8.458903
  vertex -6.1287637 35.221313 8.60792
  vertex -5.9953513 15.785893 8.60792
 endloop
endfacet
facet normal 0.9999764 0.006864267 1.3659882e-06
 outer loop
  vertex -6.0533056 24.228622 8.458903
  vertex -5.9953513 15.785893 8.60792
  vertex -5.9997897 16.432503 8.458903
 endloop
endfacet
facet normal 0.99997646 0.0068639526 -0
 outer loop
  vertex -5.9953513 15.785893 8.60792
  vertex -5.9953513 15.785893 -5.0352035
  vertex -5.9997897 16.432503 8.458903
 endloop
endfacet
facet normal 0.99997646 0.006863953 0
 outer loop
  vertex -5.9997897 16.432503 5.8257055
  vertex -5.9997897 16.432503 8.458903
  vertex -5.9953513 15.785893 -5.0352035
 endloop
endfacet
facet normal 0.99997646 0.0068644853 -3.1650885e-08
 outer loop
  vertex -5.9997897 16.432503 5.8257055
  vertex -5.9953513 15.785893 -5.0352035
  vertex -6.0082207 17.66067 4.930848
 endloop
endfacet
facet normal 0.99997646 0.006864222 2.0029528e-08
 outer loop
  vertex -6.1207848 34.05897 0.87709075
  vertex -6.1287637 35.221313 8.60792
  vertex -6.0533056 24.228622 8.458903
 endloop
endfacet
facet normal 0.99997646 0.006864233 3.3521463e-08
 outer loop
  vertex -6.1207848 34.05897 0.87709075
  vertex -6.0533056 24.228622 8.458903
  vertex -6.06263 25.587053 0.87709075
 endloop
endfacet
facet normal 0.9999764 0.0068640453 -0
 outer loop
  vertex -6.06263 25.587053 0.87709075
  vertex -6.0533056 24.228622 8.458903
  vertex -6.0533056 24.228622 5.8257055
 endloop
endfacet
facet normal 0.9999764 0.0068644863 1.2104336e-07
 outer loop
  vertex -6.06263 25.587053 0.87709075
  vertex -6.0533056 24.228622 5.8257055
  vertex -6.048017 23.458227 4.930848
 endloop
endfacet
facet normal 0.99997646 0.006864169 3.9492414e-07
 outer loop
  vertex -6.0082207 17.66067 4.930848
  vertex -6.048017 23.458227 4.930848
  vertex -6.0533056 24.228622 5.8257055
 endloop
endfacet
facet normal 0.9999764 0.006864267 -3.2892603e-07
 outer loop
  vertex -6.0082207 17.66067 4.930848
  vertex -6.0533056 24.228622 5.8257055
  vertex -5.9997897 16.432503 5.8257055
 endloop
endfacet
facet normal 0.9999764 0.006864316 0
 outer loop
  vertex -6.0082207 17.66067 4.930848
  vertex -5.9953513 15.785893 -5.0352035
  vertex -6.0082207 17.66067 -10.37643
 endloop
endfacet
facet normal 0.99997646 0.0068642776 -1.3569098e-08
 outer loop
  vertex -5.970821 12.212334 -10.37643
  vertex -6.0082207 17.66067 -10.37643
  vertex -5.9953513 15.785893 -5.0352035
 endloop
endfacet
facet normal 0.9999764 0.0068642567 0
 outer loop
  vertex -5.970821 12.212334 -10.37643
  vertex -5.9953513 15.785893 -5.0352035
  vertex -5.970821 12.212334 -5.0352035
 endloop
endfacet
facet normal -0.006864289 0.9999765 0
 outer loop
  vertex -6.1287637 35.221313 10.418196
  vertex 13.335809 35.354927 10.418196
  vertex 13.335809 35.354927 8.60792
 endloop
endfacet
facet normal -0.006864289 0.9999765 0
 outer loop
  vertex -6.1287637 35.221313 10.418196
  vertex 13.335809 35.354927 8.60792
  vertex -6.1287637 35.221313 8.60792
 endloop
endfacet
facet normal 0 -0 -1
 outer loop
  vertex -6.1287637 35.221313 10.418196
  vertex -6.1426435 37.243336 10.418196
  vertex 13.321929 37.37695 10.418196
 endloop
endfacet
facet normal -0 0 -1
 outer loop
  vertex -6.1287637 35.221313 10.418196
  vertex 13.321929 37.37695 10.418196
  vertex 13.335809 35.354927 10.418196
 endloop
endfacet
facet normal 0 -0 -1
 outer loop
  vertex -5.9953513 15.785893 8.60792
  vertex -6.1287637 35.221313 8.60792
  vertex 13.335809 35.354927 8.60792
 endloop
endfacet
facet normal -0 0 -1
 outer loop
  vertex -5.9953513 15.785893 8.60792
  vertex 13.335809 35.354927 8.60792
  vertex 13.545443 4.8156514 8.60792
 endloop
endfacet
facet normal 0 0 -1
 outer loop
  vertex 13.545443 4.8156514 8.60792
  vertex 11.078138 4.798715 8.60792
  vertex -5.9953513 15.785893 8.60792
 endloop
endfacet
facet normal 0 -0 -1
 outer loop
  vertex 11.15766 -6.78595 8.60792
  vertex 3.011503 -6.841869 8.60792
  vertex 11.078138 4.798715 8.60792
 endloop
endfacet
facet normal 0 0 -1
 outer loop
  vertex 3.011503 -6.841869 8.60792
  vertex 3.02631 -8.998929 8.60792
  vertex -7.0916424 -9.068382 8.60792
 endloop
endfacet
facet normal 0 0 -1
 outer loop
  vertex 3.011503 -6.841869 8.60792
  vertex -7.0916424 -9.068382 8.60792
  vertex -7.1667547 1.8737853 8.60792
 endloop
endfacet
facet normal 0 0 -1
 outer loop
  vertex 11.078138 4.798715 8.60792
  vertex 3.011503 -6.841869 8.60792
  vertex -7.1667547 1.8737853 8.60792
 endloop
endfacet
facet normal 0 -0 -1
 outer loop
  vertex 11.078138 4.798715 8.60792
  vertex -7.1667547 1.8737853 8.60792
  vertex -5.9953513 15.785893 8.60792
 endloop
endfacet
facet normal -0 0 -1
 outer loop
  vertex -25.24878 15.653731 8.60792
  vertex -5.9953513 15.785893 8.60792
  vertex -7.1667547 1.8737853 8.60792
 endloop
endfacet
facet normal 0 0 -1
 outer loop
  vertex -25.24878 15.653731 8.60792
  vertex -7.1667547 1.8737853 8.60792
  vertex -25.15334 1.7503184 8.60792
 endloop
endfacet
facet normal -0.99997646 -0.0068648364 0
 outer loop
  vertex 10.869145 40.2742 4.4708934
  vertex 10.869145 40.2742 -10.37643
  vertex 10.88915 37.36025 -10.37643
 endloop
endfacet
facet normal -0.99997646 -0.0068641817 -1.2846112e-07
 outer loop
  vertex 10.869145 40.2742 4.4708934
  vertex 10.88915 37.36025 -10.37643
  vertex 10.889148 37.36025 4.4708934
 endloop
endfacet
facet normal 0.99997646 0.0068642227 0
 outer loop
  vertex -0.15742382 37.28442 -10.37643
  vertex -0.17742631 40.19837 -10.37643
  vertex -0.17742631 40.19837 4.4708934
 endloop
endfacet
facet normal 0.99997646 0.0068642227 0
 outer loop
  vertex -0.15742382 37.28442 -10.37643
  vertex -0.17742631 40.19837 4.4708934
  vertex -0.15742382 37.28442 4.4708934
 endloop
endfacet
facet normal 0 0 -1
 outer loop
  vertex 10.889148 37.36025 4.4708934
  vertex -0.15742382 37.28442 4.4708934
  vertex -0.17742631 40.19837 4.4708934
 endloop
endfacet
facet normal 0 -0 -1
 outer loop
  vertex 10.889148 37.36025 4.4708934
  vertex -0.17742631 40.19837 4.4708934
  vertex 10.869145 40.2742 4.4708934
 endloop
endfacet
facet normal -0.99997646 -0.0068641854 -1.0813369e-06
 outer loop
  vertex 13.260885 46.266903 9.9077215
  vertex 13.260907 46.266903 -10.376425
  vertex 13.3019285 40.2909 -10.376425
 endloop
endfacet
facet normal -0.99997646 -0.006864185 -1.0813369e-06
 outer loop
  vertex 13.260885 46.266903 9.9077215
  vertex 13.3019285 40.2909 -10.376425
  vertex 13.301907 40.2909 9.9077215
 endloop
endfacet
facet normal -0.0068647102 0.9999764 -7.4232385e-09
 outer loop
  vertex 13.301907 40.2909 9.9077215
  vertex 13.3019285 40.2909 -10.376425
  vertex 10.869145 40.2742 -10.37643
 endloop
endfacet
facet normal -0.0068647717 0.99997646 0
 outer loop
  vertex 13.301907 40.2909 9.9077215
  vertex 10.869145 40.2742 -10.37643
  vertex 10.869145 40.2742 4.4708934
 endloop
endfacet
facet normal -0.006864238 0.9999765 -2.3876603e-07
 outer loop
  vertex -5.0869317 40.164673 9.9077215
  vertex 13.301907 40.2909 9.9077215
  vertex 10.869145 40.2742 4.4708934
 endloop
endfacet
facet normal -0.0068642804 0.99997646 -3.652116e-07
 outer loop
  vertex -5.0869317 40.164673 9.9077215
  vertex 10.869145 40.2742 4.4708934
  vertex -0.17742631 40.19837 4.4708934
 endloop
endfacet
facet normal -0.006863879 0.99997646 -1.936262e-09
 outer loop
  vertex -5.086926 40.164673 -10.376432
  vertex -5.0869317 40.164673 9.9077215
  vertex -0.17742631 40.19837 4.4708934
 endloop
endfacet
facet normal -0.0068638856 0.99997646 0
 outer loop
  vertex -5.086926 40.164673 -10.376432
  vertex -0.17742631 40.19837 4.4708934
  vertex -0.17742631 40.19837 -10.37643
 endloop
endfacet
facet normal -0 0 -1
 outer loop
  vertex -5.1279535 46.140675 9.9077215
  vertex 13.260885 46.266903 9.9077215
  vertex 13.301907 40.2909 9.9077215
 endloop
endfacet
facet normal 0 0 -1
 outer loop
  vertex -5.1279535 46.140675 9.9077215
  vertex 13.301907 40.2909 9.9077215
  vertex -5.0869317 40.164673 9.9077215
 endloop
endfacet
facet normal -4.1487274e-07 -2.8478304e-09 1
 outer loop
  vertex 13.3019285 40.2909 -10.376425
  vertex 13.260907 46.266903 -10.376425
  vertex -5.127948 46.140675 -10.376432
 endloop
endfacet
facet normal -1.927317e-06 -4.767847e-06 1
 outer loop
  vertex 13.3019285 40.2909 -10.376425
  vertex -5.127948 46.140675 -10.376432
  vertex 10.869145 40.2742 -10.37643
 endloop
endfacet
facet normal -5.8272497e-07 -4.0000727e-09 1
 outer loop
  vertex -5.127948 46.140675 -10.376432
  vertex -5.086926 40.164673 -10.376432
  vertex -0.17742631 40.19837 -10.37643
 endloop
endfacet
facet normal -3.2862097e-09 4.7872936e-07 1
 outer loop
  vertex -5.127948 46.140675 -10.376432
  vertex -0.17742631 40.19837 -10.37643
  vertex 10.869145 40.2742 -10.37643
 endloop
endfacet
facet normal -0 0 -1
 outer loop
  vertex -0.17742631 40.19837 -10.37643
  vertex 10.869145 40.2742 -10.37643
  vertex 10.88915 37.36025 -10.37643
 endloop
endfacet
facet normal 0 0 -1
 outer loop
  vertex -0.17742631 40.19837 -10.37643
  vertex 10.88915 37.36025 -10.37643
  vertex -0.15742382 37.28442 -10.37643
 endloop
endfacet
facet normal 0.0068642315 -0.99997646 1.9363613e-09
 outer loop
  vertex -5.1279535 46.140675 9.9077215
  vertex -5.127948 46.140675 -10.376432
  vertex 13.260907 46.266903 -10.376425
 endloop
endfacet
facet normal 0.006864238 -0.99997646 7.4227278e-09
 outer loop
  vertex -5.1279535 46.140675 9.9077215
  vertex 13.260907 46.266903 -10.376425
  vertex 13.260885 46.266903 9.9077215
 endloop
endfacet
facet normal 0.9999764 0.006864264 2.8208774e-07
 outer loop
  vertex -5.086926 40.164673 -10.376432
  vertex -5.127948 46.140675 -10.376432
  vertex -5.1279535 46.140675 9.9077215
 endloop
endfacet
facet normal 0.9999764 0.006864264 2.8199128e-07
 outer loop
  vertex -5.086926 40.164673 -10.376432
  vertex -5.1279535 46.140675 9.9077215
  vertex -5.0869317 40.164673 9.9077215
 endloop
endfacet
facet normal 0 0 -1
 outer loop
  vertex -7.0424085 16.926292 8.35694
  vertex -25.334366 16.80073 8.35694
  vertex -25.51586 43.240597 8.35694
 endloop
endfacet
facet normal 0 -0 -1
 outer loop
  vertex -7.0424085 16.926292 8.35694
  vertex -25.51586 43.240597 8.35694
  vertex -7.223903 43.366158 8.35694
 endloop
endfacet
facet normal -0.024476992 0.013083601 -0.9996148
 outer loop
  vertex -8.279329 0.4833066 5.651001
  vertex -8.216819 -8.623004 5.530281
  vertex -18.099289 -8.795331 5.770012
 endloop
endfacet
facet normal -0.05568189 0.046137653 -0.997382
 outer loop
  vertex -8.279329 0.4833066 5.651001
  vertex -18.099289 -8.795331 5.770012
  vertex -18.162516 0.41546458 6.1996217
 endloop
endfacet
facet normal -0.99997646 -0.006864782 0
 outer loop
  vertex -7.047401 17.653536 4.930848
  vertex -7.047401 17.653536 -10.37643
  vertex -7.0424085 16.926292 -10.37643
 endloop
endfacet
facet normal -0.9999764 -0.0068647815 -0
 outer loop
  vertex -7.047401 17.653536 4.930848
  vertex -7.0424085 16.926292 -10.37643
  vertex -7.0424085 16.926292 8.35694
 endloop
endfacet
facet normal -0.9999764 -0.006864272 1.08072946e-07
 outer loop
  vertex -7.047401 17.653536 4.930848
  vertex -7.0424085 16.926292 8.35694
  vertex -7.223903 43.366158 8.35694
 endloop
endfacet
facet normal -0.99997646 -0.006864169 -6.7216166e-07
 outer loop
  vertex -7.047401 17.653536 4.930848
  vertex -7.223903 43.366158 8.35694
  vertex -7.0871973 23.451094 4.930848
 endloop
endfacet
facet normal -0.99997646 -0.006864291 4.0667405e-08
 outer loop
  vertex -7.0871973 23.451094 4.930848
  vertex -7.223903 43.366158 8.35694
  vertex -7.172698 35.906647 1.0389432
 endloop
endfacet
facet normal -0.99997646 -0.006864263 1.3047936e-07
 outer loop
  vertex -7.0871973 23.451094 4.930848
  vertex -7.172698 35.906647 1.0389432
  vertex -7.1106596 26.868975 1.0389432
 endloop
endfacet
facet normal -0.9999764 -0.00686425 0
 outer loop
  vertex -7.172698 35.906647 1.0389432
  vertex -7.223903 43.366158 8.35694
  vertex -7.223903 43.366158 -10.37643
 endloop
endfacet
facet normal -0.9999765 -0.006864251 0
 outer loop
  vertex -7.172698 35.906647 1.0389432
  vertex -7.223903 43.366158 -10.37643
  vertex -7.172698 35.906647 -4.246204
 endloop
endfacet
facet normal -0.99997646 -0.006864284 -4.0033687e-08
 outer loop
  vertex -7.172698 35.906647 -4.246204
  vertex -7.223903 43.366158 -10.37643
  vertex -7.0871973 23.451094 -10.37643
 endloop
endfacet
facet normal -0.99997646 -0.0068642613 -8.606503e-08
 outer loop
  vertex -7.172698 35.906647 -4.246204
  vertex -7.0871973 23.451094 -10.37643
  vertex -7.1106596 26.868973 -4.246204
 endloop
endfacet
facet normal -0.99997646 -0.006864416 -0
 outer loop
  vertex -7.1106596 26.868973 -4.246204
  vertex -7.0871973 23.451094 -10.37643
  vertex -7.0871973 23.451094 4.930848
 endloop
endfacet
facet normal -0.99997646 -0.0068644094 2.474668e-09
 outer loop
  vertex -7.1106596 26.868973 -4.246204
  vertex -7.0871973 23.451094 4.930848
  vertex -7.1106596 26.868975 1.0389432
 endloop
endfacet
facet normal 0.99997646 0.0068609305 -0
 outer loop
  vertex -25.389582 24.844404 -7.012609
  vertex -25.389582 24.844404 -10.37643
  vertex -25.391949 25.189396 -10.37643
 endloop
endfacet
facet normal 0.99997646 0.0068609305 0
 outer loop
  vertex -25.389582 24.844404 -7.012609
  vertex -25.391949 25.189396 -10.37643
  vertex -25.391949 25.189396 -3.9185998
 endloop
endfacet
facet normal 0.99997646 0.006859657 -0
 outer loop
  vertex -25.4674 36.18081 -3.9185998
  vertex -25.4674 36.18081 -10.37643
  vertex -25.469004 36.414646 -10.37643
 endloop
endfacet
facet normal 0.9999764 0.006859657 0
 outer loop
  vertex -25.4674 36.18081 -3.9185998
  vertex -25.469004 36.414646 -10.37643
  vertex -25.469004 36.414646 -4.927028
 endloop
endfacet
facet normal 0.99997646 0.0068642194 0
 outer loop
  vertex -25.469004 36.414646 -4.927028
  vertex -25.51586 43.240597 -4.927028
  vertex -25.51586 43.240597 8.35694
 endloop
endfacet
facet normal 0.9999764 0.0068627945 7.3088745e-07
 outer loop
  vertex -25.469004 36.414646 -4.927028
  vertex -25.51586 43.240597 8.35694
  vertex -25.4674 36.18081 -3.9185998
 endloop
endfacet
facet normal 0.9999765 0.0068642357 -9.6595244e-08
 outer loop
  vertex -25.4674 36.18081 -3.9185998
  vertex -25.51586 43.240597 8.35694
  vertex -25.334366 16.80073 8.35694
 endloop
endfacet
facet normal 0.9999764 0.006864412 1.820215e-07
 outer loop
  vertex -25.4674 36.18081 -3.9185998
  vertex -25.334366 16.80073 8.35694
  vertex -25.362368 20.87999 5.080347
 endloop
endfacet
facet normal 0.99997646 0.006864266 0
 outer loop
  vertex -25.334366 16.80073 5.080347
  vertex -25.362368 20.87999 5.080347
  vertex -25.334366 16.80073 8.35694
 endloop
endfacet
facet normal 0.99997646 0.00686437 1.09370774e-07
 outer loop
  vertex -25.4674 36.18081 -3.9185998
  vertex -25.362368 20.87999 5.080347
  vertex -25.391949 25.189396 -3.9185998
 endloop
endfacet
facet normal 0.99997646 0.006864272 -0
 outer loop
  vertex -25.362368 20.87999 5.080347
  vertex -25.362368 20.87999 -10.37643
  vertex -25.370144 22.012823 -10.37643
 endloop
endfacet
facet normal 0.99997646 0.0068642725 0
 outer loop
  vertex -25.362368 20.87999 5.080347
  vertex -25.370144 22.012823 -10.37643
  vertex -25.370144 22.012823 -7.012609
 endloop
endfacet
facet normal 0.9999765 0.00686448 -3.9581357e-07
 outer loop
  vertex -25.370144 22.012823 -7.012609
  vertex -25.389582 24.844404 -7.012609
  vertex -25.391949 25.189396 -3.9185998
 endloop
endfacet
facet normal 0.99997646 0.006864109 -1.5285012e-08
 outer loop
  vertex -25.370144 22.012823 -7.012609
  vertex -25.391949 25.189396 -3.9185998
  vertex -25.362368 20.87999 5.080347
 endloop
endfacet
facet normal 0.006864721 -0.99997646 0
 outer loop
  vertex 10.88915 37.36025 -10.37643
  vertex 13.321929 37.37695 -10.37643
  vertex 13.321929 37.37695 10.418196
 endloop
endfacet
facet normal 0.006864714 -0.99997646 8.250658e-10
 outer loop
  vertex 10.88915 37.36025 -10.37643
  vertex 13.321929 37.37695 10.418196
  vertex 10.889148 37.36025 4.4708934
 endloop
endfacet
facet normal 0.006864288 -0.9999764 1.7480133e-07
 outer loop
  vertex 10.889148 37.36025 4.4708934
  vertex 13.321929 37.37695 10.418196
  vertex -6.1426435 37.243336 10.418196
 endloop
endfacet
facet normal 0.00686428 -0.9999764 1.5150913e-07
 outer loop
  vertex 10.889148 37.36025 4.4708934
  vertex -6.1426435 37.243336 10.418196
  vertex -0.15742382 37.28442 4.4708934
 endloop
endfacet
facet normal 0.00686413 -0.99997646 0
 outer loop
  vertex -0.15742382 37.28442 4.4708934
  vertex -6.1426435 37.243336 10.418196
  vertex -6.1426435 37.243336 -10.37643
 endloop
endfacet
facet normal 0.006864129 -0.99997646 0
 outer loop
  vertex -0.15742382 37.28442 4.4708934
  vertex -6.1426435 37.243336 -10.37643
  vertex -0.15742382 37.28442 -10.37643
 endloop
endfacet
facet normal -0 0 1
 outer loop
  vertex 4.8581924 19.124104 -10.37643
  vertex 4.842829 21.362204 -10.37643
  vertex 3.7814548 19.116713 -10.37643
 endloop
endfacet
facet normal 0 0 1
 outer loop
  vertex 12.342489 21.413683 -10.37643
  vertex 12.357853 19.175583 -10.37643
  vertex 13.446819 19.18306 -10.37643
 endloop
endfacet
facet normal 0 0 1
 outer loop
  vertex 12.342489 21.413683 -10.37643
  vertex 13.446819 19.18306 -10.37643
  vertex 13.417899 23.396072 -10.37643
 endloop
endfacet
facet normal -0 0 1
 outer loop
  vertex 12.342489 21.413683 -10.37643
  vertex 13.417899 23.396072 -10.37643
  vertex 7.8902493 23.358128 -10.37643
 endloop
endfacet
facet normal -0 0 1
 outer loop
  vertex 12.342489 21.413683 -10.37643
  vertex 7.8902493 23.358128 -10.37643
  vertex 4.842829 21.362204 -10.37643
 endloop
endfacet
facet normal 0 0 1
 outer loop
  vertex 7.8084006 35.28177 -10.37643
  vertex 13.336051 35.319714 -10.37643
  vertex 13.321929 37.37695 -10.37643
 endloop
endfacet
facet normal -0 0 1
 outer loop
  vertex 7.8084006 35.28177 -10.37643
  vertex 13.321929 37.37695 -10.37643
  vertex 10.88915 37.36025 -10.37643
 endloop
endfacet
facet normal 0 -0 1
 outer loop
  vertex -0.15742382 37.28442 -10.37643
  vertex -6.1426435 37.243336 -10.37643
  vertex -6.048017 23.458227 -10.37643
 endloop
endfacet
facet normal 0 -0 1
 outer loop
  vertex -0.15742382 37.28442 -10.37643
  vertex -6.048017 23.458227 -10.37643
  vertex 10.88915 37.36025 -10.37643
 endloop
endfacet
facet normal 0 -0 1
 outer loop
  vertex -7.223903 43.366158 -10.37643
  vertex -22.118937 43.263912 -10.37643
  vertex -22.104864 41.213802 -10.37643
 endloop
endfacet
facet normal 0 -0 1
 outer loop
  vertex -7.223903 43.366158 -10.37643
  vertex -22.104864 41.213802 -10.37643
  vertex -19.531265 41.23147 -10.37643
 endloop
endfacet
facet normal 0 -0 1
 outer loop
  vertex -19.508282 37.883373 -10.37643
  vertex -22.081882 37.865707 -10.37643
  vertex -22.07208 36.43796 -10.37643
 endloop
endfacet
facet normal 0 -0 1
 outer loop
  vertex -19.508282 37.883373 -10.37643
  vertex -22.07208 36.43796 -10.37643
  vertex -11.360493 36.27764 -10.37643
 endloop
endfacet
facet normal 0 -0 1
 outer loop
  vertex -22.07208 36.43796 -10.37643
  vertex -25.469004 36.414646 -10.37643
  vertex -25.4674 36.18081 -10.37643
 endloop
endfacet
facet normal 0 -0 1
 outer loop
  vertex -22.07208 36.43796 -10.37643
  vertex -25.4674 36.18081 -10.37643
  vertex -11.360493 36.27764 -10.37643
 endloop
endfacet
facet normal 0 -0 1
 outer loop
  vertex -11.285044 25.286232 -10.37643
  vertex -25.391949 25.189396 -10.37643
  vertex -25.389582 24.844404 -10.37643
 endloop
endfacet
facet normal 0 -0 1
 outer loop
  vertex -11.285044 25.286232 -10.37643
  vertex -25.389582 24.844404 -10.37643
  vertex -22.66641 24.863098 -10.37643
 endloop
endfacet
facet normal 0 -0 1
 outer loop
  vertex -22.646973 22.031517 -10.37643
  vertex -25.370144 22.012823 -10.37643
  vertex -25.362368 20.87999 -10.37643
 endloop
endfacet
facet normal 0 -0 1
 outer loop
  vertex -22.646973 22.031517 -10.37643
  vertex -25.362368 20.87999 -10.37643
  vertex -15.470333 20.947893 -10.37643
 endloop
endfacet
facet normal 0 0 1
 outer loop
  vertex -15.470333 20.947893 -10.37643
  vertex -15.442331 16.868633 -10.37643
  vertex -7.0424085 16.926292 -10.37643
 endloop
endfacet
facet normal 0 0 1
 outer loop
  vertex -15.470333 20.947893 -10.37643
  vertex -7.0424085 16.926292 -10.37643
  vertex -7.047401 17.653536 -10.37643
 endloop
endfacet
facet normal 0 0 1
 outer loop
  vertex -8.137418 12.197462 -10.37643
  vertex -8.117232 9.256808 -10.37643
  vertex -5.970821 12.212334 -10.37643
 endloop
endfacet
facet normal -0 0 1
 outer loop
  vertex -12.368622 9.227625 -10.37643
  vertex -12.388807 12.168279 -10.37643
  vertex -14.626329 12.15292 -10.37643
 endloop
endfacet
facet normal -0 0 1
 outer loop
  vertex -12.368622 9.227625 -10.37643
  vertex -14.626329 12.15292 -10.37643
  vertex -15.946553 2.0721378 -10.37643
 endloop
endfacet
facet normal -0 0 1
 outer loop
  vertex -14.626329 12.15292 -10.37643
  vertex -14.65086 15.72648 -10.37643
  vertex -16.040216 15.716942 -10.37643
 endloop
endfacet
facet normal -0 -0 1
 outer loop
  vertex -14.626329 12.15292 -10.37643
  vertex -16.040216 15.716942 -10.37643
  vertex -15.946553 2.0721378 -10.37643
 endloop
endfacet
facet normal 0 -0 1
 outer loop
  vertex -15.946553 2.0721378 -10.37643
  vertex -25.155115 2.0089266 -10.37643
  vertex -25.15334 1.7503202 -10.37643
 endloop
endfacet
facet normal 0 -0 1
 outer loop
  vertex -15.946553 2.0721378 -10.37643
  vertex -25.15334 1.7503202 -10.37643
  vertex -7.1667547 1.8737869 -10.37643
 endloop
endfacet
facet normal 0 -0 1
 outer loop
  vertex -12.368622 9.227625 -10.37643
  vertex -15.946553 2.0721378 -10.37643
  vertex -7.1667547 1.8737869 -10.37643
 endloop
endfacet
facet normal 0 0 1
 outer loop
  vertex -12.368622 9.227625 -10.37643
  vertex -7.1667547 1.8737869 -10.37643
  vertex -8.117232 9.256808 -10.37643
 endloop
endfacet
facet normal -0 0 1
 outer loop
  vertex -8.2775 0.21685046 -10.37643
  vertex -8.279329 0.4833066 -10.37643
  vertex -18.162516 0.41546458 -10.37643
 endloop
endfacet
facet normal 0 0 1
 outer loop
  vertex -18.162516 0.41546458 -10.37643
  vertex -18.100006 -8.690846 -10.37643
  vertex -17.039833 -8.683569 -10.37643
 endloop
endfacet
facet normal 0 0 1
 outer loop
  vertex -18.162516 0.41546458 -10.37643
  vertex -17.039833 -8.683569 -10.37643
  vertex -17.068716 -4.475822 -10.37643
 endloop
endfacet
facet normal 0 0 1
 outer loop
  vertex -14.218455 -4.456257 -10.37643
  vertex -14.189571 -8.664003 -10.37643
  vertex -13.067939 -8.656304 -10.37643
 endloop
endfacet
facet normal 0 0 1
 outer loop
  vertex -14.218455 -4.456257 -10.37643
  vertex -13.067939 -8.656304 -10.37643
  vertex -13.092426 -5.0889554 -10.37643
 endloop
endfacet
facet normal -0 0 1
 outer loop
  vertex -8.241306 -5.0556555 -10.37643
  vertex -8.244247 -4.6271877 -10.37643
  vertex -13.092426 -5.0889554 -10.37643
 endloop
endfacet
facet normal 0 0 1
 outer loop
  vertex -7.1179795 -5.2316017 -10.37643
  vertex -5.109259 -5.217813 -10.37643
  vertex -7.122181 -4.6194854 -10.37643
 endloop
endfacet
facet normal 0 0 1
 outer loop
  vertex -5.109259 -5.217813 -10.37643
  vertex -5.082922 -9.054594 -10.37643
  vertex 2.9462674 -8.999478 -10.37643
 endloop
endfacet
facet normal 0 0 1
 outer loop
  vertex -5.109259 -5.217813 -10.37643
  vertex 2.9462674 -8.999478 -10.37643
  vertex 2.9182339 -4.915579 -10.37643
 endloop
endfacet
facet normal 0 0 1
 outer loop
  vertex 2.9182339 -4.915579 -10.37643
  vertex 9.005512 -4.873793 -10.37643
  vertex 8.938873 4.834175 -10.37643
 endloop
endfacet
facet normal 0 0 1
 outer loop
  vertex 2.9182339 -4.915579 -10.37643
  vertex 8.938873 4.834175 -10.37643
  vertex 8.853377 5.1265073 -10.37643
 endloop
endfacet
facet normal 0 0 1
 outer loop
  vertex 8.938873 4.834175 -10.37643
  vertex 13.545098 4.8657937 -10.37643
  vertex 13.543087 5.158699 -10.37643
 endloop
endfacet
facet normal -0 0 1
 outer loop
  vertex 8.938873 4.834175 -10.37643
  vertex 13.543087 5.158699 -10.37643
  vertex 8.853377 5.1265073 -10.37643
 endloop
endfacet
facet normal -0 0 1
 outer loop
  vertex 13.514897 9.265412 -10.37643
  vertex 13.484885 13.637531 -10.37643
  vertex 12.395919 13.630056 -10.37643
 endloop
endfacet
facet normal -0 -0 1
 outer loop
  vertex 13.514897 9.265412 -10.37643
  vertex 12.395919 13.630056 -10.37643
  vertex 12.415461 10.783235 -10.37643
 endloop
endfacet
facet normal 0 0 1
 outer loop
  vertex 8.825188 9.23322 -10.37643
  vertex 13.514897 9.265412 -10.37643
  vertex 12.415461 10.783235 -10.37643
 endloop
endfacet
facet normal -0 0 1
 outer loop
  vertex 8.825188 9.23322 -10.37643
  vertex 12.415461 10.783235 -10.37643
  vertex 4.9158006 10.731754 -10.37643
 endloop
endfacet
facet normal 0 -0 1
 outer loop
  vertex 4.8962593 13.578576 -10.37643
  vertex 3.8195214 13.571184 -10.37643
  vertex 4.9158006 10.731754 -10.37643
 endloop
endfacet
facet normal 0 -0 1
 outer loop
  vertex -11.285044 25.286232 -10.37643
  vertex -22.66641 24.863098 -10.37643
  vertex -22.646973 22.031517 -10.37643
 endloop
endfacet
facet normal 0 -0 1
 outer loop
  vertex -11.285044 25.286232 -10.37643
  vertex -22.646973 22.031517 -10.37643
  vertex -15.470333 20.947893 -10.37643
 endloop
endfacet
facet normal 0 -0 1
 outer loop
  vertex -11.285044 25.286232 -10.37643
  vertex -15.470333 20.947893 -10.37643
  vertex -7.047401 17.653536 -10.37643
 endloop
endfacet
facet normal 0 0 1
 outer loop
  vertex -11.285044 25.286232 -10.37643
  vertex -7.047401 17.653536 -10.37643
  vertex -7.0871973 23.451094 -10.37643
 endloop
endfacet
facet normal 0 -0 1
 outer loop
  vertex -7.223903 43.366158 -10.37643
  vertex -19.531265 41.23147 -10.37643
  vertex -19.508282 37.883373 -10.37643
 endloop
endfacet
facet normal 0 -0 1
 outer loop
  vertex -7.223903 43.366158 -10.37643
  vertex -19.508282 37.883373 -10.37643
  vertex -11.360493 36.27764 -10.37643
 endloop
endfacet
facet normal -0 0 1
 outer loop
  vertex -7.0871973 23.451094 -10.37643
  vertex -7.223903 43.366158 -10.37643
  vertex -11.360493 36.27764 -10.37643
 endloop
endfacet
facet normal -0 -0 1
 outer loop
  vertex -7.0871973 23.451094 -10.37643
  vertex -11.360493 36.27764 -10.37643
  vertex -11.285044 25.286232 -10.37643
 endloop
endfacet
facet normal 0 -0 1
 outer loop
  vertex -6.048017 23.458227 -10.37643
  vertex -7.0871973 23.451094 -10.37643
  vertex -7.047401 17.653536 -10.37643
 endloop
endfacet
facet normal 0 -0 1
 outer loop
  vertex -6.048017 23.458227 -10.37643
  vertex -7.047401 17.653536 -10.37643
  vertex -6.0082207 17.66067 -10.37643
 endloop
endfacet
facet normal -0 0 -1
 outer loop
  vertex 7.8084006 35.28177 -10.37643
  vertex 10.88915 37.36025 -10.37643
  vertex 7.8902493 23.358128 -10.37643
 endloop
endfacet
facet normal 0 -0 1
 outer loop
  vertex 10.88915 37.36025 -10.37643
  vertex -6.048017 23.458227 -10.37643
  vertex 7.8902493 23.358128 -10.37643
 endloop
endfacet
facet normal -0 -0 1
 outer loop
  vertex 7.8902493 23.358128 -10.37643
  vertex -6.048017 23.458227 -10.37643
  vertex 4.842829 21.362204 -10.37643
 endloop
endfacet
facet normal 0 0 1
 outer loop
  vertex 3.7814548 19.116713 -10.37643
  vertex 4.842829 21.362204 -10.37643
  vertex -6.048017 23.458227 -10.37643
 endloop
endfacet
facet normal -0 -0 1
 outer loop
  vertex 3.7814548 19.116713 -10.37643
  vertex -6.048017 23.458227 -10.37643
  vertex -6.0082207 17.66067 -10.37643
 endloop
endfacet
facet normal -0 0 1
 outer loop
  vertex 3.8195214 13.571184 -10.37643
  vertex 3.7814548 19.116713 -10.37643
  vertex -6.0082207 17.66067 -10.37643
 endloop
endfacet
facet normal -0 -0 1
 outer loop
  vertex 3.8195214 13.571184 -10.37643
  vertex -6.0082207 17.66067 -10.37643
  vertex -5.970821 12.212334 -10.37643
 endloop
endfacet
facet normal -0 0 1
 outer loop
  vertex 4.9158006 10.731754 -10.37643
  vertex 3.8195214 13.571184 -10.37643
  vertex -5.970821 12.212334 -10.37643
 endloop
endfacet
facet normal -0 0 1
 outer loop
  vertex 4.9158006 10.731754 -10.37643
  vertex -5.970821 12.212334 -10.37643
  vertex -8.117232 9.256808 -10.37643
 endloop
endfacet
facet normal -0 -0 1
 outer loop
  vertex 8.825188 9.23322 -10.37643
  vertex 4.9158006 10.731754 -10.37643
  vertex 8.853377 5.1265073 -10.37643
 endloop
endfacet
facet normal 0 -0 1
 outer loop
  vertex 4.9158006 10.731754 -10.37643
  vertex -8.117232 9.256808 -10.37643
  vertex -7.1667547 1.8737869 -10.37643
 endloop
endfacet
facet normal 0 -0 1
 outer loop
  vertex 4.9158006 10.731754 -10.37643
  vertex -7.1667547 1.8737869 -10.37643
  vertex 8.853377 5.1265073 -10.37643
 endloop
endfacet
facet normal -0 0 1
 outer loop
  vertex 2.9182339 -4.915579 -10.37643
  vertex 8.853377 5.1265073 -10.37643
  vertex -7.1667547 1.8737869 -10.37643
 endloop
endfacet
facet normal -0 -0 1
 outer loop
  vertex 2.9182339 -4.915579 -10.37643
  vertex -7.1667547 1.8737869 -10.37643
  vertex -5.109259 -5.217813 -10.37643
 endloop
endfacet
facet normal -0 -0 1
 outer loop
  vertex -5.109259 -5.217813 -10.37643
  vertex -7.1667547 1.8737869 -10.37643
  vertex -7.1554337 0.22455275 -10.37643
 endloop
endfacet
facet normal -0 -0 1
 outer loop
  vertex -5.109259 -5.217813 -10.37643
  vertex -7.1554337 0.22455275 -10.37643
  vertex -7.122181 -4.6194854 -10.37643
 endloop
endfacet
facet normal -0 0 1
 outer loop
  vertex -7.122181 -4.6194854 -10.37643
  vertex -7.1554337 0.22455275 -10.37643
  vertex -8.2775 0.21685046 -10.37643
 endloop
endfacet
facet normal -0 -0 1
 outer loop
  vertex -7.122181 -4.6194854 -10.37643
  vertex -8.2775 0.21685046 -10.37643
  vertex -8.244247 -4.6271877 -10.37643
 endloop
endfacet
facet normal 0 0 1
 outer loop
  vertex -13.092426 -5.0889554 -10.37643
  vertex -8.244247 -4.6271877 -10.37643
  vertex -8.2775 0.21685046 -10.37643
 endloop
endfacet
facet normal -0 0 1
 outer loop
  vertex -13.092426 -5.0889554 -10.37643
  vertex -8.2775 0.21685046 -10.37643
  vertex -14.218455 -4.456257 -10.37643
 endloop
endfacet
facet normal -0 0 1
 outer loop
  vertex -14.218455 -4.456257 -10.37643
  vertex -8.2775 0.21685046 -10.37643
  vertex -17.068716 -4.475822 -10.37643
 endloop
endfacet
facet normal -0 -0 1
 outer loop
  vertex -8.2775 0.21685046 -10.37643
  vertex -18.162516 0.41546458 -10.37643
  vertex -17.068716 -4.475822 -10.37643
 endloop
endfacet
facet normal -0.0068642804 0.99997646 0
 outer loop
  vertex -0.17742631 40.19837 -10.37643
  vertex -0.17742631 40.19837 4.4708934
  vertex 10.869145 40.2742 4.4708934
 endloop
endfacet
facet normal -0.0068642804 0.99997646 0
 outer loop
  vertex -0.17742631 40.19837 -10.37643
  vertex 10.869145 40.2742 4.4708934
  vertex 10.869145 40.2742 -10.37643
 endloop
endfacet
facet normal 0 0 0
 outer loop
  vertex -0.15742382 37.28442 -10.37643
  vertex -0.15742382 37.28442 4.4708934
  vertex -0.15742382 37.28442 4.4708934
 endloop
endfacet
endsolid 
