solid 
facet normal 0.9994411 -0.03342883 0
 outer loop
  vertex -18.444157 -21.118435 -10.37643
  vertex -18.139736 -12.016999 -10.37643
  vertex -18.139736 -12.016999 6.1996217
 endloop
endfacet
facet normal 0.9994411 -0.033428986 8.8142954e-08
 outer loop
  vertex -18.444157 -21.118435 -10.37643
  vertex -18.139736 -12.016999 6.1996217
  vertex -18.44765 -21.222862 5.770012
 endloop
endfacet
facet normal -0.033428818 -0.9994411 -0
 outer loop
  vertex -18.139736 -12.016999 -10.37643
  vertex -8.261843 -12.34739 -10.37643
  vertex -8.261843 -12.34739 5.651001
 endloop
endfacet
facet normal -0.033428818 -0.99944115 0
 outer loop
  vertex -18.139736 -12.016999 -10.37643
  vertex -8.261843 -12.34739 5.651001
  vertex -18.139736 -12.016999 6.1996217
 endloop
endfacet
facet normal -0.99944115 0.033428043 0
 outer loop
  vertex -8.261843 -12.34739 -10.37643
  vertex -8.27075 -12.613704 -10.37643
  vertex -8.27075 -12.613704 4.7721834
 endloop
endfacet
facet normal -0.9994412 0.033428043 0
 outer loop
  vertex -8.261843 -12.34739 -10.37643
  vertex -8.27075 -12.613704 4.7721834
  vertex -8.261843 -12.34739 5.651001
 endloop
endfacet
facet normal -0.9994411 0.03342883 -2.402265e-07
 outer loop
  vertex -8.566263 -21.448826 5.530281
  vertex -8.261843 -12.34739 5.651001
  vertex -8.27075 -12.613704 4.7721834
 endloop
endfacet
facet normal -0.99944115 0.03342874 -1.3309233e-06
 outer loop
  vertex -8.566263 -21.448826 5.530281
  vertex -8.27075 -12.613704 4.7721834
  vertex -8.432684 -17.455149 4.7721853
 endloop
endfacet
facet normal -0.9994411 0.03342899 0
 outer loop
  vertex -8.566263 -21.448826 -3.893089
  vertex -8.566263 -21.448826 5.530281
  vertex -8.432684 -17.455149 4.7721853
 endloop
endfacet
facet normal -0.9994411 0.033429086 -4.3021963e-08
 outer loop
  vertex -8.566263 -21.448826 -3.893089
  vertex -8.432684 -17.455149 4.7721853
  vertex -8.447007 -17.883387 -3.893089
 endloop
endfacet
facet normal -0.9994411 0.033428214 0
 outer loop
  vertex -8.432684 -17.455149 4.7721853
  vertex -8.432684 -17.455149 -10.37643
  vertex -8.447007 -17.883387 -10.37643
 endloop
endfacet
facet normal -0.9994411 0.03342822 0
 outer loop
  vertex -8.432684 -17.455149 4.7721853
  vertex -8.447007 -17.883387 -10.37643
  vertex -8.447007 -17.883387 -3.893089
 endloop
endfacet
facet normal -0.033428892 -0.9994411 0
 outer loop
  vertex -24.627083 2.8737488 -3.7141004
  vertex -24.627083 2.8737488 -6.8870177
  vertex -15.423448 2.5659094 -6.8870177
 endloop
endfacet
facet normal -0.033428892 -0.9994411 -0
 outer loop
  vertex -24.627083 2.8737488 -3.7141004
  vertex -15.423448 2.5659094 -6.8870177
  vertex -15.423448 2.5659094 -3.7141
 endloop
endfacet
facet normal -0.03342892 -0.9994411 -4.2944173e-09
 outer loop
  vertex 1.336128 24.096626 -10.37643
  vertex 12.376787 23.727343 -10.37643
  vertex 12.376785 23.727343 4.4708934
 endloop
endfacet
facet normal -0.033428922 -0.9994411 0
 outer loop
  vertex 1.336128 24.096626 -10.37643
  vertex 12.376785 23.727343 4.4708934
  vertex 1.336128 24.096626 4.4708934
 endloop
endfacet
facet normal 0.9994411 -0.033428866 -3.3585825e-09
 outer loop
  vertex -7.1492853 -12.651215 -10.37643
  vertex -7.094152 -11.002863 -10.37643
  vertex -7.094152 -11.002865 8.60792
 endloop
endfacet
facet normal 0.9994411 -0.033428904 0
 outer loop
  vertex -7.1492853 -12.651215 -10.37643
  vertex -7.094152 -11.002865 8.60792
  vertex -7.1492853 -12.651215 4.7721844
 endloop
endfacet
facet normal 0.99944115 -0.03342873 -7.526513e-08
 outer loop
  vertex -7.1492853 -12.651215 4.7721844
  vertex -7.094152 -11.002865 8.60792
  vertex -7.4599433 -21.939173 8.60792
 endloop
endfacet
facet normal 0.9994411 -0.033428542 3.6569494e-07
 outer loop
  vertex -7.1492853 -12.651215 4.7721844
  vertex -7.4599433 -21.939173 8.60792
  vertex -7.3112183 -17.492659 4.7721863
 endloop
endfacet
facet normal 0.9994411 -0.033428863 0
 outer loop
  vertex -7.3112183 -17.492659 4.7721863
  vertex -7.4599433 -21.939173 8.60792
  vertex -7.4599433 -21.939173 -4.065804
 endloop
endfacet
facet normal 0.99944115 -0.033428814 -2.2850346e-08
 outer loop
  vertex -7.3112183 -17.492659 4.7721863
  vertex -7.4599433 -21.939173 -4.065804
  vertex -7.3316813 -18.104446 -4.065804
 endloop
endfacet
facet normal 0.9994411 -0.03342916 0
 outer loop
  vertex -7.3316813 -18.104446 -4.065804
  vertex -7.3316813 -18.104446 -10.37643
  vertex -7.3112183 -17.492659 -10.37643
 endloop
endfacet
facet normal 0.999441 -0.033429157 0
 outer loop
  vertex -7.3316813 -18.104446 -4.065804
  vertex -7.3112183 -17.492659 -10.37643
  vertex -7.3112183 -17.492659 4.7721863
 endloop
endfacet
facet normal 0.03342911 0.99944115 0
 outer loop
  vertex 2.7091148 -18.193024 -10.37643
  vertex 2.7091148 -18.193024 -4.517662
  vertex 8.79313 -18.39652 -4.517662
 endloop
endfacet
facet normal 0.03342909 0.99944115 2.1765986e-08
 outer loop
  vertex 2.7091148 -18.193024 -10.37643
  vertex 8.79313 -18.39652 -4.517662
  vertex 8.793134 -18.39652 -10.37643
 endloop
endfacet
facet normal -0.99944115 0.033428848 0
 outer loop
  vertex 2.5725915 -22.274736 -10.37643
  vertex 2.5725915 -22.274736 -4.517662
  vertex 2.7091148 -18.193024 -4.517662
 endloop
endfacet
facet normal -0.99944115 0.033428848 0
 outer loop
  vertex 2.5725915 -22.274736 -10.37643
  vertex 2.7091148 -18.193024 -4.517662
  vertex 2.7091148 -18.193024 -10.37643
 endloop
endfacet
facet normal -0 0 1
 outer loop
  vertex 8.79313 -18.39652 -4.517662
  vertex 2.7091148 -18.193024 -4.517662
  vertex 2.5725915 -22.274736 -4.517662
 endloop
endfacet
facet normal 0 -0 1
 outer loop
  vertex 8.79313 -18.39652 -4.517662
  vertex 2.5725915 -22.274736 -4.517662
  vertex 13.2603655 -22.632217 -4.517662
 endloop
endfacet
facet normal 0 0 1
 outer loop
  vertex 8.79313 -18.39652 -4.517662
  vertex 13.2603655 -22.632217 -4.517662
  vertex 13.721423 -8.8477335 -4.517662
 endloop
endfacet
facet normal 0 0 1
 outer loop
  vertex 8.79313 -18.39652 -4.517662
  vertex 13.721423 -8.8477335 -4.517662
  vertex 9.117664 -8.693748 -4.517662
 endloop
endfacet
facet normal 0.03342898 0.9994411 2.1765915e-08
 outer loop
  vertex 9.117668 -8.693748 -10.37643
  vertex 9.117664 -8.693748 -4.517662
  vertex 13.721423 -8.8477335 -4.517662
 endloop
endfacet
facet normal 0.03342898 0.9994411 2.1765915e-08
 outer loop
  vertex 9.117668 -8.693748 -10.37643
  vertex 13.721423 -8.8477335 -4.517662
  vertex 13.721427 -8.8477335 -10.37643
 endloop
endfacet
facet normal -0.99944115 0.033428904 -6.507453e-07
 outer loop
  vertex 8.793134 -18.39652 -10.37643
  vertex 8.79313 -18.39652 -4.517662
  vertex 9.117664 -8.693748 -4.517662
 endloop
endfacet
facet normal -0.99944115 0.033428904 -6.507453e-07
 outer loop
  vertex 8.793134 -18.39652 -10.37643
  vertex 9.117664 -8.693748 -4.517662
  vertex 9.117668 -8.693748 -10.37643
 endloop
endfacet
facet normal -0 0 -1
 outer loop
  vertex 2.6525915 -22.277412 0.7262741
  vertex 2.7247012 -20.121508 0.7262741
  vertex 10.866495 -20.393831 0.7262741
 endloop
endfacet
facet normal -0 0 -1
 outer loop
  vertex 2.6525915 -22.277412 0.7262741
  vertex 10.866495 -20.393831 0.7262741
  vertex 13.260369 -22.632217 0.7262741
 endloop
endfacet
facet normal 0 0 -1
 outer loop
  vertex 13.71975 -8.897849 0.7262741
  vertex 13.260369 -22.632217 0.7262741
  vertex 10.866495 -20.393831 0.7262741
 endloop
endfacet
facet normal 0 -0 -1
 outer loop
  vertex 13.71975 -8.897849 0.7262741
  vertex 10.866495 -20.393831 0.7262741
  vertex 11.253766 -8.815368 0.7262741
 endloop
endfacet
facet normal 0.03342947 0.9994411 0
 outer loop
  vertex -7.4599433 -21.939173 -4.065804
  vertex -7.4599433 -21.939173 8.60792
  vertex -5.4522986 -22.006325 -4.065804
 endloop
endfacet
facet normal 0.033428874 0.9994411 -9.435591e-08
 outer loop
  vertex -5.4522986 -22.006325 -4.065804
  vertex -7.4599433 -21.939173 8.60792
  vertex 2.6525915 -22.277412 8.60792
 endloop
endfacet
facet normal 0.033428725 0.99944115 -0
 outer loop
  vertex -5.4522986 -22.006325 -4.065804
  vertex 2.6525915 -22.277412 8.60792
  vertex 2.6525915 -22.277412 0.7262741
 endloop
endfacet
facet normal 0.033428933 0.9994411 -2.431785e-08
 outer loop
  vertex 2.6525915 -22.277412 0.7262741
  vertex 13.260369 -22.632217 0.7262741
  vertex 13.2603655 -22.632217 -4.517662
 endloop
endfacet
facet normal 0.033428967 0.9994411 3.8264425e-08
 outer loop
  vertex 2.6525915 -22.277412 0.7262741
  vertex 13.2603655 -22.632217 -4.517662
  vertex 2.5725915 -22.274736 -4.517662
 endloop
endfacet
facet normal 0.0334287 0.99944115 4.2166384e-08
 outer loop
  vertex 2.6525915 -22.277412 0.7262741
  vertex 2.5725915 -22.274736 -4.517662
  vertex -5.4522986 -22.006325 -4.065804
 endloop
endfacet
facet normal 0.033428695 0.9994411 0
 outer loop
  vertex -5.4522986 -22.006325 -10.37643
  vertex -5.4522986 -22.006325 -4.065804
  vertex 2.5725915 -22.274736 -4.517662
 endloop
endfacet
facet normal 0.0334287 0.99944115 -0
 outer loop
  vertex -5.4522986 -22.006325 -10.37643
  vertex 2.5725915 -22.274736 -4.517662
  vertex 2.5725915 -22.274736 -10.37643
 endloop
endfacet
facet normal 0.033429466 0.9994411 0
 outer loop
  vertex -5.3240366 -18.171598 -10.37643
  vertex -7.3316813 -18.104446 -10.37643
  vertex -7.3316813 -18.104446 -4.065804
 endloop
endfacet
facet normal 0.033429466 0.9994411 0
 outer loop
  vertex -5.3240366 -18.171598 -10.37643
  vertex -7.3316813 -18.104446 -4.065804
  vertex -5.3240366 -18.171598 -4.065804
 endloop
endfacet
facet normal 0.9994411 -0.033428814 0
 outer loop
  vertex -5.4522986 -22.006325 -10.37643
  vertex -5.3240366 -18.171598 -10.37643
  vertex -5.3240366 -18.171598 -4.065804
 endloop
endfacet
facet normal 0.9994411 -0.033428814 0
 outer loop
  vertex -5.4522986 -22.006325 -10.37643
  vertex -5.3240366 -18.171598 -4.065804
  vertex -5.4522986 -22.006325 -4.065804
 endloop
endfacet
facet normal 0 -0 1
 outer loop
  vertex -7.3316813 -18.104446 -4.065804
  vertex -7.4599433 -21.939173 -4.065804
  vertex -5.4522986 -22.006325 -4.065804
 endloop
endfacet
facet normal 0 0 1
 outer loop
  vertex -7.3316813 -18.104446 -4.065804
  vertex -5.4522986 -22.006325 -4.065804
  vertex -5.3240366 -18.171598 -4.065804
 endloop
endfacet
facet normal -0.99944115 0.0334289 -7.700916e-07
 outer loop
  vertex 4.5398593 5.7849746 -10.37643
  vertex 4.354474 0.242417 -10.37643
  vertex 4.3544703 0.2424162 -5.459918
 endloop
endfacet
facet normal -0.9994411 0.033428892 -7.7825143e-07
 outer loop
  vertex 4.5398593 5.7849746 -10.37643
  vertex 4.3544703 0.2424162 -5.459918
  vertex 4.5398555 5.784975 -5.459918
 endloop
endfacet
facet normal 0 -0 1
 outer loop
  vertex 4.5398555 5.784975 -5.459918
  vertex 4.3544703 0.2424162 -5.459918
  vertex 14.014659 -0.08069357 -5.459918
 endloop
endfacet
facet normal 0 0 1
 outer loop
  vertex 4.5398555 5.784975 -5.459918
  vertex 14.014659 -0.08069357 -5.459918
  vertex 14.200044 5.461865 -5.459918
 endloop
endfacet
facet normal -0.033428863 -0.999441 -1.895112e-07
 outer loop
  vertex 12.926279 -0.044288993 -10.37643
  vertex 14.014663 -0.08069277 -10.37643
  vertex 14.014659 -0.08069357 -5.459918
 endloop
endfacet
facet normal -0.033429705 -0.9994411 -2.3072255e-09
 outer loop
  vertex 12.926279 -0.044288993 -10.37643
  vertex 14.014659 -0.08069357 -5.459918
  vertex 12.926275 -0.044288874 -7.4110913
 endloop
endfacet
facet normal -0.03342887 -0.99944115 -4.6933434e-07
 outer loop
  vertex 12.926275 -0.044288874 -7.4110913
  vertex 14.014659 -0.08069357 -5.459918
  vertex 4.3544703 0.2424162 -5.459918
 endloop
endfacet
facet normal -0.03342887 -0.9994411 -4.724877e-07
 outer loop
  vertex 12.926275 -0.044288874 -7.4110913
  vertex 4.3544703 0.2424162 -5.459918
  vertex 5.430631 0.20642217 -7.4110913
 endloop
endfacet
facet normal -0.033428352 -0.9994411 -1.8648167e-07
 outer loop
  vertex 5.430631 0.20642217 -7.4110913
  vertex 4.3544703 0.2424162 -5.459918
  vertex 4.354474 0.242417 -10.37643
 endloop
endfacet
facet normal -0.03342887 -0.9994411 2.3334359e-09
 outer loop
  vertex 5.430631 0.20642217 -7.4110913
  vertex 4.354474 0.242417 -10.37643
  vertex 5.430635 0.20642203 -10.37643
 endloop
endfacet
facet normal 0.033428926 0.9994411 2.4081466e-08
 outer loop
  vertex 13.186483 7.7351713 -10.37643
  vertex 5.6908393 7.9858828 -10.37643
  vertex 5.6908355 7.9858828 -5.08102
 endloop
endfacet
facet normal 0.033428863 0.9994411 -6.603611e-08
 outer loop
  vertex 13.186483 7.7351713 -10.37643
  vertex 5.6908355 7.9858828 -5.08102
  vertex 13.18648 7.735172 -5.08102
 endloop
endfacet
facet normal 0.03342875 0.999441 2.5937206e-08
 outer loop
  vertex 14.200044 5.461865 -5.459918
  vertex 14.2000475 5.461865 -10.37643
  vertex 13.111664 5.4982686 -10.37643
 endloop
endfacet
facet normal 0.033429403 0.9994411 -1.177092e-07
 outer loop
  vertex 14.200044 5.461865 -5.459918
  vertex 13.111664 5.4982686 -10.37643
  vertex 13.11166 5.498269 -7.4110913
 endloop
endfacet
facet normal 0.033428907 0.99944115 1.6118554e-07
 outer loop
  vertex 4.5398555 5.784975 -5.459918
  vertex 14.200044 5.461865 -5.459918
  vertex 13.11166 5.498269 -7.4110913
 endloop
endfacet
facet normal 0.033428863 0.9994411 -3.2585362e-08
 outer loop
  vertex 4.5398555 5.784975 -5.459918
  vertex 13.11166 5.498269 -7.4110913
  vertex 5.6160164 5.74898 -7.4110913
 endloop
endfacet
facet normal 0.03342879 0.9994411 -7.0995455e-08
 outer loop
  vertex 4.5398593 5.7849746 -10.37643
  vertex 4.5398555 5.784975 -5.459918
  vertex 5.6160164 5.74898 -7.4110913
 endloop
endfacet
facet normal 0.03342847 0.9994411 4.3003357e-08
 outer loop
  vertex 4.5398593 5.7849746 -10.37643
  vertex 5.6160164 5.74898 -7.4110913
  vertex 5.61602 5.74898 -10.37643
 endloop
endfacet
facet normal 0 0 1
 outer loop
  vertex 5.3541427 -2.080393 -7.4110913
  vertex 12.849787 -2.3311043 -7.4110913
  vertex 12.926275 -0.044288874 -7.4110913
 endloop
endfacet
facet normal 0 0 1
 outer loop
  vertex 5.3541427 -2.080393 -7.4110913
  vertex 12.926275 -0.044288874 -7.4110913
  vertex 5.430631 0.20642217 -7.4110913
 endloop
endfacet
facet normal 0 0 1
 outer loop
  vertex 13.11166 5.498269 -7.4110913
  vertex 13.165703 7.114005 -7.4110913
  vertex 5.6700587 7.364716 -7.4110913
 endloop
endfacet
facet normal -0 0 1
 outer loop
  vertex 13.11166 5.498269 -7.4110913
  vertex 5.6700587 7.364716 -7.4110913
  vertex 5.6160164 5.74898 -7.4110913
 endloop
endfacet
facet normal 0 0 1
 outer loop
  vertex 5.335463 -2.6388755 -5.08102
  vertex 12.831107 -2.8895867 -5.08102
  vertex 12.849787 -2.3311043 -5.08102
 endloop
endfacet
facet normal 0 0 1
 outer loop
  vertex 5.335463 -2.6388755 -5.08102
  vertex 12.849787 -2.3311043 -5.08102
  vertex 5.3541427 -2.080393 -5.08102
 endloop
endfacet
facet normal 0.999441 -0.03342881 1.2870539e-06
 outer loop
  vertex 12.831111 -2.8895867 -10.37643
  vertex 12.926279 -0.044288993 -10.37643
  vertex 12.926275 -0.044288874 -7.4110913
 endloop
endfacet
facet normal 0.9994411 -0.033428907 1.3792138e-06
 outer loop
  vertex 12.831111 -2.8895867 -10.37643
  vertex 12.926275 -0.044288874 -7.4110913
  vertex 12.849787 -2.3311043 -7.4110913
 endloop
endfacet
facet normal 0.99944115 -0.033428412 0
 outer loop
  vertex 12.849787 -2.3311043 -7.4110913
  vertex 12.849787 -2.3311043 -5.08102
  vertex 12.831107 -2.8895867 -5.08102
 endloop
endfacet
facet normal 0.99944115 -0.033425406 7.199755e-07
 outer loop
  vertex 12.849787 -2.3311043 -7.4110913
  vertex 12.831107 -2.8895867 -5.08102
  vertex 12.831111 -2.8895867 -10.37643
 endloop
endfacet
facet normal -0.999441 0.03342893 -1.28571e-06
 outer loop
  vertex 5.6908393 7.9858828 -10.37643
  vertex 5.61602 5.74898 -10.37643
  vertex 5.6160164 5.74898 -7.4110913
 endloop
endfacet
facet normal -0.9994411 0.033428807 -1.3770077e-06
 outer loop
  vertex 5.6908393 7.9858828 -10.37643
  vertex 5.6160164 5.74898 -7.4110913
  vertex 5.6700587 7.364716 -7.4110913
 endloop
endfacet
facet normal -0.9994411 0.03342925 0
 outer loop
  vertex 5.6700587 7.364716 -7.4110913
  vertex 5.6700587 7.364716 -5.08102
  vertex 5.6908355 7.9858828 -5.08102
 endloop
endfacet
facet normal -0.99944097 0.033431947 -7.199754e-07
 outer loop
  vertex 5.6700587 7.364716 -7.4110913
  vertex 5.6908355 7.9858828 -5.08102
  vertex 5.6908393 7.9858828 -10.37643
 endloop
endfacet
facet normal 0 0 1
 outer loop
  vertex 13.165703 7.114005 -5.08102
  vertex 13.18648 7.735172 -5.08102
  vertex 5.6908355 7.9858828 -5.08102
 endloop
endfacet
facet normal -0 0 1
 outer loop
  vertex 13.165703 7.114005 -5.08102
  vertex 5.6908355 7.9858828 -5.08102
  vertex 5.6700587 7.364716 -5.08102
 endloop
endfacet
facet normal 0.033428892 0.9994411 -0
 outer loop
  vertex 5.3541427 -2.080393 -5.08102
  vertex 12.849787 -2.3311043 -5.08102
  vertex 12.849787 -2.3311043 -7.4110913
 endloop
endfacet
facet normal 0.033428892 0.9994411 0
 outer loop
  vertex 5.3541427 -2.080393 -5.08102
  vertex 12.849787 -2.3311043 -7.4110913
  vertex 5.3541427 -2.080393 -7.4110913
 endloop
endfacet
facet normal -0.9994411 0.03342841 -7.2148055e-07
 outer loop
  vertex 5.335467 -2.6388757 -10.37643
  vertex 5.335463 -2.6388755 -5.08102
  vertex 5.3541427 -2.080393 -5.08102
 endloop
endfacet
facet normal -0.9994413 0.033421576 0
 outer loop
  vertex 5.335467 -2.6388757 -10.37643
  vertex 5.3541427 -2.080393 -5.08102
  vertex 5.3541427 -2.080393 -7.4110913
 endloop
endfacet
facet normal -0.999441 0.03342881 -1.3639999e-06
 outer loop
  vertex 5.430635 0.20642203 -10.37643
  vertex 5.335467 -2.6388757 -10.37643
  vertex 5.3541427 -2.080393 -7.4110913
 endloop
endfacet
facet normal -0.99944115 0.033428915 -1.2869737e-06
 outer loop
  vertex 5.430635 0.20642203 -10.37643
  vertex 5.3541427 -2.080393 -7.4110913
  vertex 5.430631 0.20642217 -7.4110913
 endloop
endfacet
facet normal -0.033428863 -0.9994411 -2.408142e-08
 outer loop
  vertex 5.335467 -2.6388757 -10.37643
  vertex 12.831111 -2.8895867 -10.37643
  vertex 12.831107 -2.8895867 -5.08102
 endloop
endfacet
facet normal -0.033428892 -0.9994411 2.101149e-08
 outer loop
  vertex 5.335467 -2.6388757 -10.37643
  vertex 12.831107 -2.8895867 -5.08102
  vertex 5.335463 -2.6388755 -5.08102
 endloop
endfacet
facet normal 0.9994411 -0.03342925 7.229857e-07
 outer loop
  vertex 13.186483 7.7351713 -10.37643
  vertex 13.18648 7.735172 -5.08102
  vertex 13.165703 7.114005 -5.08102
 endloop
endfacet
facet normal 0.99944085 -0.033435404 0
 outer loop
  vertex 13.186483 7.7351713 -10.37643
  vertex 13.165703 7.114005 -5.08102
  vertex 13.165703 7.114005 -7.4110913
 endloop
endfacet
facet normal 0.999441 -0.033429146 1.3123222e-06
 outer loop
  vertex 13.111664 5.4982686 -10.37643
  vertex 13.186483 7.7351713 -10.37643
  vertex 13.165703 7.114005 -7.4110913
 endloop
endfacet
facet normal 0.9994411 -0.033429105 1.2915276e-06
 outer loop
  vertex 13.111664 5.4982686 -10.37643
  vertex 13.165703 7.114005 -7.4110913
  vertex 13.11166 5.498269 -7.4110913
 endloop
endfacet
facet normal -0.03342886 -0.9994411 -0
 outer loop
  vertex 13.165703 7.114005 -7.4110913
  vertex 13.165703 7.114005 -5.08102
  vertex 5.6700587 7.364716 -5.08102
 endloop
endfacet
facet normal -0.03342886 -0.9994411 0
 outer loop
  vertex 13.165703 7.114005 -7.4110913
  vertex 5.6700587 7.364716 -5.08102
  vertex 5.6700587 7.364716 -7.4110913
 endloop
endfacet
facet normal 0.99944115 -0.03342891 0
 outer loop
  vertex -4.4539766 12.6272135 -4.0349903
  vertex -4.170763 21.094595 -4.0349903
  vertex -4.170763 21.094595 0.87709075
 endloop
endfacet
facet normal 0.99944115 -0.03342891 0
 outer loop
  vertex -4.4539766 12.6272135 -4.0349903
  vertex -4.170763 21.094595 0.87709075
  vertex -4.4539766 12.6272135 0.87709075
 endloop
endfacet
facet normal 0 -0 -1
 outer loop
  vertex -4.4539766 12.6272135 -4.0349903
  vertex -5.035553 12.646666 -4.0349903
  vertex -4.7523394 21.114048 -4.0349903
 endloop
endfacet
facet normal -0 -0 -1
 outer loop
  vertex -4.4539766 12.6272135 -4.0349903
  vertex -4.7523394 21.114048 -4.0349903
  vertex -4.170763 21.094595 -4.0349903
 endloop
endfacet
facet normal 0.033430133 0.9994411 0
 outer loop
  vertex -4.170763 21.094595 -4.0349903
  vertex -4.7523394 21.114048 -4.0349903
  vertex -4.7523394 21.114048 0.87709075
 endloop
endfacet
facet normal 0.033430133 0.9994411 0
 outer loop
  vertex -4.170763 21.094595 -4.0349903
  vertex -4.7523394 21.114048 0.87709075
  vertex -4.170763 21.094595 0.87709075
 endloop
endfacet
facet normal -0 0 1
 outer loop
  vertex -4.170763 21.094595 0.87709075
  vertex -4.7523394 21.114048 0.87709075
  vertex -5.035553 12.646666 0.87709075
 endloop
endfacet
facet normal 0 -0 1
 outer loop
  vertex -4.170763 21.094595 0.87709075
  vertex -5.035553 12.646666 0.87709075
  vertex -4.4539766 12.6272135 0.87709075
 endloop
endfacet
facet normal -0.033428498 -0.99944115 -0
 outer loop
  vertex -4.4539766 12.6272135 -4.0349903
  vertex -4.4539766 12.6272135 0.87709075
  vertex -5.035553 12.646666 0.87709075
 endloop
endfacet
facet normal -0.033428498 -0.99944115 0
 outer loop
  vertex -4.4539766 12.6272135 -4.0349903
  vertex -5.035553 12.646666 0.87709075
  vertex -5.035553 12.646666 -4.0349903
 endloop
endfacet
facet normal -0.9994411 0.0334289 -3.5727288e-07
 outer loop
  vertex -14.014075 3.140105 -10.37643
  vertex -14.133538 -0.43154123 -10.37643
  vertex -14.13354 -0.43154117 -5.0352035
 endloop
endfacet
facet normal -0.9994411 0.0334289 -3.559859e-07
 outer loop
  vertex -14.014075 3.140105 -10.37643
  vertex -14.13354 -0.43154117 -5.0352035
  vertex -14.014077 3.140105 -5.0352035
 endloop
endfacet
facet normal -0.03342887 -0.99944115 -0
 outer loop
  vertex -21.68372 1.6543531 3.2734084
  vertex -8.203873 1.2034851 3.2734084
  vertex -8.203873 1.2034851 3.6492937
 endloop
endfacet
facet normal -0.03342887 -0.99944115 0
 outer loop
  vertex -21.68372 1.6543531 3.2734084
  vertex -8.203873 1.2034851 3.6492937
  vertex -21.68372 1.6543531 3.6492937
 endloop
endfacet
facet normal 0 0 1
 outer loop
  vertex -5.482665 -0.7208919 -5.0352035
  vertex -5.363202 2.8507545 -5.0352035
  vertex -14.014077 3.140105 -5.0352035
 endloop
endfacet
facet normal -0 0 1
 outer loop
  vertex -5.482665 -0.7208919 -5.0352035
  vertex -14.014077 3.140105 -5.0352035
  vertex -14.13354 -0.43154117 -5.0352035
 endloop
endfacet
facet normal -0.033428885 -0.9994411 -7.8431506e-10
 outer loop
  vertex -14.13354 -0.43154117 -5.0352035
  vertex -14.133538 -0.43154123 -10.37643
  vertex -11.897216 -0.5063408 -10.37643
 endloop
endfacet
facet normal -0.03342886 -0.999441 7.336337e-09
 outer loop
  vertex -14.13354 -0.43154117 -5.0352035
  vertex -11.897216 -0.5063408 -10.37643
  vertex -11.897217 -0.50634074 -6.601919
 endloop
endfacet
facet normal -0.033428874 -0.99944115 -4.3952855e-09
 outer loop
  vertex -5.482665 -0.7208919 -5.0352035
  vertex -14.13354 -0.43154117 -5.0352035
  vertex -11.897217 -0.50634074 -6.601919
 endloop
endfacet
facet normal -0.033428866 -0.9994411 -3.579387e-08
 outer loop
  vertex -5.482665 -0.7208919 -5.0352035
  vertex -11.897217 -0.50634074 -6.601919
  vertex -7.6481023 -0.64846325 -6.601919
 endloop
endfacet
facet normal -0.03342889 -0.9994411 -0
 outer loop
  vertex -5.482665 -0.7208919 -10.37643
  vertex -5.482665 -0.7208919 -5.0352035
  vertex -7.6481023 -0.64846325 -6.601919
 endloop
endfacet
facet normal -0.03342889 -0.9994411 0
 outer loop
  vertex -5.482665 -0.7208919 -10.37643
  vertex -7.6481023 -0.64846325 -6.601919
  vertex -7.6481023 -0.64846325 -10.37643
 endloop
endfacet
facet normal -0.033428892 -0.9994411 -3.6545156e-08
 outer loop
  vertex -15.8588295 -10.450949 -6.8870177
  vertex -25.062466 -10.143109 -6.8870177
  vertex -25.062462 -10.143109 -10.37643
 endloop
endfacet
facet normal -0.033428904 -0.9994411 0
 outer loop
  vertex -15.8588295 -10.450949 -6.8870177
  vertex -25.062462 -10.143109 -10.37643
  vertex -15.8588295 -10.450949 -10.37643
 endloop
endfacet
facet normal 0.9994411 -0.033428926 0
 outer loop
  vertex -7.7464075 -3.587543 -10.37643
  vertex -7.6481023 -0.64846325 -10.37643
  vertex -7.6481023 -0.64846325 -6.601919
 endloop
endfacet
facet normal 0.9994411 -0.033428945 1.5659698e-08
 outer loop
  vertex -7.7464075 -3.587543 -10.37643
  vertex -7.6481023 -0.64846325 -6.601919
  vertex -7.7155223 -2.6641512 -6.601919
 endloop
endfacet
facet normal 0.99944115 -0.033428885 0
 outer loop
  vertex -7.7464075 -3.587543 -4.584119
  vertex -7.7464075 -3.587543 -10.37643
  vertex -7.7155223 -2.6641512 -6.601919
 endloop
endfacet
facet normal 0.9994411 -0.03342888 0
 outer loop
  vertex -7.7464075 -3.587543 -4.584119
  vertex -7.7155223 -2.6641512 -6.601919
  vertex -7.7155223 -2.6641512 -4.584119
 endloop
endfacet
facet normal -0 0 1
 outer loop
  vertex -7.6481023 -0.64846325 -6.601919
  vertex -11.897217 -0.50634074 -6.601919
  vertex -11.964636 -2.5220287 -6.601919
 endloop
endfacet
facet normal 0 -0 1
 outer loop
  vertex -7.6481023 -0.64846325 -6.601919
  vertex -11.964636 -2.5220287 -6.601919
  vertex -7.7155223 -2.6641512 -6.601919
 endloop
endfacet
facet normal -0 0 1
 outer loop
  vertex -7.7155223 -2.6641512 -4.584119
  vertex -11.964636 -2.5220287 -4.584119
  vertex -11.995522 -3.4454205 -4.584119
 endloop
endfacet
facet normal 0 -0 1
 outer loop
  vertex -7.7155223 -2.6641512 -4.584119
  vertex -11.995522 -3.4454205 -4.584119
  vertex -7.7464075 -3.587543 -4.584119
 endloop
endfacet
facet normal 0.033428874 0.99944115 0
 outer loop
  vertex -7.7155223 -2.6641512 -6.601919
  vertex -11.964636 -2.5220287 -6.601919
  vertex -11.964636 -2.5220287 -4.584119
 endloop
endfacet
facet normal 0.033428874 0.99944115 0
 outer loop
  vertex -7.7155223 -2.6641512 -6.601919
  vertex -11.964636 -2.5220287 -4.584119
  vertex -7.7155223 -2.6641512 -4.584119
 endloop
endfacet
facet normal -0.9994411 0.0334294 -1.6455286e-07
 outer loop
  vertex -11.995521 -3.4454205 -10.37643
  vertex -11.995522 -3.4454205 -4.584119
  vertex -11.964636 -2.5220287 -4.584119
 endloop
endfacet
facet normal -0.99944115 0.033428367 0
 outer loop
  vertex -11.995521 -3.4454205 -10.37643
  vertex -11.964636 -2.5220287 -4.584119
  vertex -11.964636 -2.5220287 -6.601919
 endloop
endfacet
facet normal -0.9994411 0.033428766 -9.6658006e-08
 outer loop
  vertex -11.897216 -0.5063408 -10.37643
  vertex -11.995521 -3.4454205 -10.37643
  vertex -11.964636 -2.5220287 -6.601919
 endloop
endfacet
facet normal -0.9994411 0.033428475 -2.5251262e-07
 outer loop
  vertex -11.897216 -0.5063408 -10.37643
  vertex -11.964636 -2.5220287 -6.601919
  vertex -11.897217 -0.50634074 -6.601919
 endloop
endfacet
facet normal -0.03342887 -0.9994411 -5.5038925e-09
 outer loop
  vertex -7.7464075 -3.587543 -4.584119
  vertex -11.995522 -3.4454205 -4.584119
  vertex -11.995521 -3.4454205 -10.37643
 endloop
endfacet
facet normal -0.033428878 -0.9994411 0
 outer loop
  vertex -7.7464075 -3.587543 -4.584119
  vertex -11.995521 -3.4454205 -10.37643
  vertex -7.7464075 -3.587543 -10.37643
 endloop
endfacet
facet normal -5.1751755e-08 1.7308648e-09 1
 outer loop
  vertex -15.402689 3.1865506 -3.7141
  vertex -24.606325 3.49439 -3.7141004
  vertex -24.627083 2.8737488 -3.7141004
 endloop
endfacet
facet normal -5.175176e-08 1.7309445e-09 1
 outer loop
  vertex -15.402689 3.1865506 -3.7141
  vertex -24.627083 2.8737488 -3.7141004
  vertex -15.423448 2.5659094 -3.7141
 endloop
endfacet
facet normal 0.99944115 -0.033428848 0
 outer loop
  vertex -15.423448 2.5659094 -6.8870177
  vertex -15.8588295 -10.450949 -6.8870177
  vertex -15.8588295 -10.450949 -10.37643
 endloop
endfacet
facet normal 0.9994411 -0.03342883 -8.011804e-08
 outer loop
  vertex -15.423448 2.5659094 -6.8870177
  vertex -15.8588295 -10.450949 -10.37643
  vertex -15.402689 3.1865506 -10.37643
 endloop
endfacet
facet normal 0.99944115 -0.03342838 0
 outer loop
  vertex -15.402689 3.1865506 -10.37643
  vertex -15.402689 3.1865506 -3.7141
  vertex -15.423448 2.5659094 -3.7141
 endloop
endfacet
facet normal 0.9994411 -0.033428375 0
 outer loop
  vertex -15.402689 3.1865506 -10.37643
  vertex -15.423448 2.5659094 -3.7141
  vertex -15.423448 2.5659094 -6.8870177
 endloop
endfacet
facet normal -0 0 1
 outer loop
  vertex -15.423448 2.5659094 -6.8870177
  vertex -24.627083 2.8737488 -6.8870177
  vertex -25.062466 -10.143109 -6.8870177
 endloop
endfacet
facet normal 0 -0 1
 outer loop
  vertex -15.423448 2.5659094 -6.8870177
  vertex -25.062466 -10.143109 -6.8870177
  vertex -15.8588295 -10.450949 -6.8870177
 endloop
endfacet
facet normal -0.033428866 -0.999441 3.6437754e-07
 outer loop
  vertex -8.203873 1.2034851 0.5814276
  vertex -21.68372 1.6543531 0.5814276
  vertex -21.683723 1.6543531 0.23145813
 endloop
endfacet
facet normal -0.03342886 -0.999441 0
 outer loop
  vertex -8.203873 1.2034851 0.5814276
  vertex -21.683723 1.6543531 0.23145813
  vertex -8.203873 1.2034851 0.23145813
 endloop
endfacet
facet normal -0.99944115 0.03342909 0
 outer loop
  vertex -21.68372 1.6543531 3.6492937
  vertex -21.62551 3.3946888 3.6492937
  vertex -21.62551 3.3946888 3.2734084
 endloop
endfacet
facet normal -0.99944115 0.03342909 0
 outer loop
  vertex -21.68372 1.6543531 3.6492937
  vertex -21.62551 3.3946888 3.2734084
  vertex -21.68372 1.6543531 3.2734084
 endloop
endfacet
facet normal 0 0 -1
 outer loop
  vertex -8.145663 2.943821 3.2734084
  vertex -8.203873 1.2034851 3.2734084
  vertex -21.68372 1.6543531 3.2734084
 endloop
endfacet
facet normal 0 -0 -1
 outer loop
  vertex -8.145663 2.943821 3.2734084
  vertex -21.68372 1.6543531 3.2734084
  vertex -21.62551 3.3946888 3.2734084
 endloop
endfacet
facet normal 0.999441 -0.03342854 0
 outer loop
  vertex -8.203873 1.2034851 3.2734084
  vertex -8.145663 2.943821 3.2734084
  vertex -8.145663 2.943821 3.6492946
 endloop
endfacet
facet normal 0.99944115 -0.033428542 0
 outer loop
  vertex -8.203873 1.2034851 3.2734084
  vertex -8.145663 2.943821 3.6492946
  vertex -8.203873 1.2034851 3.6492937
 endloop
endfacet
facet normal -1.830821e-08 -5.473705e-07 1
 outer loop
  vertex -21.68372 1.6543531 3.6492937
  vertex -8.203873 1.2034851 3.6492937
  vertex -8.145663 2.943821 3.6492946
 endloop
endfacet
facet normal -7.06691e-08 2.3637248e-09 1
 outer loop
  vertex -21.68372 1.6543531 3.6492937
  vertex -8.145663 2.943821 3.6492946
  vertex -21.62551 3.3946888 3.6492937
 endloop
endfacet
facet normal 0 -0 1
 outer loop
  vertex -21.62551 3.3946888 0.5814276
  vertex -21.68372 1.6543531 0.5814276
  vertex -8.203873 1.2034851 0.5814276
 endloop
endfacet
facet normal 0 0 1
 outer loop
  vertex -21.62551 3.3946888 0.5814276
  vertex -8.203873 1.2034851 0.5814276
  vertex -8.145663 2.943821 0.5814276
 endloop
endfacet
facet normal 0.99944115 -0.033428542 0
 outer loop
  vertex -8.203873 1.2034851 0.23145813
  vertex -8.145663 2.943821 0.23145813
  vertex -8.145663 2.943821 0.5814276
 endloop
endfacet
facet normal 0.99944115 -0.033428542 0
 outer loop
  vertex -8.203873 1.2034851 0.23145813
  vertex -8.145663 2.943821 0.5814276
  vertex -8.203873 1.2034851 0.5814276
 endloop
endfacet
facet normal -0.999441 0.033429086 1.0916767e-05
 outer loop
  vertex -21.68372 1.6543531 0.5814276
  vertex -21.62551 3.3946888 0.5814276
  vertex -21.625513 3.394689 0.23145813
 endloop
endfacet
facet normal -0.99944115 0.033429086 1.0893359e-05
 outer loop
  vertex -21.68372 1.6543531 0.5814276
  vertex -21.625513 3.394689 0.23145813
  vertex -21.683723 1.6543531 0.23145813
 endloop
endfacet
facet normal 0 -0 -1
 outer loop
  vertex -8.203873 1.2034851 0.23145813
  vertex -21.683723 1.6543531 0.23145813
  vertex -21.625513 3.394689 0.23145813
 endloop
endfacet
facet normal -0 -0 -1
 outer loop
  vertex -8.203873 1.2034851 0.23145813
  vertex -21.625513 3.394689 0.23145813
  vertex -8.145663 2.943821 0.23145813
 endloop
endfacet
facet normal -0.99944115 0.033428736 -1.0778828e-06
 outer loop
  vertex 8.816195 9.857411 -6.839342
  vertex 9.214796 21.774666 -6.8393426
  vertex 9.2148 21.774666 -10.37643
 endloop
endfacet
facet normal -0.99944115 0.033428896 -5.426834e-07
 outer loop
  vertex 8.816195 9.857411 -6.839342
  vertex 9.2148 21.774666 -10.37643
  vertex 8.816196 9.857411 -10.37643
 endloop
endfacet
facet normal -0.9994411 0.03342884 0
 outer loop
  vertex 14.740668 21.625074 10.418196
  vertex 14.808264 23.646015 10.418196
  vertex 14.740668 21.625074 8.60792
 endloop
endfacet
facet normal -0.9994411 0.033428837 0
 outer loop
  vertex 14.740668 21.625074 8.60792
  vertex 14.808264 23.646015 10.418196
  vertex 14.808264 23.646015 -10.37643
 endloop
endfacet
facet normal -0.999441 0.033431433 2.769679e-07
 outer loop
  vertex 14.740668 21.625074 8.60792
  vertex 14.808264 23.646015 -10.37643
  vertex 14.739487 21.589878 -6.8393426
 endloop
endfacet
facet normal -0.9994411 0.033429112 -1.0778829e-06
 outer loop
  vertex 14.7394905 21.589878 -10.37643
  vertex 14.739487 21.589878 -6.8393426
  vertex 14.808264 23.646015 -10.37643
 endloop
endfacet
facet normal -0.9994411 0.033428896 2.828018e-07
 outer loop
  vertex 14.740668 21.625074 8.60792
  vertex 14.739487 21.589878 -6.8393426
  vertex 14.340883 9.672624 -6.8393426
 endloop
endfacet
facet normal -0.9994411 0.033428885 2.9109998e-07
 outer loop
  vertex 14.740668 21.625074 8.60792
  vertex 14.340883 9.672624 -6.8393426
  vertex 13.71975 -8.897849 8.60792
 endloop
endfacet
facet normal -0.99944115 0.03342886 -1.0778829e-06
 outer loop
  vertex 14.340883 9.672624 -6.8393426
  vertex 14.340887 9.672624 -10.37643
  vertex 14.2000475 5.461865 -10.37643
 endloop
endfacet
facet normal -0.99944115 0.033428606 -7.754615e-07
 outer loop
  vertex 14.340883 9.672624 -6.8393426
  vertex 14.2000475 5.461865 -10.37643
  vertex 14.200044 5.461865 -5.459918
 endloop
endfacet
facet normal -0.9994411 0.033428997 4.290911e-07
 outer loop
  vertex 13.71975 -8.897849 8.60792
  vertex 14.340883 9.672624 -6.8393426
  vertex 14.200044 5.461865 -5.459918
 endloop
endfacet
facet normal -0.9994411 0.03342881 2.3837146e-07
 outer loop
  vertex 13.71975 -8.897849 8.60792
  vertex 14.200044 5.461865 -5.459918
  vertex 14.014659 -0.08069357 -5.459918
 endloop
endfacet
facet normal -0.9994411 0.033428825 -7.699903e-07
 outer loop
  vertex 14.014659 -0.08069357 -5.459918
  vertex 14.014663 -0.08069277 -10.37643
  vertex 13.868505 -4.4504704 -10.37643
 endloop
endfacet
facet normal -0.99944115 0.03342796 0
 outer loop
  vertex 14.014659 -0.08069357 -5.459918
  vertex 13.868505 -4.4504704 -10.37643
  vertex 13.868505 -4.4504704 1.3854648
 endloop
endfacet
facet normal -0.99944204 0.0334023 -1.6380005e-05
 outer loop
  vertex 14.014659 -0.08069357 -5.459918
  vertex 13.868505 -4.4504704 1.3854648
  vertex 13.71975 -8.897849 8.60792
 endloop
endfacet
facet normal -0.9994411 0.033428904 1.7583228e-09
 outer loop
  vertex 13.868505 -4.4504704 1.3854648
  vertex 13.731218 -8.554986 1.3854648
  vertex 13.71975 -8.897849 8.60792
 endloop
endfacet
facet normal -0.99944115 0.033428866 0
 outer loop
  vertex 13.71975 -8.897849 8.60792
  vertex 13.731218 -8.554986 1.3854648
  vertex 13.71975 -8.897849 0.7262741
 endloop
endfacet
facet normal -0.99944115 0.03342887 0
 outer loop
  vertex 13.71975 -8.897849 0.7262741
  vertex 13.731218 -8.554986 1.3854648
  vertex 13.731218 -8.554986 -10.37643
 endloop
endfacet
facet normal -0.9994401 0.033460114 9.658253e-07
 outer loop
  vertex 13.71975 -8.897849 0.7262741
  vertex 13.731218 -8.554986 -10.37643
  vertex 13.721423 -8.8477335 -4.517662
 endloop
endfacet
facet normal -0.9994411 0.03342779 -6.507453e-07
 outer loop
  vertex 13.721427 -8.8477335 -10.37643
  vertex 13.721423 -8.8477335 -4.517662
  vertex 13.731218 -8.554986 -10.37643
 endloop
endfacet
facet normal -0.999441 0.033428885 6.6714927e-07
 outer loop
  vertex 13.71975 -8.897849 0.7262741
  vertex 13.721423 -8.8477335 -4.517662
  vertex 13.2603655 -22.632217 -4.517662
 endloop
endfacet
facet normal -0.9994411 0.033428866 7.270427e-07
 outer loop
  vertex 13.71975 -8.897849 0.7262741
  vertex 13.2603655 -22.632217 -4.517662
  vertex 13.260369 -22.632217 0.7262741
 endloop
endfacet
facet normal -0.033428937 -0.99944115 -1.8026311e-08
 outer loop
  vertex 14.340883 9.672624 -6.8393426
  vertex 8.816195 9.857411 -6.839342
  vertex 8.816196 9.857411 -10.37643
 endloop
endfacet
facet normal -0.033428922 -0.999441 -3.6581778e-08
 outer loop
  vertex 14.340883 9.672624 -6.8393426
  vertex 8.816196 9.857411 -10.37643
  vertex 14.340887 9.672624 -10.37643
 endloop
endfacet
facet normal 0.033428922 0.999441 3.605261e-08
 outer loop
  vertex 9.214796 21.774666 -6.8393426
  vertex 14.739487 21.589878 -6.8393426
  vertex 14.7394905 21.589878 -10.37643
 endloop
endfacet
facet normal 0.033428922 0.999441 3.6581778e-08
 outer loop
  vertex 9.214796 21.774666 -6.8393426
  vertex 14.7394905 21.589878 -10.37643
  vertex 9.2148 21.774666 -10.37643
 endloop
endfacet
facet normal 1.3368219e-09 3.9967624e-08 1
 outer loop
  vertex 14.739487 21.589878 -6.8393426
  vertex 9.214796 21.774666 -6.8393426
  vertex 8.816195 9.857411 -6.839342
 endloop
endfacet
facet normal 8.6213774e-08 -2.883643e-09 1
 outer loop
  vertex 14.739487 21.589878 -6.8393426
  vertex 8.816195 9.857411 -6.839342
  vertex 14.340883 9.672624 -6.8393426
 endloop
endfacet
facet normal 0.9994411 -0.033428866 0
 outer loop
  vertex -3.8541238 3.4472644 8.458903
  vertex -3.8541238 3.4472644 5.8257055
  vertex -3.5935023 11.23921 5.8257055
 endloop
endfacet
facet normal 0.9994411 -0.033428866 0
 outer loop
  vertex -3.8541238 3.4472644 8.458903
  vertex -3.5935023 11.23921 5.8257055
  vertex -3.5935023 11.23921 8.458903
 endloop
endfacet
facet normal -0.033428837 -0.9994411 -0
 outer loop
  vertex -5.363202 2.8507545 -5.0352035
  vertex -5.363202 2.8507545 8.60792
  vertex -8.145663 2.943821 0.23145813
 endloop
endfacet
facet normal -0.033428837 -0.9994411 0
 outer loop
  vertex -8.145663 2.943821 0.5814276
  vertex -8.145663 2.943821 0.23145813
  vertex -5.363202 2.8507545 8.60792
 endloop
endfacet
facet normal -0.033428837 -0.99944115 0
 outer loop
  vertex -8.145663 2.943821 0.5814276
  vertex -5.363202 2.8507545 8.60792
  vertex -8.145663 2.943821 3.2734084
 endloop
endfacet
facet normal -0.033428848 -0.9994411 -6.537502e-09
 outer loop
  vertex -14.014077 3.140105 -5.0352035
  vertex -5.363202 2.8507545 -5.0352035
  vertex -8.145663 2.943821 0.23145813
 endloop
endfacet
facet normal -0.033428837 -0.9994411 -2.3723938e-08
 outer loop
  vertex -14.014077 3.140105 -5.0352035
  vertex -8.145663 2.943821 0.23145813
  vertex -15.402689 3.1865506 -3.7141
 endloop
endfacet
facet normal -0.033428874 -0.9994411 2.1226557e-08
 outer loop
  vertex -8.145663 2.943821 3.6492946
  vertex -5.363202 2.8507545 8.60792
  vertex -24.606321 3.49439 8.60792
 endloop
endfacet
facet normal -0.03342886 -0.99944115 6.060382e-08
 outer loop
  vertex -8.145663 2.943821 3.6492946
  vertex -24.606321 3.49439 8.60792
  vertex -21.62551 3.3946888 3.6492937
 endloop
endfacet
facet normal -0.03342894 -0.99944115 1.0349058e-08
 outer loop
  vertex -21.62551 3.3946888 3.6492937
  vertex -24.606321 3.49439 8.60792
  vertex -24.606325 3.49439 -3.7141004
 endloop
endfacet
facet normal -0.033428945 -0.9994411 0
 outer loop
  vertex -21.62551 3.3946888 3.6492937
  vertex -24.606325 3.49439 -3.7141004
  vertex -21.62551 3.3946888 3.2734084
 endloop
endfacet
facet normal -0.033428773 -0.9994411 0
 outer loop
  vertex -15.402689 3.1865506 -3.7141
  vertex -15.402689 3.1865506 -10.37643
  vertex -14.014075 3.140105 -10.37643
 endloop
endfacet
facet normal -0.03342883 -0.9994411 -1.19374155e-08
 outer loop
  vertex -15.402689 3.1865506 -3.7141
  vertex -14.014075 3.140105 -10.37643
  vertex -14.014077 3.140105 -5.0352035
 endloop
endfacet
facet normal -0.03342887 -0.99944115 4.480266e-08
 outer loop
  vertex -15.402689 3.1865506 -3.7141
  vertex -8.145663 2.943821 0.23145813
  vertex -21.625513 3.394689 0.23145813
 endloop
endfacet
facet normal -0.033428892 -0.99944115 8.202371e-09
 outer loop
  vertex -15.402689 3.1865506 -3.7141
  vertex -21.625513 3.394689 0.23145813
  vertex -24.606325 3.49439 -3.7141004
 endloop
endfacet
facet normal -0.033428825 -0.9994411 -3.613383e-08
 outer loop
  vertex -21.62551 3.3946888 3.2734084
  vertex -24.606325 3.49439 -3.7141004
  vertex -21.625513 3.394689 0.23145813
 endloop
endfacet
facet normal -0.062378287 -0.9980526 0
 outer loop
  vertex -21.62551 3.3946888 3.2734084
  vertex -21.625513 3.394689 0.23145813
  vertex -21.62551 3.3946888 0.5814276
 endloop
endfacet
facet normal -0.03342886 -0.999441 0
 outer loop
  vertex -21.62551 3.3946888 3.2734084
  vertex -21.62551 3.3946888 0.5814276
  vertex -8.145663 2.943821 0.5814276
 endloop
endfacet
facet normal -0.03342886 -0.999441 -0
 outer loop
  vertex -21.62551 3.3946888 3.2734084
  vertex -8.145663 2.943821 0.5814276
  vertex -8.145663 2.943821 3.2734084
 endloop
endfacet
facet normal -0.033428833 -0.999441 0
 outer loop
  vertex -5.363202 2.8507545 8.60792
  vertex -8.145663 2.943821 3.6492946
  vertex -8.145663 2.943821 3.2734084
 endloop
endfacet
facet normal 0.99944115 -0.03342684 -3.0941075e-07
 outer loop
  vertex -24.606325 3.49439 -3.7141004
  vertex -24.606321 3.49439 8.60792
  vertex -24.627083 2.8737488 -3.7141004
 endloop
endfacet
facet normal 0.99944115 -0.033428885 -2.0631046e-07
 outer loop
  vertex -24.627083 2.8737488 -3.7141004
  vertex -24.606321 3.49439 8.60792
  vertex -25.071108 -10.401579 8.60792
 endloop
endfacet
facet normal 0.9994411 -0.03342887 -1.9234183e-07
 outer loop
  vertex -24.627083 2.8737488 -3.7141004
  vertex -25.071108 -10.401579 8.60792
  vertex -25.062466 -10.143109 -6.8870177
 endloop
endfacet
facet normal 0.99944097 -0.03343234 -3.3589311e-09
 outer loop
  vertex -25.071108 -10.401579 8.60792
  vertex -25.071108 -10.401577 -10.37643
  vertex -25.062462 -10.143109 -10.37643
 endloop
endfacet
facet normal 0.99944365 -0.033351928 1.0926125e-06
 outer loop
  vertex -25.071108 -10.401579 8.60792
  vertex -25.062462 -10.143109 -10.37643
  vertex -25.062466 -10.143109 -6.8870177
 endloop
endfacet
facet normal 0.9994411 -0.03342892 0
 outer loop
  vertex -24.627083 2.8737488 -6.8870177
  vertex -24.627083 2.8737488 -3.7141004
  vertex -25.062466 -10.143109 -6.8870177
 endloop
endfacet
facet normal 0.0334289 0.9994411 1.00413374e-07
 outer loop
  vertex -7.094152 -11.002863 -10.37643
  vertex -25.071108 -10.401577 -10.37643
  vertex -25.071108 -10.401579 8.60792
 endloop
endfacet
facet normal 0.0334289 0.9994411 1.00542096e-07
 outer loop
  vertex -7.094152 -11.002863 -10.37643
  vertex -25.071108 -10.401579 8.60792
  vertex -7.094152 -11.002865 8.60792
 endloop
endfacet
facet normal -0.9994411 0.03342884 0
 outer loop
  vertex 2.6525915 -22.277412 0.7262741
  vertex 2.6525915 -22.277412 8.60792
  vertex 2.7247012 -20.121508 8.60792
 endloop
endfacet
facet normal -0.9994411 0.03342884 0
 outer loop
  vertex 2.6525915 -22.277412 0.7262741
  vertex 2.7247012 -20.121508 8.60792
  vertex 2.7247012 -20.121508 0.7262741
 endloop
endfacet
facet normal 0.033428922 0.999441 0
 outer loop
  vertex 2.7247012 -20.121508 0.7262741
  vertex 2.7247012 -20.121508 8.60792
  vertex 10.866495 -20.393831 8.60792
 endloop
endfacet
facet normal 0.033428922 0.999441 -0
 outer loop
  vertex 2.7247012 -20.121508 0.7262741
  vertex 10.866495 -20.393831 8.60792
  vertex 10.866495 -20.393831 0.7262741
 endloop
endfacet
facet normal -0.9994411 0.03342883 0
 outer loop
  vertex 10.866495 -20.393831 0.7262741
  vertex 10.866495 -20.393831 8.60792
  vertex 11.253766 -8.815368 8.60792
 endloop
endfacet
facet normal -0.9994411 0.03342883 0
 outer loop
  vertex 10.866495 -20.393831 0.7262741
  vertex 11.253766 -8.815368 8.60792
  vertex 11.253766 -8.815368 0.7262741
 endloop
endfacet
facet normal 0.03342896 0.99944115 0
 outer loop
  vertex 11.253766 -8.815368 0.7262741
  vertex 11.253766 -8.815368 8.60792
  vertex 13.71975 -8.897849 8.60792
 endloop
endfacet
facet normal 0.03342896 0.99944115 -0
 outer loop
  vertex 11.253766 -8.815368 0.7262741
  vertex 13.71975 -8.897849 8.60792
  vertex 13.71975 -8.897849 0.7262741
 endloop
endfacet
facet normal -0.033428874 -0.9994411 0
 outer loop
  vertex -3.8541238 3.4472644 8.458903
  vertex -5.341586 3.4970164 8.458903
  vertex -5.341586 3.4970164 5.8257055
 endloop
endfacet
facet normal -0.033428874 -0.9994411 0
 outer loop
  vertex -3.8541238 3.4472644 8.458903
  vertex -5.341586 3.4970164 5.8257055
  vertex -3.8541238 3.4472644 5.8257055
 endloop
endfacet
facet normal 0 -0 -1
 outer loop
  vertex -3.8541238 3.4472644 5.8257055
  vertex -5.341586 3.4970164 5.8257055
  vertex -5.0809646 11.288962 5.8257055
 endloop
endfacet
facet normal -0 -0 -1
 outer loop
  vertex -3.8541238 3.4472644 5.8257055
  vertex -5.0809646 11.288962 5.8257055
  vertex -3.5935023 11.23921 5.8257055
 endloop
endfacet
facet normal 0.033429034 0.9994411 0
 outer loop
  vertex -3.5935023 11.23921 5.8257055
  vertex -5.0809646 11.288962 5.8257055
  vertex -5.0809646 11.288962 8.458903
 endloop
endfacet
facet normal 0.033429034 0.9994411 0
 outer loop
  vertex -3.5935023 11.23921 5.8257055
  vertex -5.0809646 11.288962 8.458903
  vertex -3.5935023 11.23921 8.458903
 endloop
endfacet
facet normal 0 0 1
 outer loop
  vertex -3.8541238 3.4472644 8.458903
  vertex -3.5935023 11.23921 8.458903
  vertex -5.0809646 11.288962 8.458903
 endloop
endfacet
facet normal -0 0 1
 outer loop
  vertex -3.8541238 3.4472644 8.458903
  vertex -5.0809646 11.288962 8.458903
  vertex -5.341586 3.4970164 8.458903
 endloop
endfacet
facet normal -0.9994411 0.03342891 0
 outer loop
  vertex 9.044021 -8.398211 -10.37643
  vertex 9.044021 -8.398211 1.3854648
  vertex 9.181307 -4.2936954 1.3854648
 endloop
endfacet
facet normal -0.9994411 0.03342891 0
 outer loop
  vertex 9.044021 -8.398211 -10.37643
  vertex 9.181307 -4.2936954 1.3854648
  vertex 9.181307 -4.2936954 -10.37643
 endloop
endfacet
facet normal -0.0334289 -0.99944115 -0
 outer loop
  vertex 13.731218 -8.554986 -10.37643
  vertex 13.731218 -8.554986 1.3854648
  vertex 9.044021 -8.398211 1.3854648
 endloop
endfacet
facet normal -0.0334289 -0.99944115 0
 outer loop
  vertex 13.731218 -8.554986 -10.37643
  vertex 9.044021 -8.398211 1.3854648
  vertex 9.044021 -8.398211 -10.37643
 endloop
endfacet
facet normal 0.0334288 0.99944115 0
 outer loop
  vertex 13.868505 -4.4504704 -10.37643
  vertex 9.181307 -4.2936954 -10.37643
  vertex 9.181307 -4.2936954 1.3854648
 endloop
endfacet
facet normal 0.0334288 0.99944115 0
 outer loop
  vertex 13.868505 -4.4504704 -10.37643
  vertex 9.181307 -4.2936954 1.3854648
  vertex 13.868505 -4.4504704 1.3854648
 endloop
endfacet
facet normal 0 0 1
 outer loop
  vertex 9.044021 -8.398211 1.3854648
  vertex 13.731218 -8.554986 1.3854648
  vertex 13.868505 -4.4504704 1.3854648
 endloop
endfacet
facet normal 0 0 1
 outer loop
  vertex 9.044021 -8.398211 1.3854648
  vertex 13.868505 -4.4504704 1.3854648
  vertex 9.181307 -4.2936954 1.3854648
 endloop
endfacet
facet normal 8.362699e-07 -4.2193366e-07 -1
 outer loop
  vertex -8.27075 -12.613704 4.7721834
  vertex -7.1492853 -12.651215 4.7721844
  vertex -7.3112183 -17.492659 4.7721863
 endloop
endfacet
facet normal 8.362696e-07 -4.2193375e-07 -1
 outer loop
  vertex -8.27075 -12.613704 4.7721834
  vertex -7.3112183 -17.492659 4.7721863
  vertex -8.432684 -17.455149 4.7721853
 endloop
endfacet
facet normal -0.99944115 0.033428818 0
 outer loop
  vertex -13.295531 -17.721216 -10.37643
  vertex -13.414786 -21.286655 -10.37643
  vertex -13.414786 -21.286655 -3.893089
 endloop
endfacet
facet normal -0.99944115 0.033428818 0
 outer loop
  vertex -13.295531 -17.721216 -10.37643
  vertex -13.414786 -21.286655 -3.893089
  vertex -13.295531 -17.721216 -3.893089
 endloop
endfacet
facet normal 0.033428535 0.9994411 0
 outer loop
  vertex -7.3112183 -17.492659 -10.37643
  vertex -8.432684 -17.455149 -10.37643
  vertex -8.432684 -17.455149 4.7721853
 endloop
endfacet
facet normal 0.033428535 0.9994411 0
 outer loop
  vertex -7.3112183 -17.492659 -10.37643
  vertex -8.432684 -17.455149 4.7721853
  vertex -7.3112183 -17.492659 4.7721863
 endloop
endfacet
facet normal -0.033429414 -0.9994411 -0
 outer loop
  vertex -8.27075 -12.613704 -10.37643
  vertex -7.1492853 -12.651215 -10.37643
  vertex -7.1492853 -12.651215 4.7721844
 endloop
endfacet
facet normal -0.033429414 -0.9994411 0
 outer loop
  vertex -8.27075 -12.613704 -10.37643
  vertex -7.1492853 -12.651215 4.7721844
  vertex -8.27075 -12.613704 4.7721834
 endloop
endfacet
facet normal 0 0 1
 outer loop
  vertex -13.414786 -21.286655 -3.893089
  vertex -8.566263 -21.448826 -3.893089
  vertex -8.447007 -17.883387 -3.893089
 endloop
endfacet
facet normal 0 0 1
 outer loop
  vertex -13.414786 -21.286655 -3.893089
  vertex -8.447007 -17.883387 -3.893089
  vertex -13.295531 -17.721216 -3.893089
 endloop
endfacet
facet normal 0.03342868 0.9994411 0
 outer loop
  vertex -13.295531 -17.721216 -10.37643
  vertex -13.295531 -17.721216 -3.893089
  vertex -8.447007 -17.883387 -3.893089
 endloop
endfacet
facet normal 0.03342868 0.9994411 -0
 outer loop
  vertex -13.295531 -17.721216 -10.37643
  vertex -8.447007 -17.883387 -3.893089
  vertex -8.447007 -17.883387 -10.37643
 endloop
endfacet
facet normal 0.033428963 0.99944115 -0
 outer loop
  vertex -14.395154 -17.043663 -7.371059
  vertex -14.395154 -17.043663 -10.37643
  vertex -17.243889 -16.94838 -10.37643
 endloop
endfacet
facet normal 0.033428963 0.99944115 0
 outer loop
  vertex -14.395154 -17.043663 -7.371059
  vertex -17.243889 -16.94838 -10.37643
  vertex -17.243889 -16.94838 -7.371059
 endloop
endfacet
facet normal 0.033428963 0.9994411 -0
 outer loop
  vertex -14.502461 -20.251894 -5.418605
  vertex -14.502461 -20.251894 -7.371059
  vertex -17.351196 -20.15661 -7.371059
 endloop
endfacet
facet normal 0.033428963 0.9994411 0
 outer loop
  vertex -14.502461 -20.251894 -5.418605
  vertex -17.351196 -20.15661 -7.371059
  vertex -17.351196 -20.15661 -5.418605
 endloop
endfacet
facet normal 0.033427462 0.99942017 0.006470998
 outer loop
  vertex -17.384552 -21.153875 -10.37643
  vertex -18.444157 -21.118435 -10.37643
  vertex -18.44765 -21.222862 5.770012
 endloop
endfacet
facet normal -0.06475605 0.9979011 0
 outer loop
  vertex -17.384552 -21.153875 -10.37643
  vertex -18.44765 -21.222862 5.770012
  vertex -17.384552 -21.153875 -5.418605
 endloop
endfacet
facet normal 0.023063425 0.99969906 0.008355353
 outer loop
  vertex -17.384552 -21.153875 -5.418605
  vertex -18.44765 -21.222862 5.770012
  vertex -8.566263 -21.448826 5.530281
 endloop
endfacet
facet normal 0.03342896 0.9994411 -5.7297616e-08
 outer loop
  vertex -17.384552 -21.153875 -5.418605
  vertex -8.566263 -21.448826 5.530281
  vertex -14.535817 -21.249159 -5.418605
 endloop
endfacet
facet normal 0.033428688 0.9994411 0
 outer loop
  vertex -8.566263 -21.448826 -3.893089
  vertex -13.414786 -21.286655 -3.893089
  vertex -8.566263 -21.448826 5.530281
 endloop
endfacet
facet normal 0.033431716 0.999441 -1.5610393e-06
 outer loop
  vertex -8.566263 -21.448826 5.530281
  vertex -13.414786 -21.286655 -3.893089
  vertex -14.535817 -21.249159 -5.418605
 endloop
endfacet
facet normal 0.033429597 0.9994411 -0
 outer loop
  vertex -14.535817 -21.249159 -5.418605
  vertex -13.414786 -21.286655 -3.893089
  vertex -13.414786 -21.286655 -10.37643
 endloop
endfacet
facet normal 0.0334296 0.9994411 0
 outer loop
  vertex -14.535817 -21.249159 -5.418605
  vertex -13.414786 -21.286655 -10.37643
  vertex -14.535817 -21.249159 -10.37643
 endloop
endfacet
facet normal 0 -0 1
 outer loop
  vertex -17.351196 -20.15661 -5.418605
  vertex -17.384552 -21.153875 -5.418605
  vertex -14.535817 -21.249159 -5.418605
 endloop
endfacet
facet normal 0 0 1
 outer loop
  vertex -17.351196 -20.15661 -5.418605
  vertex -14.535817 -21.249159 -5.418605
  vertex -14.502461 -20.251894 -5.418605
 endloop
endfacet
facet normal -0.9994411 0.033428848 0
 outer loop
  vertex -17.351196 -20.15661 -7.371059
  vertex -17.243889 -16.94838 -7.371059
  vertex -17.243889 -16.94838 -10.37643
 endloop
endfacet
facet normal -0.99944115 0.033428766 -8.7195446e-08
 outer loop
  vertex -17.351196 -20.15661 -7.371059
  vertex -17.243889 -16.94838 -10.37643
  vertex -17.384552 -21.153875 -10.37643
 endloop
endfacet
facet normal -0.99944115 0.0334285 0
 outer loop
  vertex -17.384552 -21.153875 -10.37643
  vertex -17.384552 -21.153875 -5.418605
  vertex -17.351196 -20.15661 -5.418605
 endloop
endfacet
facet normal -0.99944115 0.0334285 0
 outer loop
  vertex -17.384552 -21.153875 -10.37643
  vertex -17.351196 -20.15661 -5.418605
  vertex -17.351196 -20.15661 -7.371059
 endloop
endfacet
facet normal 0 -0 1
 outer loop
  vertex -17.243889 -16.94838 -7.371059
  vertex -17.351196 -20.15661 -7.371059
  vertex -14.502461 -20.251894 -7.371059
 endloop
endfacet
facet normal 0 0 1
 outer loop
  vertex -17.243889 -16.94838 -7.371059
  vertex -14.502461 -20.251894 -7.371059
  vertex -14.395154 -17.043663 -7.371059
 endloop
endfacet
facet normal 0.99944115 -0.033428766 0
 outer loop
  vertex -14.535817 -21.249159 -10.37643
  vertex -14.395154 -17.043663 -10.37643
  vertex -14.395154 -17.043663 -7.371059
 endloop
endfacet
facet normal 0.9994411 -0.033428848 1.1429977e-07
 outer loop
  vertex -14.535817 -21.249159 -10.37643
  vertex -14.395154 -17.043663 -7.371059
  vertex -14.502461 -20.251894 -7.371059
 endloop
endfacet
facet normal 0.99944115 -0.0334285 0
 outer loop
  vertex -14.502461 -20.251894 -7.371059
  vertex -14.502461 -20.251894 -5.418605
  vertex -14.535817 -21.249159 -5.418605
 endloop
endfacet
facet normal 0.99944115 -0.0334285 0
 outer loop
  vertex -14.502461 -20.251894 -7.371059
  vertex -14.535817 -21.249159 -5.418605
  vertex -14.535817 -21.249159 -10.37643
 endloop
endfacet
facet normal 0.033428784 0.99944115 0
 outer loop
  vertex -24.509262 8.720982 -10.37643
  vertex -24.509262 8.720982 5.080347
  vertex -14.6225195 8.390295 5.080347
 endloop
endfacet
facet normal 0.033428784 0.99944115 -0
 outer loop
  vertex -24.509262 8.720982 -10.37643
  vertex -14.6225195 8.390295 5.080347
  vertex -14.6225195 8.390295 -10.37643
 endloop
endfacet
facet normal -0.033428926 -0.99944115 -0
 outer loop
  vertex -6.1453424 10.5537195 -10.37643
  vertex -5.1067185 10.51898 -10.37643
  vertex -5.1067185 10.51898 4.930848
 endloop
endfacet
facet normal -0.033428926 -0.99944115 0
 outer loop
  vertex -6.1453424 10.5537195 -10.37643
  vertex -5.1067185 10.51898 4.930848
  vertex -6.1453424 10.5537195 4.930848
 endloop
endfacet
facet normal 0.033428926 0.99944115 0
 outer loop
  vertex -5.300529 4.724527 -10.37643
  vertex -6.339153 4.7592664 -10.37643
  vertex -6.339153 4.7592664 4.930848
 endloop
endfacet
facet normal 0.033428926 0.99944115 0
 outer loop
  vertex -5.300529 4.724527 -10.37643
  vertex -6.339153 4.7592664 4.930848
  vertex -5.300529 4.724527 4.930848
 endloop
endfacet
facet normal 0 -0 -1
 outer loop
  vertex -5.300529 4.724527 4.930848
  vertex -6.339153 4.7592664 4.930848
  vertex -6.1453424 10.5537195 4.930848
 endloop
endfacet
facet normal -0 -0 -1
 outer loop
  vertex -5.300529 4.724527 4.930848
  vertex -6.1453424 10.5537195 4.930848
  vertex -5.1067185 10.51898 4.930848
 endloop
endfacet
facet normal 0.03342888 0.9994412 0
 outer loop
  vertex -14.758888 4.3132176 -10.37643
  vertex -14.758888 4.3132176 5.080347
  vertex -6.3634644 4.032411 -10.37643
 endloop
endfacet
facet normal 0.03342887 0.9994411 -0
 outer loop
  vertex -6.3634644 4.032411 8.35694
  vertex -6.3634644 4.032411 -10.37643
  vertex -7.991572 4.0868673 5.9053345
 endloop
endfacet
facet normal 0.033428874 0.9994411 0
 outer loop
  vertex -6.3634644 4.032411 8.35694
  vertex -7.991572 4.0868673 5.9053345
  vertex -7.991572 4.0868673 7.7447333
 endloop
endfacet
facet normal 0.03342888 0.9994411 -2.1289791e-08
 outer loop
  vertex -24.64563 4.643905 8.35694
  vertex -6.3634644 4.032411 8.35694
  vertex -7.991572 4.0868673 7.7447333
 endloop
endfacet
facet normal 0.033428855 0.99944115 -6.53733e-07
 outer loop
  vertex -24.64563 4.643905 8.35694
  vertex -7.991572 4.0868673 7.7447333
  vertex -13.350046 4.266095 7.7447333
 endloop
endfacet
facet normal 0.03342889 0.9994411 0
 outer loop
  vertex -24.64563 4.643905 8.35694
  vertex -13.350046 4.266095 7.7447333
  vertex -24.64563 4.643905 5.080347
 endloop
endfacet
facet normal 0.03342888 0.9994411 4.5228997e-08
 outer loop
  vertex -14.758888 4.3132176 5.080347
  vertex -24.64563 4.643905 5.080347
  vertex -13.350046 4.266095 7.7447333
 endloop
endfacet
facet normal 0.03342897 0.99944115 -0
 outer loop
  vertex -14.758888 4.3132176 5.080347
  vertex -13.350046 4.266095 7.7447333
  vertex -13.350046 4.266095 5.9053345
 endloop
endfacet
facet normal 0.03342895 0.9994411 3.943434e-08
 outer loop
  vertex -6.3634644 4.032411 -10.37643
  vertex -14.758888 4.3132176 5.080347
  vertex -13.350046 4.266095 5.9053345
 endloop
endfacet
facet normal 0.033428855 0.9994411 -1.3656037e-09
 outer loop
  vertex -6.3634644 4.032411 -10.37643
  vertex -13.350046 4.266095 5.9053345
  vertex -7.991572 4.0868673 5.9053345
 endloop
endfacet
facet normal 0.03342886 0.99944115 0
 outer loop
  vertex -13.309727 5.471542 5.9053345
  vertex -13.309727 5.471542 7.7447333
  vertex -7.951253 5.292314 7.7447333
 endloop
endfacet
facet normal 0.03342886 0.99944115 -0
 outer loop
  vertex -13.309727 5.471542 5.9053345
  vertex -7.951253 5.292314 7.7447333
  vertex -7.951253 5.292314 5.9053345
 endloop
endfacet
facet normal -0.9994411 0.033429023 0
 outer loop
  vertex -13.350046 4.266095 5.9053345
  vertex -13.350046 4.266095 7.7447333
  vertex -13.309727 5.471542 7.7447333
 endloop
endfacet
facet normal -0.9994411 0.033429023 0
 outer loop
  vertex -13.350046 4.266095 5.9053345
  vertex -13.309727 5.471542 7.7447333
  vertex -13.309727 5.471542 5.9053345
 endloop
endfacet
facet normal -0 0 1
 outer loop
  vertex -7.951253 5.292314 7.7447333
  vertex -13.309727 5.471542 7.7447333
  vertex -13.350046 4.266095 7.7447333
 endloop
endfacet
facet normal 0 -0 1
 outer loop
  vertex -7.951253 5.292314 7.7447333
  vertex -13.350046 4.266095 7.7447333
  vertex -7.991572 4.0868673 7.7447333
 endloop
endfacet
facet normal -0 0 -1
 outer loop
  vertex -13.350046 4.266095 5.9053345
  vertex -13.309727 5.471542 5.9053345
  vertex -7.951253 5.292314 5.9053345
 endloop
endfacet
facet normal -0 0 -1
 outer loop
  vertex -13.350046 4.266095 5.9053345
  vertex -7.951253 5.292314 5.9053345
  vertex -7.991572 4.0868673 5.9053345
 endloop
endfacet
facet normal 0.9994411 -0.033428628 0
 outer loop
  vertex -7.991572 4.0868673 5.9053345
  vertex -7.951253 5.292314 5.9053345
  vertex -7.951253 5.292314 7.7447333
 endloop
endfacet
facet normal 0.9994411 -0.033428628 0
 outer loop
  vertex -7.991572 4.0868673 5.9053345
  vertex -7.951253 5.292314 7.7447333
  vertex -7.991572 4.0868673 7.7447333
 endloop
endfacet
facet normal 0 -0 1
 outer loop
  vertex -24.509262 8.720982 5.080347
  vertex -24.64563 4.643905 5.080347
  vertex -14.758888 4.3132176 5.080347
 endloop
endfacet
facet normal 0 0 1
 outer loop
  vertex -24.509262 8.720982 5.080347
  vertex -14.758888 4.3132176 5.080347
  vertex -14.6225195 8.390295 5.080347
 endloop
endfacet
facet normal 0.9994411 -0.03342898 0
 outer loop
  vertex -14.6225195 8.390295 -10.37643
  vertex -14.6225195 8.390295 5.080347
  vertex -14.758888 4.3132176 5.080347
 endloop
endfacet
facet normal 0.9994411 -0.03342898 0
 outer loop
  vertex -14.6225195 8.390295 -10.37643
  vertex -14.758888 4.3132176 5.080347
  vertex -14.758888 4.3132176 -10.37643
 endloop
endfacet
facet normal 0.99944115 -0.03342853 0
 outer loop
  vertex -21.65502 12.59224 -7.012609
  vertex -21.749678 9.762173 -7.012609
  vertex -21.749678 9.762173 -10.37643
 endloop
endfacet
facet normal 0.99944115 -0.03342853 0
 outer loop
  vertex -21.65502 12.59224 -7.012609
  vertex -21.749678 9.762173 -10.37643
  vertex -21.65502 12.59224 -10.37643
 endloop
endfacet
facet normal -0 0 1
 outer loop
  vertex -21.65502 12.59224 -7.012609
  vertex -24.376734 12.683275 -7.012609
  vertex -24.471392 9.853208 -7.012609
 endloop
endfacet
facet normal 0 -0 1
 outer loop
  vertex -21.65502 12.59224 -7.012609
  vertex -24.471392 9.853208 -7.012609
  vertex -21.749678 9.762173 -7.012609
 endloop
endfacet
facet normal -0.033428937 -0.999441 -0
 outer loop
  vertex -21.749678 9.762173 -10.37643
  vertex -21.749678 9.762173 -7.012609
  vertex -24.471392 9.853208 -7.012609
 endloop
endfacet
facet normal -0.033428937 -0.999441 0
 outer loop
  vertex -21.749678 9.762173 -10.37643
  vertex -24.471392 9.853208 -7.012609
  vertex -24.471392 9.853208 -10.37643
 endloop
endfacet
facet normal 0.033428937 0.999441 -0
 outer loop
  vertex -24.376734 12.683275 -7.012609
  vertex -21.65502 12.59224 -7.012609
  vertex -21.65502 12.59224 -10.37643
 endloop
endfacet
facet normal 0.033428937 0.999441 0
 outer loop
  vertex -24.376734 12.683275 -7.012609
  vertex -21.65502 12.59224 -10.37643
  vertex -24.376734 12.683275 -10.37643
 endloop
endfacet
facet normal 0.99944115 -0.03342889 0
 outer loop
  vertex -23.558002 13.001084 -3.9185998
  vertex -23.558002 13.001084 -6.916753
  vertex -23.190563 23.98661 -6.916753
 endloop
endfacet
facet normal 0.99944115 -0.03342889 0
 outer loop
  vertex -23.558002 13.001084 -3.9185998
  vertex -23.190563 23.98661 -6.916753
  vertex -23.190563 23.98661 -3.9185998
 endloop
endfacet
facet normal 0.999441 -0.03342888 0
 outer loop
  vertex -9.898406 23.54202 -6.916753
  vertex -10.265845 12.556494 -6.916753
  vertex -10.265845 12.556494 -10.37643
 endloop
endfacet
facet normal 0.999441 -0.03342888 0
 outer loop
  vertex -9.898406 23.54202 -6.916753
  vertex -10.265845 12.556494 -10.37643
  vertex -9.898406 23.54202 -10.37643
 endloop
endfacet
facet normal 0.03342882 0.99944115 -0
 outer loop
  vertex -23.190563 23.98661 -6.916753
  vertex -9.898406 23.54202 -6.916753
  vertex -9.898406 23.54202 -10.37643
 endloop
endfacet
facet normal 0.033428807 0.99944115 -6.838969e-08
 outer loop
  vertex -23.190563 23.98661 -6.916753
  vertex -9.898406 23.54202 -10.37643
  vertex -23.99776 24.013609 -10.37643
 endloop
endfacet
facet normal 0.033428535 0.99944115 0
 outer loop
  vertex -23.99776 24.013609 -10.37643
  vertex -23.99776 24.013609 -3.9185998
  vertex -23.190563 23.98661 -3.9185998
 endloop
endfacet
facet normal 0.03342853 0.99944115 -0
 outer loop
  vertex -23.99776 24.013609 -10.37643
  vertex -23.190563 23.98661 -3.9185998
  vertex -23.190563 23.98661 -6.916753
 endloop
endfacet
facet normal 0 0 1
 outer loop
  vertex -10.265845 12.556494 -6.916753
  vertex -9.898406 23.54202 -6.916753
  vertex -23.190563 23.98661 -6.916753
 endloop
endfacet
facet normal -0 0 1
 outer loop
  vertex -10.265845 12.556494 -6.916753
  vertex -23.190563 23.98661 -6.916753
  vertex -23.558002 13.001084 -6.916753
 endloop
endfacet
facet normal 0 0 1
 outer loop
  vertex -23.558002 13.001084 -3.9185998
  vertex -23.190563 23.98661 -3.9185998
  vertex -23.99776 24.013609 -3.9185998
 endloop
endfacet
facet normal -0 0 1
 outer loop
  vertex -23.558002 13.001084 -3.9185998
  vertex -23.99776 24.013609 -3.9185998
  vertex -24.3652 13.028083 -3.9185998
 endloop
endfacet
facet normal -0.03342853 -0.99944115 -0
 outer loop
  vertex -23.558002 13.001084 -6.916753
  vertex -23.558002 13.001084 -3.9185998
  vertex -24.3652 13.028083 -3.9185998
 endloop
endfacet
facet normal -0.033428535 -0.99944115 0
 outer loop
  vertex -23.558002 13.001084 -6.916753
  vertex -24.3652 13.028083 -3.9185998
  vertex -24.3652 13.028083 -10.37643
 endloop
endfacet
facet normal -0.033428874 -0.99944115 7.938088e-08
 outer loop
  vertex -23.558002 13.001084 -6.916753
  vertex -24.3652 13.028083 -10.37643
  vertex -10.265845 12.556494 -10.37643
 endloop
endfacet
facet normal -0.033428892 -0.99944115 -0
 outer loop
  vertex -23.558002 13.001084 -6.916753
  vertex -10.265845 12.556494 -10.37643
  vertex -10.265845 12.556494 -6.916753
 endloop
endfacet
facet normal -0.033428814 -0.99944115 0
 outer loop
  vertex -23.989944 24.247318 -4.927028
  vertex -23.989944 24.247318 -10.37643
  vertex -20.59484 24.13376 -10.37643
 endloop
endfacet
facet normal -0.033428814 -0.99944115 -0
 outer loop
  vertex -23.989944 24.247318 -4.927028
  vertex -20.59484 24.13376 -10.37643
  vertex -20.59484 24.13376 -4.927028
 endloop
endfacet
facet normal 0 -0 1
 outer loop
  vertex -23.761755 31.069614 -4.927028
  vertex -23.989944 24.247318 -4.927028
  vertex -20.59484 24.13376 -4.927028
 endloop
endfacet
facet normal 0 0 1
 outer loop
  vertex -23.761755 31.069614 -4.927028
  vertex -20.59484 24.13376 -4.927028
  vertex -20.36665 30.956057 -4.927028
 endloop
endfacet
facet normal 0.9994411 -0.03342904 0
 outer loop
  vertex -20.435184 28.907043 -7.0326495
  vertex -20.435184 28.907043 -10.37643
  vertex -20.36665 30.956057 -10.37643
 endloop
endfacet
facet normal 0.99944115 -0.03342904 0
 outer loop
  vertex -20.435184 28.907043 -7.0326495
  vertex -20.36665 30.956057 -10.37643
  vertex -20.36665 30.956057 -4.927028
 endloop
endfacet
facet normal 0.9994411 -0.03342891 -1.2855476e-07
 outer loop
  vertex -20.435184 28.907043 -7.0326495
  vertex -20.36665 30.956057 -4.927028
  vertex -20.59484 24.13376 -4.927028
 endloop
endfacet
facet normal 0.99944115 -0.03342871 3.2127392e-07
 outer loop
  vertex -20.435184 28.907043 -7.0326495
  vertex -20.59484 24.13376 -4.927028
  vertex -20.54711 25.560741 -7.0326495
 endloop
endfacet
facet normal 0.9994411 -0.033429187 0
 outer loop
  vertex -20.54711 25.560741 -7.0326495
  vertex -20.59484 24.13376 -4.927028
  vertex -20.59484 24.13376 -10.37643
 endloop
endfacet
facet normal 0.9994411 -0.033429187 0
 outer loop
  vertex -20.54711 25.560741 -7.0326495
  vertex -20.59484 24.13376 -10.37643
  vertex -20.54711 25.560741 -10.37643
 endloop
endfacet
facet normal -0 0 1
 outer loop
  vertex -18.466951 28.841211 -7.0326495
  vertex -20.435184 28.907043 -7.0326495
  vertex -20.54711 25.560741 -7.0326495
 endloop
endfacet
facet normal 0 -0 1
 outer loop
  vertex -18.466951 28.841211 -7.0326495
  vertex -20.54711 25.560741 -7.0326495
  vertex -18.578876 25.49491 -7.0326495
 endloop
endfacet
facet normal -0 0 1
 outer loop
  vertex -17.862963 28.821009 -4.413996
  vertex -18.466951 28.841211 -4.413996
  vertex -18.578876 25.49491 -4.413996
 endloop
endfacet
facet normal 0 -0 1
 outer loop
  vertex -17.862963 28.821009 -4.413996
  vertex -18.578876 25.49491 -4.413996
  vertex -17.974888 25.474707 -4.413996
 endloop
endfacet
facet normal 0.033430006 0.999441 -0
 outer loop
  vertex -18.466951 28.841211 -4.413996
  vertex -17.862963 28.821009 -4.413996
  vertex -17.862963 28.821009 -10.37643
 endloop
endfacet
facet normal 0.033430006 0.9994411 0
 outer loop
  vertex -18.466951 28.841211 -4.413996
  vertex -17.862963 28.821009 -10.37643
  vertex -18.466951 28.841211 -7.0326495
 endloop
endfacet
facet normal 0.03342896 0.99944115 -1.9003595e-07
 outer loop
  vertex -18.466951 28.841211 -7.0326495
  vertex -17.862963 28.821009 -10.37643
  vertex -20.435184 28.907043 -10.37643
 endloop
endfacet
facet normal 0.033428635 0.99944115 0
 outer loop
  vertex -18.466951 28.841211 -7.0326495
  vertex -20.435184 28.907043 -10.37643
  vertex -20.435184 28.907043 -7.0326495
 endloop
endfacet
facet normal -0.99944115 0.033428714 0
 outer loop
  vertex -18.466951 28.841211 -4.413996
  vertex -18.466951 28.841211 -7.0326495
  vertex -18.578876 25.49491 -7.0326495
 endloop
endfacet
facet normal -0.99944115 0.033428714 0
 outer loop
  vertex -18.466951 28.841211 -4.413996
  vertex -18.578876 25.49491 -7.0326495
  vertex -18.578876 25.49491 -4.413996
 endloop
endfacet
facet normal -0.033430006 -0.999441 -0
 outer loop
  vertex -17.974888 25.474707 -10.37643
  vertex -17.974888 25.474707 -4.413996
  vertex -18.578876 25.49491 -4.413996
 endloop
endfacet
facet normal -0.033430006 -0.9994411 0
 outer loop
  vertex -17.974888 25.474707 -10.37643
  vertex -18.578876 25.49491 -4.413996
  vertex -18.578876 25.49491 -7.0326495
 endloop
endfacet
facet normal -0.03342896 -0.99944115 1.9003595e-07
 outer loop
  vertex -20.54711 25.560741 -10.37643
  vertex -17.974888 25.474707 -10.37643
  vertex -18.578876 25.49491 -7.0326495
 endloop
endfacet
facet normal -0.033428635 -0.99944115 0
 outer loop
  vertex -20.54711 25.560741 -10.37643
  vertex -18.578876 25.49491 -7.0326495
  vertex -20.54711 25.560741 -7.0326495
 endloop
endfacet
facet normal 0.9994411 -0.033428714 0
 outer loop
  vertex -17.862963 28.821009 -10.37643
  vertex -17.862963 28.821009 -4.413996
  vertex -17.974888 25.474707 -4.413996
 endloop
endfacet
facet normal 0.9994411 -0.033428714 0
 outer loop
  vertex -17.862963 28.821009 -10.37643
  vertex -17.974888 25.474707 -4.413996
  vertex -17.974888 25.474707 -10.37643
 endloop
endfacet
facet normal -0.03342892 -0.9994411 0
 outer loop
  vertex -19.375381 31.989237 2.6593268
  vertex -19.375381 31.989237 -3.9665685
  vertex -10.069992 31.677994 -3.9665685
 endloop
endfacet
facet normal -0.03342892 -0.9994411 -0
 outer loop
  vertex -19.375381 31.989237 2.6593268
  vertex -10.069992 31.677994 -3.9665685
  vertex -10.069992 31.677994 2.6593268
 endloop
endfacet
facet normal -0.033428557 -0.9994411 -0
 outer loop
  vertex -10.1056185 30.61285 -3.9665685
  vertex -5.47959 30.458122 -10.37643
  vertex -5.47959 30.458122 8.35694
 endloop
endfacet
facet normal -0.033428557 -0.9994411 0
 outer loop
  vertex -10.1056185 30.61285 -3.9665685
  vertex -5.47959 30.458122 8.35694
  vertex -10.1056185 30.61285 2.6593268
 endloop
endfacet
facet normal -0.033428773 -0.9994411 1.7614381e-07
 outer loop
  vertex -10.1056185 30.61285 2.6593268
  vertex -5.47959 30.458122 8.35694
  vertex -23.761755 31.069614 8.35694
 endloop
endfacet
facet normal -0.03342892 -0.9994411 -1.5730328e-07
 outer loop
  vertex -10.1056185 30.61285 2.6593268
  vertex -23.761755 31.069614 8.35694
  vertex -19.411009 30.924093 2.6593268
 endloop
endfacet
facet normal -0.03342877 -0.99944115 -1.510759e-07
 outer loop
  vertex -5.47959 30.458122 -10.37643
  vertex -10.1056185 30.61285 -3.9665685
  vertex -20.36665 30.956057 -10.37643
 endloop
endfacet
facet normal -0.033428915 -0.9994411 8.7889454e-08
 outer loop
  vertex -20.36665 30.956057 -10.37643
  vertex -10.1056185 30.61285 -3.9665685
  vertex -19.411009 30.924093 -3.9665685
 endloop
endfacet
facet normal -0.03342834 -0.99944115 0
 outer loop
  vertex -20.36665 30.956057 -10.37643
  vertex -19.411009 30.924093 -3.9665685
  vertex -20.36665 30.956057 -4.927028
 endloop
endfacet
facet normal -0.03342871 -0.99944115 0
 outer loop
  vertex -23.761755 31.069614 8.35694
  vertex -23.761755 31.069614 -4.927028
  vertex -19.411009 30.924093 2.6593268
 endloop
endfacet
facet normal -0.033428814 -0.9994411 6.013457e-08
 outer loop
  vertex -19.411009 30.924093 2.6593268
  vertex -23.761755 31.069614 -4.927028
  vertex -20.36665 30.956057 -4.927028
 endloop
endfacet
facet normal -0.033428337 -0.9994411 0
 outer loop
  vertex -19.411009 30.924093 2.6593268
  vertex -20.36665 30.956057 -4.927028
  vertex -19.411009 30.924093 -3.9665685
 endloop
endfacet
facet normal 0 -0 1
 outer loop
  vertex -19.375381 31.989237 -3.9665685
  vertex -19.411009 30.924093 -3.9665685
  vertex -10.1056185 30.61285 -3.9665685
 endloop
endfacet
facet normal 0 0 1
 outer loop
  vertex -19.375381 31.989237 -3.9665685
  vertex -10.1056185 30.61285 -3.9665685
  vertex -10.069992 31.677994 -3.9665685
 endloop
endfacet
facet normal -0.99944115 0.03342883 0
 outer loop
  vertex -10.069992 31.677994 2.6593268
  vertex -10.069992 31.677994 -3.9665685
  vertex -10.1056185 30.61285 -3.9665685
 endloop
endfacet
facet normal -0.99944115 0.03342883 0
 outer loop
  vertex -10.069992 31.677994 2.6593268
  vertex -10.1056185 30.61285 -3.9665685
  vertex -10.1056185 30.61285 2.6593268
 endloop
endfacet
facet normal 0 0 -1
 outer loop
  vertex -10.069992 31.677994 2.6593268
  vertex -10.1056185 30.61285 2.6593268
  vertex -19.411009 30.924093 2.6593268
 endloop
endfacet
facet normal 0 -0 -1
 outer loop
  vertex -10.069992 31.677994 2.6593268
  vertex -19.411009 30.924093 2.6593268
  vertex -19.375381 31.989237 2.6593268
 endloop
endfacet
facet normal 0.9994411 -0.03342972 0
 outer loop
  vertex -19.411009 30.924093 -3.9665685
  vertex -19.375381 31.989237 -3.9665685
  vertex -19.375381 31.989237 2.6593268
 endloop
endfacet
facet normal 0.9994411 -0.03342972 0
 outer loop
  vertex -19.411009 30.924093 -3.9665685
  vertex -19.375381 31.989237 2.6593268
  vertex -19.411009 30.924093 2.6593268
 endloop
endfacet
facet normal -0.999441 0.033428874 0
 outer loop
  vertex -6.6949425 13.991975 -4.246204
  vertex -6.6949425 13.991975 1.0389432
  vertex -6.392816 23.02481 1.0389432
 endloop
endfacet
facet normal -0.999441 0.033428874 0
 outer loop
  vertex -6.6949425 13.991975 -4.246204
  vertex -6.392816 23.02481 1.0389432
  vertex -6.392816 23.02481 -4.246204
 endloop
endfacet
facet normal 0 0 1
 outer loop
  vertex -6.6949425 13.991975 1.0389432
  vertex -6.0310845 13.969771 1.0389432
  vertex -5.7289586 23.002607 1.0389432
 endloop
endfacet
facet normal 0 0 1
 outer loop
  vertex -6.6949425 13.991975 1.0389432
  vertex -5.7289586 23.002607 1.0389432
  vertex -6.392816 23.02481 1.0389432
 endloop
endfacet
facet normal 0.03342741 0.99944115 0
 outer loop
  vertex -6.392816 23.02481 -4.246204
  vertex -6.392816 23.02481 1.0389432
  vertex -5.7289586 23.002607 1.0389432
 endloop
endfacet
facet normal 0.03342741 0.99944115 -0
 outer loop
  vertex -6.392816 23.02481 -4.246204
  vertex -5.7289586 23.002607 1.0389432
  vertex -5.7289586 23.002607 -4.246204
 endloop
endfacet
facet normal 0 0 -1
 outer loop
  vertex -6.392816 23.02481 -4.246204
  vertex -5.7289586 23.002607 -4.246204
  vertex -6.0310845 13.96977 -4.246204
 endloop
endfacet
facet normal 0 0 -1
 outer loop
  vertex -6.392816 23.02481 -4.246204
  vertex -6.0310845 13.96977 -4.246204
  vertex -6.6949425 13.991975 -4.246204
 endloop
endfacet
facet normal -0.033427387 -0.99944115 0
 outer loop
  vertex -6.0310845 13.969771 1.0389432
  vertex -6.6949425 13.991975 1.0389432
  vertex -6.6949425 13.991975 -4.246204
 endloop
endfacet
facet normal -0.03342882 -0.99944115 1.8039896e-07
 outer loop
  vertex -6.0310845 13.969771 1.0389432
  vertex -6.6949425 13.991975 -4.246204
  vertex -6.0310845 13.96977 -4.246204
 endloop
endfacet
facet normal 0.99944115 -0.033428717 0
 outer loop
  vertex -5.1067185 10.51898 4.930848
  vertex -5.1067185 10.51898 -10.37643
  vertex -5.035553 12.646666 -4.0349903
 endloop
endfacet
facet normal 0.99944115 -0.033428714 0
 outer loop
  vertex -5.1067185 10.51898 4.930848
  vertex -5.035553 12.646666 -4.0349903
  vertex -5.035553 12.646666 0.87709075
 endloop
endfacet
facet normal 0.9994411 -0.033428848 4.5682164e-08
 outer loop
  vertex -5.035553 12.646666 -4.0349903
  vertex -5.1067185 10.51898 -10.37643
  vertex -4.6458874 24.29671 -10.37643
 endloop
endfacet
facet normal 0.99944115 -0.033428904 -6.212814e-08
 outer loop
  vertex -5.035553 12.646666 -4.0349903
  vertex -4.6458874 24.29671 -10.37643
  vertex -4.7523394 21.114048 -4.0349903
 endloop
endfacet
facet normal 0.9994411 -0.03342878 0
 outer loop
  vertex -4.7523394 21.114048 -4.0349903
  vertex -4.6458874 24.29671 -10.37643
  vertex -4.6458874 24.29671 10.418196
 endloop
endfacet
facet normal 0.9994411 -0.03342879 0
 outer loop
  vertex -4.7523394 21.114048 -4.0349903
  vertex -4.6458874 24.29671 10.418196
  vertex -4.7523394 21.114048 0.87709075
 endloop
endfacet
facet normal 0.9994411 -0.03342884 0
 outer loop
  vertex -4.713483 22.275768 10.418196
  vertex -4.713483 22.275768 8.60792
  vertex -4.6458874 24.29671 10.418196
 endloop
endfacet
facet normal 0.9994411 -0.033428863 2.533448e-08
 outer loop
  vertex -4.6458874 24.29671 10.418196
  vertex -4.713483 22.275768 8.60792
  vertex -4.7523394 21.114048 0.87709075
 endloop
endfacet
facet normal 0.99944115 -0.033428863 4.939161e-07
 outer loop
  vertex -5.0809646 11.288962 8.458903
  vertex -4.713483 22.275768 8.60792
  vertex -5.363202 2.8507545 8.60792
 endloop
endfacet
facet normal 0.9994411 -0.03342886 6.5413525e-07
 outer loop
  vertex -5.0809646 11.288962 8.458903
  vertex -5.363202 2.8507545 8.60792
  vertex -5.341586 3.4970164 8.458903
 endloop
endfacet
facet normal 0.9994411 -0.033429015 0
 outer loop
  vertex -5.363202 2.8507545 8.60792
  vertex -5.363202 2.8507545 -5.0352035
  vertex -5.341586 3.4970164 8.458903
 endloop
endfacet
facet normal 0.9994411 -0.033429015 0
 outer loop
  vertex -5.341586 3.4970164 5.8257055
  vertex -5.341586 3.4970164 8.458903
  vertex -5.363202 2.8507545 -5.0352035
 endloop
endfacet
facet normal 0.9994411 -0.03342878 -1.4186005e-08
 outer loop
  vertex -5.341586 3.4970164 5.8257055
  vertex -5.363202 2.8507545 -5.0352035
  vertex -5.300529 4.724527 4.930848
 endloop
endfacet
facet normal 0.9994411 -0.03342885 2.4597666e-08
 outer loop
  vertex -4.7523394 21.114048 0.87709075
  vertex -4.713483 22.275768 8.60792
  vertex -5.0809646 11.288962 8.458903
 endloop
endfacet
facet normal 0.99944115 -0.033428904 -4.3148738e-08
 outer loop
  vertex -4.7523394 21.114048 0.87709075
  vertex -5.0809646 11.288962 8.458903
  vertex -5.035553 12.646666 0.87709075
 endloop
endfacet
facet normal 0.99944115 -0.033428665 0
 outer loop
  vertex -5.035553 12.646666 0.87709075
  vertex -5.0809646 11.288962 8.458903
  vertex -5.0809646 11.288962 5.8257055
 endloop
endfacet
facet normal 0.99944115 -0.033428766 -2.6672158e-08
 outer loop
  vertex -5.035553 12.646666 0.87709075
  vertex -5.0809646 11.288962 5.8257055
  vertex -5.1067185 10.51898 4.930848
 endloop
endfacet
facet normal 0.9994411 -0.03342889 8.32931e-08
 outer loop
  vertex -5.300529 4.724527 4.930848
  vertex -5.1067185 10.51898 4.930848
  vertex -5.0809646 11.288962 5.8257055
 endloop
endfacet
facet normal 0.9994411 -0.033428863 -1.3669654e-07
 outer loop
  vertex -5.300529 4.724527 4.930848
  vertex -5.0809646 11.288962 5.8257055
  vertex -5.341586 3.4970164 5.8257055
 endloop
endfacet
facet normal 0.99944115 -0.033428855 0
 outer loop
  vertex -5.300529 4.724527 4.930848
  vertex -5.363202 2.8507545 -5.0352035
  vertex -5.300529 4.724527 -10.37643
 endloop
endfacet
facet normal 0.99944115 -0.033428885 -9.216746e-09
 outer loop
  vertex -5.482665 -0.7208919 -10.37643
  vertex -5.300529 4.724527 -10.37643
  vertex -5.363202 2.8507545 -5.0352035
 endloop
endfacet
facet normal 0.9994411 -0.033428896 0
 outer loop
  vertex -5.482665 -0.7208919 -10.37643
  vertex -5.363202 2.8507545 -5.0352035
  vertex -5.482665 -0.7208919 -5.0352035
 endloop
endfacet
facet normal 0.033428866 0.9994411 -0
 outer loop
  vertex -4.713483 22.275768 10.418196
  vertex 14.740668 21.625074 10.418196
  vertex 14.740668 21.625074 8.60792
 endloop
endfacet
facet normal 0.033428866 0.9994411 0
 outer loop
  vertex -4.713483 22.275768 10.418196
  vertex 14.740668 21.625074 8.60792
  vertex -4.713483 22.275768 8.60792
 endloop
endfacet
facet normal -0 0 -1
 outer loop
  vertex -4.713483 22.275768 10.418196
  vertex -4.6458874 24.29671 10.418196
  vertex 14.808264 23.646015 10.418196
 endloop
endfacet
facet normal -0 0 -1
 outer loop
  vertex -4.713483 22.275768 10.418196
  vertex 14.808264 23.646015 10.418196
  vertex 14.740668 21.625074 10.418196
 endloop
endfacet
facet normal -0 0 -1
 outer loop
  vertex -5.363202 2.8507545 8.60792
  vertex -4.713483 22.275768 8.60792
  vertex 14.740668 21.625074 8.60792
 endloop
endfacet
facet normal -0 0 -1
 outer loop
  vertex -5.363202 2.8507545 8.60792
  vertex 14.740668 21.625074 8.60792
  vertex 13.71975 -8.897849 8.60792
 endloop
endfacet
facet normal 0 0 -1
 outer loop
  vertex 13.71975 -8.897849 8.60792
  vertex 11.253766 -8.815368 8.60792
  vertex -5.363202 2.8507545 8.60792
 endloop
endfacet
facet normal 0 -0 -1
 outer loop
  vertex 10.866495 -20.393831 8.60792
  vertex 2.7247012 -20.121508 8.60792
  vertex 11.253766 -8.815368 8.60792
 endloop
endfacet
facet normal 0 0 -1
 outer loop
  vertex 2.7247012 -20.121508 8.60792
  vertex 2.6525915 -22.277412 8.60792
  vertex -7.4599433 -21.939173 8.60792
 endloop
endfacet
facet normal 0 -0 -1
 outer loop
  vertex 2.7247012 -20.121508 8.60792
  vertex -7.4599433 -21.939173 8.60792
  vertex -7.094152 -11.002865 8.60792
 endloop
endfacet
facet normal 0 0 -1
 outer loop
  vertex 11.253766 -8.815368 8.60792
  vertex 2.7247012 -20.121508 8.60792
  vertex -7.094152 -11.002865 8.60792
 endloop
endfacet
facet normal 0 -0 -1
 outer loop
  vertex 11.253766 -8.815368 8.60792
  vertex -7.094152 -11.002865 8.60792
  vertex -5.363202 2.8507545 8.60792
 endloop
endfacet
facet normal 0 0 -1
 outer loop
  vertex -24.606321 3.49439 8.60792
  vertex -5.363202 2.8507545 8.60792
  vertex -7.094152 -11.002865 8.60792
 endloop
endfacet
facet normal 0 0 -1
 outer loop
  vertex -24.606321 3.49439 8.60792
  vertex -7.094152 -11.002865 8.60792
  vertex -25.071108 -10.401579 8.60792
 endloop
endfacet
facet normal -0.9994412 0.033428095 0
 outer loop
  vertex 12.474197 26.639736 4.4708934
  vertex 12.474197 26.639736 -10.37643
  vertex 12.376787 23.727343 -10.37643
 endloop
endfacet
facet normal -0.9994411 0.033428747 -1.2839236e-07
 outer loop
  vertex 12.474197 26.639736 4.4708934
  vertex 12.376787 23.727343 -10.37643
  vertex 12.376785 23.727343 4.4708934
 endloop
endfacet
facet normal 0.9994411 -0.03342887 0
 outer loop
  vertex 1.336128 24.096626 -10.37643
  vertex 1.4335405 27.00902 -10.37643
  vertex 1.4335405 27.00902 4.4708934
 endloop
endfacet
facet normal 0.9994411 -0.03342887 0
 outer loop
  vertex 1.336128 24.096626 -10.37643
  vertex 1.4335405 27.00902 4.4708934
  vertex 1.336128 24.096626 4.4708934
 endloop
endfacet
facet normal 0 -0 -1
 outer loop
  vertex 12.376785 23.727343 4.4708934
  vertex 1.336128 24.096626 4.4708934
  vertex 1.4335405 27.00902 4.4708934
 endloop
endfacet
facet normal -0 -0 -1
 outer loop
  vertex 12.376785 23.727343 4.4708934
  vertex 1.4335405 27.00902 4.4708934
  vertex 12.474197 26.639736 4.4708934
 endloop
endfacet
facet normal -0.9994411 0.03342887 -1.0807579e-06
 outer loop
  vertex 15.105431 32.53121 9.9077215
  vertex 15.105453 32.53121 -10.376425
  vertex 14.905677 26.558409 -10.376425
 endloop
endfacet
facet normal -0.9994411 0.033428866 -1.0807579e-06
 outer loop
  vertex 15.105431 32.53121 9.9077215
  vertex 14.905677 26.558409 -10.376425
  vertex 14.905655 26.558409 9.9077215
 endloop
endfacet
facet normal 0.03342902 0.999441 3.614888e-08
 outer loop
  vertex 14.905655 26.558409 9.9077215
  vertex 14.905677 26.558409 -10.376425
  vertex 12.474197 26.639736 -10.37643
 endloop
endfacet
facet normal 0.033429325 0.9994411 0
 outer loop
  vertex 14.905655 26.558409 9.9077215
  vertex 12.474197 26.639736 -10.37643
  vertex 12.474197 26.639736 4.4708934
 endloop
endfacet
facet normal 0.03342888 0.9994411 1.9792839e-07
 outer loop
  vertex -3.4733367 27.173141 9.9077215
  vertex 14.905655 26.558409 9.9077215
  vertex 12.474197 26.639736 4.4708934
 endloop
endfacet
facet normal 0.033428922 0.9994411 3.1757534e-07
 outer loop
  vertex -3.4733367 27.173141 9.9077215
  vertex 12.474197 26.639736 4.4708934
  vertex 1.4335405 27.00902 4.4708934
 endloop
endfacet
facet normal 0.033428583 0.99944115 9.430017e-09
 outer loop
  vertex -3.473331 27.173141 -10.376432
  vertex -3.4733367 27.173141 9.9077215
  vertex 1.4335405 27.00902 4.4708934
 endloop
endfacet
facet normal 0.033428613 0.9994411 -0
 outer loop
  vertex -3.473331 27.173141 -10.376432
  vertex 1.4335405 27.00902 4.4708934
  vertex 1.4335405 27.00902 -10.37643
 endloop
endfacet
facet normal 0 0 -1
 outer loop
  vertex -3.273561 33.145947 9.9077215
  vertex 15.105431 32.53121 9.9077215
  vertex 14.905655 26.558409 9.9077215
 endloop
endfacet
facet normal 0 0 -1
 outer loop
  vertex -3.273561 33.145947 9.9077215
  vertex 14.905655 26.558409 9.9077215
  vertex -3.4733367 27.173141 9.9077215
 endloop
endfacet
facet normal -4.146507e-07 1.3869055e-08 1
 outer loop
  vertex 14.905677 26.558409 -10.376425
  vertex 15.105453 32.53121 -10.376425
  vertex -3.2735553 33.145947 -10.376432
 endloop
endfacet
facet normal -2.117847e-06 -4.6863393e-06 1
 outer loop
  vertex 14.905677 26.558409 -10.376425
  vertex -3.2735553 33.145947 -10.376432
  vertex 12.474197 26.639736 -10.37643
 endloop
endfacet
facet normal -5.8241307e-07 1.948029e-08 1
 outer loop
  vertex -3.2735553 33.145947 -10.376432
  vertex -3.473331 27.173141 -10.376432
  vertex 1.4335405 27.00902 -10.37643
 endloop
endfacet
facet normal 1.6003785e-08 4.784731e-07 1
 outer loop
  vertex -3.2735553 33.145947 -10.376432
  vertex 1.4335405 27.00902 -10.37643
  vertex 12.474197 26.639736 -10.37643
 endloop
endfacet
facet normal 0 0 -1
 outer loop
  vertex 1.4335405 27.00902 -10.37643
  vertex 12.474197 26.639736 -10.37643
  vertex 12.376787 23.727343 -10.37643
 endloop
endfacet
facet normal 0 0 -1
 outer loop
  vertex 1.4335405 27.00902 -10.37643
  vertex 12.376787 23.727343 -10.37643
  vertex 1.336128 24.096626 -10.37643
 endloop
endfacet
facet normal -0.03342896 -0.99944115 -9.4301225e-09
 outer loop
  vertex -3.273561 33.145947 9.9077215
  vertex -3.2735553 33.145947 -10.376432
  vertex 15.105453 32.53121 -10.376425
 endloop
endfacet
facet normal -0.03342899 -0.99944115 -3.6148847e-08
 outer loop
  vertex -3.273561 33.145947 9.9077215
  vertex 15.105453 32.53121 -10.376425
  vertex 15.105431 32.53121 9.9077215
 endloop
endfacet
facet normal 0.9994411 -0.03342886 2.8193674e-07
 outer loop
  vertex -3.473331 27.173141 -10.376432
  vertex -3.2735553 33.145947 -10.376432
  vertex -3.273561 33.145947 9.9077215
 endloop
endfacet
facet normal 0.9994411 -0.03342886 2.8223704e-07
 outer loop
  vertex -3.473331 27.173141 -10.376432
  vertex -3.273561 33.145947 9.9077215
  vertex -3.4733367 27.173141 9.9077215
 endloop
endfacet
facet normal 0 -0 -1
 outer loop
  vertex -6.3634644 4.032411 8.35694
  vertex -24.64563 4.643905 8.35694
  vertex -23.761755 31.069614 8.35694
 endloop
endfacet
facet normal -0 -0 -1
 outer loop
  vertex -6.3634644 4.032411 8.35694
  vertex -23.761755 31.069614 8.35694
  vertex -5.47959 30.458122 8.35694
 endloop
endfacet
facet normal -0.023930002 0.014059123 -0.9996148
 outer loop
  vertex -8.261843 -12.34739 5.651001
  vertex -8.566263 -21.448826 5.530281
  vertex -18.44765 -21.222862 5.770012
 endloop
endfacet
facet normal -0.05377787 0.048343543 -0.997382
 outer loop
  vertex -8.261843 -12.34739 5.651001
  vertex -18.44765 -21.222862 5.770012
  vertex -18.139736 -12.016999 6.1996217
 endloop
endfacet
facet normal -0.9994411 0.033428874 0
 outer loop
  vertex -6.339153 4.7592664 4.930848
  vertex -6.339153 4.7592664 -10.37643
  vertex -6.3634644 4.032411 -10.37643
 endloop
endfacet
facet normal -0.999441 0.033428874 0
 outer loop
  vertex -6.339153 4.7592664 4.930848
  vertex -6.3634644 4.032411 -10.37643
  vertex -6.3634644 4.032411 8.35694
 endloop
endfacet
facet normal -0.9994411 0.033428825 -1.1185632e-08
 outer loop
  vertex -6.339153 4.7592664 4.930848
  vertex -6.3634644 4.032411 8.35694
  vertex -5.47959 30.458122 8.35694
 endloop
endfacet
facet normal -0.999441 0.03342888 -5.761386e-07
 outer loop
  vertex -6.339153 4.7592664 4.930848
  vertex -5.47959 30.458122 8.35694
  vertex -6.1453424 10.5537195 4.930848
 endloop
endfacet
facet normal -0.999441 0.033428784 6.348081e-08
 outer loop
  vertex -6.1453424 10.5537195 4.930848
  vertex -5.47959 30.458122 8.35694
  vertex -5.7289586 23.002607 1.0389432
 endloop
endfacet
facet normal -0.99944115 0.033428825 1.6267553e-07
 outer loop
  vertex -6.1453424 10.5537195 4.930848
  vertex -5.7289586 23.002607 1.0389432
  vertex -6.0310845 13.969771 1.0389432
 endloop
endfacet
facet normal -0.99944115 0.033428855 0
 outer loop
  vertex -5.7289586 23.002607 1.0389432
  vertex -5.47959 30.458122 8.35694
  vertex -5.47959 30.458122 -10.37643
 endloop
endfacet
facet normal -0.99944115 0.03342885 0
 outer loop
  vertex -5.7289586 23.002607 1.0389432
  vertex -5.47959 30.458122 -10.37643
  vertex -5.7289586 23.002607 -4.246204
 endloop
endfacet
facet normal -0.99944115 0.0334288 -6.24916e-08
 outer loop
  vertex -5.7289586 23.002607 -4.246204
  vertex -5.47959 30.458122 -10.37643
  vertex -6.1453424 10.5537195 -10.37643
 endloop
endfacet
facet normal -0.99944115 0.03342882 -9.682315e-08
 outer loop
  vertex -5.7289586 23.002607 -4.246204
  vertex -6.1453424 10.5537195 -10.37643
  vertex -6.0310845 13.96977 -4.246204
 endloop
endfacet
facet normal -0.99944115 0.033428647 0
 outer loop
  vertex -6.0310845 13.96977 -4.246204
  vertex -6.1453424 10.5537195 -10.37643
  vertex -6.1453424 10.5537195 4.930848
 endloop
endfacet
facet normal -0.99944115 0.03342863 -6.5991155e-09
 outer loop
  vertex -6.0310845 13.96977 -4.246204
  vertex -6.1453424 10.5537195 4.930848
  vertex -6.0310845 13.969771 1.0389432
 endloop
endfacet
facet normal 0.99944097 -0.033431076 0
 outer loop
  vertex -24.376734 12.683275 -7.012609
  vertex -24.376734 12.683275 -10.37643
  vertex -24.3652 13.028083 -10.37643
 endloop
endfacet
facet normal 0.9994411 -0.03343108 0
 outer loop
  vertex -24.376734 12.683275 -7.012609
  vertex -24.3652 13.028083 -10.37643
  vertex -24.3652 13.028083 -3.9185998
 endloop
endfacet
facet normal 0.99944115 -0.03342591 0
 outer loop
  vertex -23.99776 24.013609 -3.9185998
  vertex -23.99776 24.013609 -10.37643
  vertex -23.989944 24.247318 -10.37643
 endloop
endfacet
facet normal 0.9994412 -0.03342591 0
 outer loop
  vertex -23.99776 24.013609 -3.9185998
  vertex -23.989944 24.247318 -10.37643
  vertex -23.989944 24.247318 -4.927028
 endloop
endfacet
facet normal 0.9994411 -0.03342891 0
 outer loop
  vertex -23.989944 24.247318 -4.927028
  vertex -23.761755 31.069614 -4.927028
  vertex -23.761755 31.069614 8.35694
 endloop
endfacet
facet normal 0.99944115 -0.03342795 -4.773161e-07
 outer loop
  vertex -23.989944 24.247318 -4.927028
  vertex -23.761755 31.069614 8.35694
  vertex -23.99776 24.013609 -3.9185998
 endloop
endfacet
facet normal 0.99944115 -0.033428844 1.9098682e-08
 outer loop
  vertex -23.99776 24.013609 -3.9185998
  vertex -23.761755 31.069614 8.35694
  vertex -24.64563 4.643905 8.35694
 endloop
endfacet
facet normal 0.9994411 -0.033429235 -6.0377914e-07
 outer loop
  vertex -23.99776 24.013609 -3.9185998
  vertex -24.64563 4.643905 8.35694
  vertex -24.509262 8.720982 5.080347
 endloop
endfacet
facet normal 0.99944115 -0.033428755 0
 outer loop
  vertex -24.64563 4.643905 5.080347
  vertex -24.509262 8.720982 5.080347
  vertex -24.64563 4.643905 8.35694
 endloop
endfacet
facet normal 0.9994411 -0.03342889 -9.641504e-09
 outer loop
  vertex -23.99776 24.013609 -3.9185998
  vertex -24.509262 8.720982 5.080347
  vertex -24.3652 13.028083 -3.9185998
 endloop
endfacet
facet normal 0.9994411 -0.033429053 0
 outer loop
  vertex -24.509262 8.720982 5.080347
  vertex -24.509262 8.720982 -10.37643
  vertex -24.471392 9.853208 -10.37643
 endloop
endfacet
facet normal 0.9994411 -0.033429053 0
 outer loop
  vertex -24.509262 8.720982 5.080347
  vertex -24.471392 9.853208 -10.37643
  vertex -24.471392 9.853208 -7.012609
 endloop
endfacet
facet normal 0.999441 -0.033428524 -2.844625e-07
 outer loop
  vertex -24.471392 9.853208 -7.012609
  vertex -24.376734 12.683275 -7.012609
  vertex -24.3652 13.028083 -3.9185998
 endloop
endfacet
facet normal 0.9994411 -0.033428825 2.132791e-08
 outer loop
  vertex -24.471392 9.853208 -7.012609
  vertex -24.3652 13.028083 -3.9185998
  vertex -24.509262 8.720982 5.080347
 endloop
endfacet
facet normal -0.033429064 -0.9994411 -0
 outer loop
  vertex 12.376787 23.727343 -10.37643
  vertex 14.808264 23.646015 -10.37643
  vertex 14.808264 23.646015 10.418196
 endloop
endfacet
facet normal -0.03342903 -0.99944115 -4.537862e-09
 outer loop
  vertex 12.376787 23.727343 -10.37643
  vertex 14.808264 23.646015 10.418196
  vertex 12.376785 23.727343 4.4708934
 endloop
endfacet
facet normal -0.033428866 -0.99944115 -7.002352e-08
 outer loop
  vertex 12.376785 23.727343 4.4708934
  vertex 14.808264 23.646015 10.418196
  vertex -4.6458874 24.29671 10.418196
 endloop
endfacet
facet normal -0.033428926 -0.9994411 -2.358825e-07
 outer loop
  vertex 12.376785 23.727343 4.4708934
  vertex -4.6458874 24.29671 10.418196
  vertex 1.336128 24.096626 4.4708934
 endloop
endfacet
facet normal -0.033428695 -0.99944115 0
 outer loop
  vertex 1.336128 24.096626 4.4708934
  vertex -4.6458874 24.29671 10.418196
  vertex -4.6458874 24.29671 -10.37643
 endloop
endfacet
facet normal -0.03342869 -0.9994411 0
 outer loop
  vertex 1.336128 24.096626 4.4708934
  vertex -4.6458874 24.29671 -10.37643
  vertex 1.336128 24.096626 -10.37643
 endloop
endfacet
facet normal -0 0 1
 outer loop
  vertex 5.61602 5.74898 -10.37643
  vertex 5.6908393 7.9858828 -10.37643
  vertex 4.5398593 5.7849746 -10.37643
 endloop
endfacet
facet normal 0 -0 1
 outer loop
  vertex 13.186483 7.7351713 -10.37643
  vertex 13.111664 5.4982686 -10.37643
  vertex 14.2000475 5.461865 -10.37643
 endloop
endfacet
facet normal 0 0 1
 outer loop
  vertex 13.186483 7.7351713 -10.37643
  vertex 14.2000475 5.461865 -10.37643
  vertex 14.340887 9.672624 -10.37643
 endloop
endfacet
facet normal 0 0 1
 outer loop
  vertex 13.186483 7.7351713 -10.37643
  vertex 14.340887 9.672624 -10.37643
  vertex 8.816196 9.857411 -10.37643
 endloop
endfacet
facet normal -0 0 1
 outer loop
  vertex 13.186483 7.7351713 -10.37643
  vertex 8.816196 9.857411 -10.37643
  vertex 5.6908393 7.9858828 -10.37643
 endloop
endfacet
facet normal 0 0 1
 outer loop
  vertex 9.2148 21.774666 -10.37643
  vertex 14.7394905 21.589878 -10.37643
  vertex 14.808264 23.646015 -10.37643
 endloop
endfacet
facet normal 0 0 1
 outer loop
  vertex 9.2148 21.774666 -10.37643
  vertex 14.808264 23.646015 -10.37643
  vertex 12.376787 23.727343 -10.37643
 endloop
endfacet
facet normal -0 0 1
 outer loop
  vertex 1.336128 24.096626 -10.37643
  vertex -4.6458874 24.29671 -10.37643
  vertex -5.1067185 10.51898 -10.37643
 endloop
endfacet
facet normal 0 -0 1
 outer loop
  vertex 1.336128 24.096626 -10.37643
  vertex -5.1067185 10.51898 -10.37643
  vertex 12.376787 23.727343 -10.37643
 endloop
endfacet
facet normal -0 0 1
 outer loop
  vertex -5.47959 30.458122 -10.37643
  vertex -20.36665 30.956057 -10.37643
  vertex -20.435184 28.907043 -10.37643
 endloop
endfacet
facet normal 0 -0 1
 outer loop
  vertex -5.47959 30.458122 -10.37643
  vertex -20.435184 28.907043 -10.37643
  vertex -17.862963 28.821009 -10.37643
 endloop
endfacet
facet normal -0 0 1
 outer loop
  vertex -17.974888 25.474707 -10.37643
  vertex -20.54711 25.560741 -10.37643
  vertex -20.59484 24.13376 -10.37643
 endloop
endfacet
facet normal 0 -0 1
 outer loop
  vertex -17.974888 25.474707 -10.37643
  vertex -20.59484 24.13376 -10.37643
  vertex -9.898406 23.54202 -10.37643
 endloop
endfacet
facet normal -0 0 1
 outer loop
  vertex -20.59484 24.13376 -10.37643
  vertex -23.989944 24.247318 -10.37643
  vertex -23.99776 24.013609 -10.37643
 endloop
endfacet
facet normal 0 -0 1
 outer loop
  vertex -20.59484 24.13376 -10.37643
  vertex -23.99776 24.013609 -10.37643
  vertex -9.898406 23.54202 -10.37643
 endloop
endfacet
facet normal -0 0 1
 outer loop
  vertex -10.265845 12.556494 -10.37643
  vertex -24.3652 13.028083 -10.37643
  vertex -24.376734 12.683275 -10.37643
 endloop
endfacet
facet normal -0 -0 1
 outer loop
  vertex -10.265845 12.556494 -10.37643
  vertex -24.376734 12.683275 -10.37643
  vertex -21.65502 12.59224 -10.37643
 endloop
endfacet
facet normal -0 0 1
 outer loop
  vertex -21.749678 9.762173 -10.37643
  vertex -24.471392 9.853208 -10.37643
  vertex -24.509262 8.720982 -10.37643
 endloop
endfacet
facet normal 0 -0 1
 outer loop
  vertex -21.749678 9.762173 -10.37643
  vertex -24.509262 8.720982 -10.37643
  vertex -14.6225195 8.390295 -10.37643
 endloop
endfacet
facet normal 0 -0 1
 outer loop
  vertex -14.6225195 8.390295 -10.37643
  vertex -14.758888 4.3132176 -10.37643
  vertex -6.3634644 4.032411 -10.37643
 endloop
endfacet
facet normal 0 0 1
 outer loop
  vertex -14.6225195 8.390295 -10.37643
  vertex -6.3634644 4.032411 -10.37643
  vertex -6.339153 4.7592664 -10.37643
 endloop
endfacet
facet normal 0 -0 1
 outer loop
  vertex -7.6481023 -0.64846325 -10.37643
  vertex -7.7464075 -3.587543 -10.37643
  vertex -5.482665 -0.7208919 -10.37643
 endloop
endfacet
facet normal 0 0 1
 outer loop
  vertex -11.995521 -3.4454205 -10.37643
  vertex -11.897216 -0.5063408 -10.37643
  vertex -14.133538 -0.43154123 -10.37643
 endloop
endfacet
facet normal -0 0 1
 outer loop
  vertex -11.995521 -3.4454205 -10.37643
  vertex -14.133538 -0.43154123 -10.37643
  vertex -15.8588295 -10.450949 -10.37643
 endloop
endfacet
facet normal 0 0 1
 outer loop
  vertex -14.133538 -0.43154123 -10.37643
  vertex -14.014075 3.140105 -10.37643
  vertex -15.402689 3.1865506 -10.37643
 endloop
endfacet
facet normal -0 0 1
 outer loop
  vertex -14.133538 -0.43154123 -10.37643
  vertex -15.402689 3.1865506 -10.37643
  vertex -15.8588295 -10.450949 -10.37643
 endloop
endfacet
facet normal -0 0 1
 outer loop
  vertex -15.8588295 -10.450949 -10.37643
  vertex -25.062462 -10.143109 -10.37643
  vertex -25.071108 -10.401577 -10.37643
 endloop
endfacet
facet normal -0 -0 1
 outer loop
  vertex -15.8588295 -10.450949 -10.37643
  vertex -25.071108 -10.401577 -10.37643
  vertex -7.094152 -11.002863 -10.37643
 endloop
endfacet
facet normal 0 -0 1
 outer loop
  vertex -11.995521 -3.4454205 -10.37643
  vertex -15.8588295 -10.450949 -10.37643
  vertex -7.094152 -11.002863 -10.37643
 endloop
endfacet
facet normal 0 0 1
 outer loop
  vertex -11.995521 -3.4454205 -10.37643
  vertex -7.094152 -11.002863 -10.37643
  vertex -7.7464075 -3.587543 -10.37643
 endloop
endfacet
facet normal 0 0 1
 outer loop
  vertex -8.27075 -12.613704 -10.37643
  vertex -8.261843 -12.34739 -10.37643
  vertex -18.139736 -12.016999 -10.37643
 endloop
endfacet
facet normal 0 -0 1
 outer loop
  vertex -18.139736 -12.016999 -10.37643
  vertex -18.444157 -21.118435 -10.37643
  vertex -17.384552 -21.153875 -10.37643
 endloop
endfacet
facet normal 0 0 1
 outer loop
  vertex -18.139736 -12.016999 -10.37643
  vertex -17.384552 -21.153875 -10.37643
  vertex -17.243889 -16.94838 -10.37643
 endloop
endfacet
facet normal 0 -0 1
 outer loop
  vertex -14.395154 -17.043663 -10.37643
  vertex -14.535817 -21.249159 -10.37643
  vertex -13.414786 -21.286655 -10.37643
 endloop
endfacet
facet normal 0 0 1
 outer loop
  vertex -14.395154 -17.043663 -10.37643
  vertex -13.414786 -21.286655 -10.37643
  vertex -13.295531 -17.721216 -10.37643
 endloop
endfacet
facet normal -0 0 1
 outer loop
  vertex -8.447007 -17.883387 -10.37643
  vertex -8.432684 -17.455149 -10.37643
  vertex -13.295531 -17.721216 -10.37643
 endloop
endfacet
facet normal 0 0 1
 outer loop
  vertex -7.3316813 -18.104446 -10.37643
  vertex -5.3240366 -18.171598 -10.37643
  vertex -7.3112183 -17.492659 -10.37643
 endloop
endfacet
facet normal 0 -0 1
 outer loop
  vertex -5.3240366 -18.171598 -10.37643
  vertex -5.4522986 -22.006325 -10.37643
  vertex 2.5725915 -22.274736 -10.37643
 endloop
endfacet
facet normal 0 0 1
 outer loop
  vertex -5.3240366 -18.171598 -10.37643
  vertex 2.5725915 -22.274736 -10.37643
  vertex 2.7091148 -18.193024 -10.37643
 endloop
endfacet
facet normal 0 0 1
 outer loop
  vertex 2.7091148 -18.193024 -10.37643
  vertex 8.793134 -18.39652 -10.37643
  vertex 9.117668 -8.693748 -10.37643
 endloop
endfacet
facet normal 0 0 1
 outer loop
  vertex 2.7091148 -18.193024 -10.37643
  vertex 9.117668 -8.693748 -10.37643
  vertex 9.044021 -8.398211 -10.37643
 endloop
endfacet
facet normal 0 0 1
 outer loop
  vertex 9.117668 -8.693748 -10.37643
  vertex 13.721427 -8.8477335 -10.37643
  vertex 13.731218 -8.554986 -10.37643
 endloop
endfacet
facet normal 0 0 1
 outer loop
  vertex 9.117668 -8.693748 -10.37643
  vertex 13.731218 -8.554986 -10.37643
  vertex 9.044021 -8.398211 -10.37643
 endloop
endfacet
facet normal 0 0 1
 outer loop
  vertex 13.868505 -4.4504704 -10.37643
  vertex 14.014663 -0.08069277 -10.37643
  vertex 12.926279 -0.044288993 -10.37643
 endloop
endfacet
facet normal -0 0 1
 outer loop
  vertex 13.868505 -4.4504704 -10.37643
  vertex 12.926279 -0.044288993 -10.37643
  vertex 12.831111 -2.8895867 -10.37643
 endloop
endfacet
facet normal 0 0 1
 outer loop
  vertex 9.181307 -4.2936954 -10.37643
  vertex 13.868505 -4.4504704 -10.37643
  vertex 12.831111 -2.8895867 -10.37643
 endloop
endfacet
facet normal 0 0 1
 outer loop
  vertex 9.181307 -4.2936954 -10.37643
  vertex 12.831111 -2.8895867 -10.37643
  vertex 5.335467 -2.6388757 -10.37643
 endloop
endfacet
facet normal -0 -0 1
 outer loop
  vertex 5.430635 0.20642203 -10.37643
  vertex 4.354474 0.242417 -10.37643
  vertex 5.335467 -2.6388757 -10.37643
 endloop
endfacet
facet normal -0 0 1
 outer loop
  vertex -10.265845 12.556494 -10.37643
  vertex -21.65502 12.59224 -10.37643
  vertex -21.749678 9.762173 -10.37643
 endloop
endfacet
facet normal 0 -0 1
 outer loop
  vertex -10.265845 12.556494 -10.37643
  vertex -21.749678 9.762173 -10.37643
  vertex -14.6225195 8.390295 -10.37643
 endloop
endfacet
facet normal 0 -0 1
 outer loop
  vertex -10.265845 12.556494 -10.37643
  vertex -14.6225195 8.390295 -10.37643
  vertex -6.339153 4.7592664 -10.37643
 endloop
endfacet
facet normal 0 0 1
 outer loop
  vertex -10.265845 12.556494 -10.37643
  vertex -6.339153 4.7592664 -10.37643
  vertex -6.1453424 10.5537195 -10.37643
 endloop
endfacet
facet normal 0 0 1
 outer loop
  vertex -5.47959 30.458122 -10.37643
  vertex -17.862963 28.821009 -10.37643
  vertex -17.974888 25.474707 -10.37643
 endloop
endfacet
facet normal 0 -0 1
 outer loop
  vertex -5.47959 30.458122 -10.37643
  vertex -17.974888 25.474707 -10.37643
  vertex -9.898406 23.54202 -10.37643
 endloop
endfacet
facet normal -0 0 1
 outer loop
  vertex -6.1453424 10.5537195 -10.37643
  vertex -5.47959 30.458122 -10.37643
  vertex -9.898406 23.54202 -10.37643
 endloop
endfacet
facet normal -0 0 1
 outer loop
  vertex -6.1453424 10.5537195 -10.37643
  vertex -9.898406 23.54202 -10.37643
  vertex -10.265845 12.556494 -10.37643
 endloop
endfacet
facet normal -0 0 1
 outer loop
  vertex -5.1067185 10.51898 -10.37643
  vertex -6.1453424 10.5537195 -10.37643
  vertex -6.339153 4.7592664 -10.37643
 endloop
endfacet
facet normal 0 -0 1
 outer loop
  vertex -5.1067185 10.51898 -10.37643
  vertex -6.339153 4.7592664 -10.37643
  vertex -5.300529 4.724527 -10.37643
 endloop
endfacet
facet normal -0 0 -1
 outer loop
  vertex 9.2148 21.774666 -10.37643
  vertex 12.376787 23.727343 -10.37643
  vertex 8.816196 9.857411 -10.37643
 endloop
endfacet
facet normal 0 -0 1
 outer loop
  vertex 12.376787 23.727343 -10.37643
  vertex -5.1067185 10.51898 -10.37643
  vertex 8.816196 9.857411 -10.37643
 endloop
endfacet
facet normal -0 -0 1
 outer loop
  vertex 8.816196 9.857411 -10.37643
  vertex -5.1067185 10.51898 -10.37643
  vertex 5.6908393 7.9858828 -10.37643
 endloop
endfacet
facet normal 0 0 1
 outer loop
  vertex 4.5398593 5.7849746 -10.37643
  vertex 5.6908393 7.9858828 -10.37643
  vertex -5.1067185 10.51898 -10.37643
 endloop
endfacet
facet normal -0 0 1
 outer loop
  vertex 4.5398593 5.7849746 -10.37643
  vertex -5.1067185 10.51898 -10.37643
  vertex -5.300529 4.724527 -10.37643
 endloop
endfacet
facet normal -0 0 1
 outer loop
  vertex 4.354474 0.242417 -10.37643
  vertex 4.5398593 5.7849746 -10.37643
  vertex -5.300529 4.724527 -10.37643
 endloop
endfacet
facet normal -0 0 1
 outer loop
  vertex 4.354474 0.242417 -10.37643
  vertex -5.300529 4.724527 -10.37643
  vertex -5.482665 -0.7208919 -10.37643
 endloop
endfacet
facet normal -0 0 1
 outer loop
  vertex 5.335467 -2.6388757 -10.37643
  vertex 4.354474 0.242417 -10.37643
  vertex -5.482665 -0.7208919 -10.37643
 endloop
endfacet
facet normal -0 0 1
 outer loop
  vertex 5.335467 -2.6388757 -10.37643
  vertex -5.482665 -0.7208919 -10.37643
  vertex -7.7464075 -3.587543 -10.37643
 endloop
endfacet
facet normal -0 -0 1
 outer loop
  vertex 9.181307 -4.2936954 -10.37643
  vertex 5.335467 -2.6388757 -10.37643
  vertex 9.044021 -8.398211 -10.37643
 endloop
endfacet
facet normal 0 -0 1
 outer loop
  vertex 5.335467 -2.6388757 -10.37643
  vertex -7.7464075 -3.587543 -10.37643
  vertex -7.094152 -11.002863 -10.37643
 endloop
endfacet
facet normal 0 -0 1
 outer loop
  vertex 5.335467 -2.6388757 -10.37643
  vertex -7.094152 -11.002863 -10.37643
  vertex 9.044021 -8.398211 -10.37643
 endloop
endfacet
facet normal -0 0 1
 outer loop
  vertex 2.7091148 -18.193024 -10.37643
  vertex 9.044021 -8.398211 -10.37643
  vertex -7.094152 -11.002863 -10.37643
 endloop
endfacet
facet normal -0 -0 1
 outer loop
  vertex 2.7091148 -18.193024 -10.37643
  vertex -7.094152 -11.002863 -10.37643
  vertex -5.3240366 -18.171598 -10.37643
 endloop
endfacet
facet normal -0 0 1
 outer loop
  vertex -5.3240366 -18.171598 -10.37643
  vertex -7.094152 -11.002863 -10.37643
  vertex -7.1492853 -12.651215 -10.37643
 endloop
endfacet
facet normal -0 0 1
 outer loop
  vertex -5.3240366 -18.171598 -10.37643
  vertex -7.1492853 -12.651215 -10.37643
  vertex -7.3112183 -17.492659 -10.37643
 endloop
endfacet
facet normal 0 0 1
 outer loop
  vertex -7.3112183 -17.492659 -10.37643
  vertex -7.1492853 -12.651215 -10.37643
  vertex -8.27075 -12.613704 -10.37643
 endloop
endfacet
facet normal -0 0 1
 outer loop
  vertex -7.3112183 -17.492659 -10.37643
  vertex -8.27075 -12.613704 -10.37643
  vertex -8.432684 -17.455149 -10.37643
 endloop
endfacet
facet normal 0 0 1
 outer loop
  vertex -13.295531 -17.721216 -10.37643
  vertex -8.432684 -17.455149 -10.37643
  vertex -8.27075 -12.613704 -10.37643
 endloop
endfacet
facet normal -0 0 1
 outer loop
  vertex -13.295531 -17.721216 -10.37643
  vertex -8.27075 -12.613704 -10.37643
  vertex -14.395154 -17.043663 -10.37643
 endloop
endfacet
facet normal -0 0 1
 outer loop
  vertex -14.395154 -17.043663 -10.37643
  vertex -8.27075 -12.613704 -10.37643
  vertex -17.243889 -16.94838 -10.37643
 endloop
endfacet
facet normal -0 -0 1
 outer loop
  vertex -8.27075 -12.613704 -10.37643
  vertex -18.139736 -12.016999 -10.37643
  vertex -17.243889 -16.94838 -10.37643
 endloop
endfacet
facet normal 0.033428922 0.9994411 0
 outer loop
  vertex 1.4335405 27.00902 -10.37643
  vertex 1.4335405 27.00902 4.4708934
  vertex 12.474197 26.639736 4.4708934
 endloop
endfacet
facet normal 0.033428922 0.9994411 -0
 outer loop
  vertex 1.4335405 27.00902 -10.37643
  vertex 12.474197 26.639736 4.4708934
  vertex 12.474197 26.639736 -10.37643
 endloop
endfacet
facet normal 0 0 0
 outer loop
  vertex 1.336128 24.096626 -10.37643
  vertex 1.336128 24.096626 4.4708934
  vertex 1.336128 24.096626 4.4708934
 endloop
endfacet
endsolid 
